2eff24ef27caba56574d148492f5e026c99fbd3229556c0ee3fc1943fdbc26f8	日本語 素材/カメラ A・本番 テイク01.mov
e2fe8b2245f1a429f6776a1d5a3a478a0edf4d974ea9b6995eab60596c10581e	日本語 素材/深い/L01/L02/L03/L04/L05/L06/L07/L08/L09/L10/very-long-file-name-for-path-depth-boundary-0123456789abcdefghijklmnopqrstuvwxyz.bin
e8ba0b5fd2fd0af8a1c4028e5534ba291a92055be0effcf51a55a484abe19b1b	DCIM/A001/A001_C001_000001.mov
7897a2571bb19b5e7d7c77caa8a4bcd2cdee6df65b18db06f5ab2de367dddbc0	DCIM/A001/A002_C4251_004251.braw
94ebf535c995aa21a55c913dd404aecdb88b4aa428efbef49e624e806e9f4b25	DCIM/A001/A002_C4253_004253.braw
2c53742a5ac782a5cc1ae9fcf7509e481e9216a4022310f579f8825dc27b6618	DCIM/A001/A002_C4255_004255.braw
561d8885b3fc127cea8f993ae1ebafe87e282e0df6f8b7cfd563b49f036640f2	DCIM/A001/A002_C4257_004257.braw
17bbb8607c11deeac4ab4f53678746618d031b569ee142084312aa6e34758fb1	DCIM/A001/A002_C4259_004259.braw
35be7668d9f63fd861a69031f646aaae174ae66e592f5513f3e31a3c4738a427	DCIM/A001/A002_C4261_004261.braw
a7a767aa195a5381a6ed4ad401d1ed73618fddba1e1d5285c98eb5a9f05654df	DCIM/A001/A002_C4263_004263.braw
be7280eb0aa413f5f325a85b22b18322c6405f5de8b30c4e4026ddc38f6b7906	DCIM/A001/A002_C4265_004265.braw
3207b73c932a06501307580459c3e015c4a16973b5187893e8e0d125f963a2e3	DCIM/A001/A002_C4267_004267.braw
8f6b20e0b91a3bba9dc89f74a19f14bea96d1c86ede8ec02b36fc7ccbc72ed0e	DCIM/A001/A002_C4269_004269.braw
fc78b03e0be6e813a4f6094fd852766a3e4a7c95485288ddbeb0a7a7b21e0af4	DCIM/A001/A002_C4271_004271.braw
dd4432dfbf726cac07e3febcecffa25bb90eab45f1829fb75b23e5e97cf43731	DCIM/A001/A002_C4273_004273.braw
bd8b3ca6d553c39c36a22e9cb297bc50c1011eaa670f64860868a45f64f246a1	DCIM/A001/A002_C4275_004275.braw
4a2d14260a7ec47489544475a785dc769671513a1d6465bb04e6765e4d3a1009	DCIM/A001/A002_C4277_004277.braw
0c9e14db961cef5392d9a8ca1c27ed638204c051fe5929968f3903942b5f9aa4	DCIM/A001/A002_C4279_004279.braw
157e2aaef24290f6554dc0cbb48014fa79e62a903731dbaf05fdf9aca9037554	DCIM/A001/A002_C4281_004281.braw
85aea8384cf73dcfd97f08913057c6c79c0c6d3ccef64c7d91ed3aa548cd2d13	DCIM/A001/A002_C4283_004283.braw
48578a0396ff7bbceefd3145afc3a7c14861d37eb65793826d7da1926a6af849	DCIM/A001/A002_C4285_004285.braw
3c35adf976cf0c37c01c751a717c06745a881eb183d201f316622d691b61399c	DCIM/A001/A002_C4287_004287.braw
5cf2a567ac6798fb18b527c198365fa2af6a2c727ab18f7fe7f4d06a7605273a	DCIM/A001/A002_C4289_004289.braw
536e0cb2f2257126de6e1c5d512efcf521175faff59a42ccb30f781f7caf1c3c	DCIM/A001/A002_C4291_004291.braw
b9ccd5f2da2def204243be1cf4f9b12cfc61c2925fc989322e6a53d02b46ec4d	DCIM/A001/A002_C4293_004293.braw
aa2acf0c12f7dbb68bfa6588196c538c9bd6d971a3d7b69e32cdc80abc5175ba	DCIM/A001/A002_C4295_004295.braw
920b20fe36b357ffbf51c9d18d21720f5b342db084884fa13f9e24a1da138446	DCIM/A001/A002_C4297_004297.braw
2c0f72c168ffb80a037f7d815a82bc40542947ca32bd58294db511d9593e2a9b	DCIM/A001/A002_C4299_004299.braw
d935c6da93ea512f9cd0594cd97071c54e816997fe131b5524d0c4924d9b65dd	DCIM/A001/A002_C4301_004301.braw
76a3622a58f43f22df43d98cb814f2d63dc4c7705e747d6d0a135f99c528e935	DCIM/A001/A002_C4303_004303.braw
55ed6e371b674167669c4330e3eeec39bb1a18636a3c18e2610c245a5dc0611b	DCIM/A001/A002_C4305_004305.braw
07f708802a30de2f427444612e0e0fe04b3f898c2e26519d3d36dbf4734aa4df	DCIM/A001/A002_C4307_004307.braw
07d405abe4861457b6a69fdb8e84c1a7bf66be7cbc0b5b0331e607652e2b63d2	DCIM/A001/A002_C4309_004309.braw
8ee31b8c7bdee73384f35daff1b7ba4e7f8eebdf35213488b37110b4844a825b	DCIM/A001/A002_C4311_004311.braw
2c9feec7b21e70196c8c9479de7d6580a312132ff5c1acd0e29328cdbba1fdb6	DCIM/A001/A002_C4313_004313.braw
71e97c9ce6f93ddef5e80aea6ef80ae9d6186d914e543f77c797347b1c230488	DCIM/A001/A002_C4315_004315.braw
d7f83447910fc7ca04a4974d000b488ef4d21a54de179bc0e434eb2d46a0c7a0	DCIM/A001/A002_C4317_004317.braw
e32f1290d8a132945da8316dbcd55a0f3a1bc65b8573d9e9c8573244f410d208	DCIM/A001/A002_C4319_004319.braw
153b4bf5ccd2733155c8f597e740b4ef3c947f8add72bbf831c5f5cd95de2eda	DCIM/A001/A002_C4321_004321.braw
f61b6a0370203044b2eba2e5e81e8baad99e745cab84ef7fe0915df76e58bb76	DCIM/A001/A002_C4323_004323.braw
16dfd33970a2580f6629caee7924f0126604f8a46a577e49f50cabefd89e8a55	DCIM/A001/A002_C4325_004325.braw
a3d0e53f6d4264c5da52bcd7bc5761f28e78bbab3157860d84cd54e48d973342	DCIM/A001/A002_C4327_004327.braw
e5fb8e43b2d8429879d040689f73176a76038fbf60290f71481ba4352a418872	DCIM/A001/A002_C4329_004329.braw
ffe63923dd0cb336601897fa71a7e13dfd8d7533f3783c3c34b7b35b5391a77e	DCIM/A001/A002_C4331_004331.braw
5ca50d06cd3afdf3c7192aa91ca73012198f9bcc76a38bfe6e018cceba80bf5e	DCIM/A001/A002_C4333_004333.braw
8441de8eb1c728d1c6a24047f1fb09f2c1bbec884b5fd48b0c1085867f05397f	DCIM/A001/A002_C4335_004335.braw
73ea5b559ff948a4b9a3cb4e3987878383671bc6c008288900d02232b5860650	DCIM/A001/A002_C4337_004337.braw
81d7db8415cea59019fa15c76eff7f4ceeddf8c4bfc4f088b3909eacbcb7eafd	DCIM/A001/A002_C4339_004339.braw
7d65804f788176399100e83a9fc894fd0a676261bf1bee700fc3a3f7f5b060c1	DCIM/A001/A002_C4341_004341.braw
c11b2c3e93237c1fb677a32717aa2b6cb89bbe7e7e6d4a1c200b9952e3989f23	DCIM/A001/A002_C4343_004343.braw
b72974237a6bab7649c601c631cfdfbaef982ee22610e3f57f1301478c0ee4ef	DCIM/A001/A002_C4345_004345.braw
b41908a76fa0aa6f52d41063ac438c0a5b8f6c0b4ea4cc10819ab21bce4250ff	DCIM/A001/A002_C4347_004347.braw
2a42fb3d6e817a10f2d73f13c75a383cd9b5da12e03584405aba05272de3e9e5	DCIM/A001/A002_C4349_004349.braw
4d5b9b71f8767677353401dcbb97eb07c1842d4d43bb0e8b6b5e945d5d7832b9	DCIM/A001/A002_C4351_004351.braw
a3f40d4d920035ea456aaa5b8e9ac09ae83d3131b9e52a743913a1c90cf22682	DCIM/A001/A002_C4353_004353.braw
1ac776a44aa8bc2b2ac5ba01e8261698dcdbce01787f3650b29673cc9d731d71	DCIM/A001/A002_C4355_004355.braw
179acc09c3d1a542c7a5db2cbf9c1c6d9da66d09fdda19c1502bf4d8b8aa2870	DCIM/A001/A002_C4357_004357.braw
21f6ba9ab919a50e3b053d44adb24aef9d3a8d98ad199c0a3a3bbcf288ea1a88	DCIM/A001/A002_C4359_004359.braw
28af043cc3d269f3adb54a23b4830ced110f6de462b845423b3e45ad632acf46	DCIM/A001/A002_C4361_004361.braw
6313610fbc0d128588abae169f4c64bec551709c3d89b6668ff9acd3ca294f9b	DCIM/A001/A002_C4363_004363.braw
c239daa6940ae04949b24a8253c4e49980eb8056e19a38a38b5edf25cb552979	DCIM/A001/A002_C4365_004365.braw
5c9ce027a6e0e2925a3c827fa2f35e3e37a7175f170bf2a5cea770a7d62666e4	DCIM/A001/A002_C4367_004367.braw
67362e3e6f36da5daefb0e02f52b9e6eceb6a1eff7ed2e9bd6a5f2768d3f8833	DCIM/A001/A002_C4369_004369.braw
9b4e95eb70f420584b0696ad7f6d32f237b6f61ca9642e9554449647effd9a5a	DCIM/A001/A002_C4371_004371.braw
fd31b52e07583ace3741ed540e8cf5d978c42658814a72bf8887ec34d9e82f92	DCIM/A001/A002_C4373_004373.braw
774b61a3185d69d1b33c03ec0ca547cc9cb7eeaf4cfff11208bd910603ea4f27	DCIM/A001/A002_C4375_004375.braw
73ca2cb54b631e433c726be7b5844909255875152a4af7f20cc4ce0268ef1283	DCIM/A001/A002_C4377_004377.braw
17cc6bc2291bb145ca74bae73b4fedf4667838ef51b1b67c8c7bed4a81ed70a7	DCIM/A001/A002_C4379_004379.braw
b73da15b7e35ba418d23f12009d8087bc376d1361f8c5da0f094dd9d8bac1ba8	DCIM/A001/A002_C4381_004381.braw
772d57cc17ee1caca0a84b98c4a7198c06fb0b03f9f8382957cc3abfd0c53574	DCIM/A001/A002_C4383_004383.braw
5dea5166abbb962f38ce668c567c3f08665436b2e0583c245eb9a4d47621342e	DCIM/A001/A002_C4385_004385.braw
93c7c852c78653edc8f6891880a272b472719370fb7f5a1174fec2f99087a2af	DCIM/A001/A002_C4387_004387.braw
21c63b5bb4aadc827862b40eed354f89143db10106fdea4da481866d41673722	DCIM/A001/A002_C4389_004389.braw
5a0044a86c7b104615c5d14d2ffae1e074c5c458acdcbeece9006cd5104a5a69	DCIM/A001/A002_C4391_004391.braw
51a1f10a7ecda81fd30ddf0b2c8e2883cf2130610e5b0f4030fb6a3ebf640d81	DCIM/A001/A002_C4393_004393.braw
a3789b77786edf7bad9fcc40a1a691a614fd5df70b67f4b8c2f66cb5f1cad4ae	DCIM/A001/A002_C4395_004395.braw
c774f2b0fd643215fccd4072053d222ff4e368402c16600ca32beaccc5a1a327	DCIM/A001/A002_C4397_004397.braw
fb60d699c1bc6d1d00a1e2a9b299a4a6188778ab5a33f20809445d620d229478	DCIM/A001/A002_C4399_004399.braw
1c4475febde9824183ccbefbcbfbede70f98b86ec88d214e4a036e9eb0d1b40b	DCIM/A001/A002_C4401_004401.braw
dc8ed989f7b9d704f07a426e9d6ef0ea6b9d21ad3f906870acbf2e2ea37f8682	DCIM/A001/A002_C4403_004403.braw
4b5a207dc4fe43acf27071ec627302429306b759fb5f7e74643877fcf634272d	DCIM/A001/A002_C4405_004405.braw
28eed4c4ad78406c95b95bdd1a802041218aec131aaabae1766f01845e961562	DCIM/A001/A002_C4407_004407.braw
43b38ad8ff0d0f5514053f90d1e64011f8feff5da52e84f634443cc7a40d7b50	DCIM/A001/A002_C4409_004409.braw
e3523ccc895b097f58ceb8f4fbd92864bf34eaf76b19de4164a215b3a124b59f	DCIM/A001/A002_C4411_004411.braw
7ec0ff5eaf9a2ac13ebaf703923c9783fa62d891495f8a3eccb46b300407dbb5	DCIM/A001/A002_C4413_004413.braw
20a485a4384af4b49cf5dbf293d45f2a0d5316ddef044c2a4fa81ead7e455b38	DCIM/A001/A002_C4415_004415.braw
8ed1946a56e8ba79b4f0b96e568247c83847b1fa4d02967e51d5964eb146e8cf	DCIM/A001/A002_C4417_004417.braw
d9abab714952df057fb6c9a9c3d024d5731963637687b1d1c3d9904860a14098	DCIM/A001/A002_C4419_004419.braw
565400664821974db42f5484d6fc57c51c2d3d41a29f802fdc003a2b179168d9	DCIM/A001/A002_C4421_004421.braw
ac15efeff4f2f2fd22cab20c26030fe161ee5a3a591ebbc4c1c6862c9ae3eec4	DCIM/A001/A002_C4423_004423.braw
202997339facf645e237f188e140b348034ca42d6d8c5dcf152bdaa7efd9b4f8	DCIM/A001/A002_C4425_004425.braw
218d10d2340f0f18c7b3f58f916cd044f696e092efb97100321a8596605b3e3f	DCIM/A001/A002_C4427_004427.braw
2b6038185e1eca217e3ba37cacf6b1163ca52c70462fd03935a1ec73e8dc3277	DCIM/A001/A002_C4429_004429.braw
dd33f4ae60e7de3fee6ecfd724253ac7ec8289a0e932b6f44967a32ca7009d43	DCIM/A001/A002_C4431_004431.braw
1b6ac7658e9b900860bb32b4da2c57e297c7906fb84bbab3fa065d8b3b70aa29	DCIM/A001/A002_C4433_004433.braw
ae386e6f26c7bde7297ceb8e5b4a03447a2359a8400bdf1dde63455e87021bd2	DCIM/A001/A002_C4435_004435.braw
5493170a6f94f2558d64c2d580836191b56186673bc04fd9a43e3e88173dfc5f	DCIM/A001/A002_C4437_004437.braw
f8c0217722dd4bc71cbb052bca83db6c0c0f61e8db3906dfabd03f1da49c8e86	DCIM/A001/A002_C4439_004439.braw
b51db03ada0abfb47211279b73fbbb0908615e435a919b0f6f52f926cdc7ec9e	DCIM/A001/A002_C4441_004441.braw
ee9f97780ea399058a391e2a564f23c324db208f98c1ac8ef4196c64152dd5ac	DCIM/A001/A002_C4443_004443.braw
17f549627c5e081f795a2aa1936ee553ef2bab32b9b5b3b04433971d1b7e0bf2	DCIM/A001/A002_C4445_004445.braw
7b8c88681894933b3ac79ed559adca3e14872b9d77eaea91c8831add72865887	DCIM/A001/A002_C4447_004447.braw
5fe4cf811c2a4becc847f3fbd99c88230784d6e2291fed24100d0d5bbe811292	DCIM/A001/A002_C4449_004449.braw
464ba761e4020ed6b91e8170522b7a393c61f28dc0d812b57becee7089182c80	DCIM/A001/A002_C4451_004451.braw
764caab1179b8c4c2c1cac93f91c7b93177b4573338820255a2b5b7f3f18df6e	DCIM/A001/A002_C4453_004453.braw
c37c79b11dfd6fa67de24841b0937753700af1294260092ca671ffce1eafb9dd	DCIM/A001/A002_C4455_004455.braw
69d41cd1b7510f3b9461ac623630a8311ff422bcf50034d4ec4008f0c0843b49	DCIM/A001/A002_C4457_004457.braw
fae5cf73e7136984f02ffdbf170018fee8b1949e04f8d6715d3d2c35750ab0bc	DCIM/A001/A002_C4459_004459.braw
f7cd05d389816c1813b2f07b47ff28301725f743c7c50b36a011265cc9393b5f	DCIM/A001/A002_C4461_004461.braw
256d417af86f6c8adc032a606b01bc5f277087e6cb46d1e81c04bc0bb92e125b	DCIM/A001/A002_C4463_004463.braw
13df5ac4bdb11a720db60497ab05bc291fd1899ed00ed64eff7047084441962b	DCIM/A001/A002_C4465_004465.braw
de84b2694294e52c0636ccfabae36e116faab589db9fc56b576e59ec4053d634	DCIM/A001/A002_C4467_004467.braw
cdbe17d84be3b9d3ca332c1a2429f0c2e6ee86f9eb8fe5d837d2d198ac69ba19	DCIM/A001/A002_C4469_004469.braw
444f342e06e42d5f2e63b8e60081fa39cf5f2234455d8b2561e5c5de30f0c59c	DCIM/A001/A002_C4471_004471.braw
47b03b5891d5dadb2eaf58a6075053f912506aa6f8c2f4498106da390434b130	DCIM/A001/A002_C4473_004473.braw
394e04bb77991ee8dd46d1cce7164f9417db307386c3d4460c4548d344ca7a51	DCIM/A001/A002_C4475_004475.braw
6f7455105d4c8ed046ed6d4499a7feee96b1968c7ebe1777638f1dd700c5b27b	DCIM/A001/A002_C4477_004477.braw
94e45f60033c5fc07918d3b4a69323d747a7b46eed901cd9927fcc7b7450d1d4	DCIM/A001/A002_C4479_004479.braw
0bf71b64e8b177591af5a3280dd01f558ed50fe0ec828ebf0e0c565498008156	DCIM/A001/A002_C4481_004481.braw
5d890074244742e961b49635f5e8a913b8aec725199436b334c86e90ce9d8dea	DCIM/A001/A002_C4483_004483.braw
19964371b0b7cf5e58cc921d4fdafb6dda061fa666069d8ad23bde3b2c06272a	DCIM/A001/A002_C4485_004485.braw
276ed4ecc24db4cb11052667221380fc55d7008a21be57b1301fbe9f88797e6a	DCIM/A001/A002_C4487_004487.braw
da0ad5cdbed36d3f598cba0a87850f84dea1962476351d24096e152cfac039d2	DCIM/A001/A002_C4489_004489.braw
d4e38d9c407882d5e9f93d6c347be73eccbad74a7311ae4473b6c1816fce235a	DCIM/A001/A002_C4491_004491.braw
04040ffad5c7c218843520a07cfba48cd49ea10a1d109bc18bbc1e7284d13b1b	DCIM/A001/A002_C4493_004493.braw
30fba89a576c53c547cce7f4436a9818980b0d04a9ab5767be22f158b9915755	DCIM/A001/A002_C4495_004495.braw
4e6ef09eaabb438e6cc650b004f57e2e9a9203ad6f3ef5b37854c59631246c48	DCIM/A001/A002_C4497_004497.braw
ec66873358c73648046bb597cf5be0f12f0fd7e3de8ddcbd26ae4cd2419d9f96	DCIM/A001/A002_C4499_004499.braw
a211462ca624fffb2d7658331a9af8d919b3e02d2a1500abb6cecd7bd8bfddb6	DCIM/A001/A002_C4501_004501.braw
46f905c8c6ef062ef42df3c61a94f012ce71ce2902789f1f42e7f8d041ec686a	DCIM/A001/A002_C4503_004503.braw
b91c227044933301cc6a09d343164d7fba02119a995ae2cd5fa4d15c9e81165a	DCIM/A001/A002_C4505_004505.braw
7beafd2eedf24f9e7d66130f1e6a00efd3accad70fa4f8c1e145ef432ffdcd85	DCIM/A001/A002_C4507_004507.braw
c791a2d37fc907276f2911f5513f884bbf06943fa04a617e51db273114f5dcf7	DCIM/A001/A002_C4509_004509.braw
9a201d3384a24455e684b7b3027d29e687902d0ddee6501c74bee87ad5a708f5	DCIM/A001/A002_C4511_004511.braw
46ee9806fddc44aacdb54b19da034e2990cc0ba6ad53f8b9ad6a9371e2af6054	DCIM/A001/A002_C4513_004513.braw
5b7f3299547baede072ad3572c195f89569437f4bd6628625f25b226ef87f894	DCIM/A001/A002_C4515_004515.braw
a86fcb1e1eaa5a4113048b4ec998226742bae4d2553944d242e7f3efa75f0b1a	DCIM/A001/A002_C4517_004517.braw
90fd526f2abb32f66670b4d62a426c37fae226a16f635ba8b6d194669a421c22	DCIM/A001/A002_C4519_004519.braw
3b95b4b15bc4dc9ffd2d68b42777fe85b2567bdd527156449bb9247e53bbf288	DCIM/A001/A002_C4521_004521.braw
f4b702eb5e8bf91ccd4e3a5b0651090ec3fb7ac8b715ef9e1ded6710e9e552fd	DCIM/A001/A002_C4523_004523.braw
c04ed35aeb7056b95874389c382d54dcbc6d4ca8b494c299058d27b0f24ddebe	DCIM/A001/A002_C4525_004525.braw
739ce5ca45e131fa99edf8bfe9fb68bb867adee9ce5b29bb12271c5d29f410ee	DCIM/A001/A002_C4527_004527.braw
d2368bfae78fc8dfa25d742f65ea0d00f210626b6ff50a8373b20d88874a518a	DCIM/A001/A002_C4529_004529.braw
b058bd1e22306d269fc59ba0ceba769aa1152149660b9a852dbd0a9839c7c6ce	DCIM/A001/A002_C4531_004531.braw
e027e5d6d5895902d4a4d0c920f08db15d305a7dad2bf6651d37a7c992f0cf3b	DCIM/A001/A002_C4533_004533.braw
aeab8b6269abe81c334ee4c0fff000c4df6b3825006eb6e685f9894f68bd59f8	DCIM/A001/A002_C4535_004535.braw
ca6931d172ce5f850c24329521d8f88ae41eed32a792e613acb222e49b4d7817	DCIM/A001/A002_C4537_004537.braw
2a252e0792e4d5a0f0a2e1bf16e6ca496fe786e40d084332bc8b73b20c69acb0	DCIM/A001/A002_C4539_004539.braw
66bef6407f84fd9528e0246e7d9a7051a76311a781ab1c907142fa595c4875cb	DCIM/A001/A002_C4541_004541.braw
a9842aecfaf8be78d37cf54270ae8bafd57f66fa7b813323227a8fd80bedeffc	DCIM/A001/A002_C4543_004543.braw
ff43cc6b051e329f215392ffcc717c46dca90e2d3b56f63b5b93ebab39ad57f4	DCIM/A001/A002_C4545_004545.braw
3295a0dc8c4cfb713d43d75f26a5a2308dd119b3b180cf289b45cde60061cafb	DCIM/A001/A002_C4547_004547.braw
72eedef5c4fb03cbf6f70455f5db8657dac88af42d227ee2053b9138e321a5ea	DCIM/A001/A002_C4549_004549.braw
fd5aef9f6d37914eb51c603e9849e0758cb8c0a32974208e49cfec3a95864d41	DCIM/A001/A002_C4551_004551.braw
ec1175ef2d745907fe30b73aeee6a1e1cdfc462c1ace74610d33a69677f0bf63	DCIM/A001/A002_C4553_004553.braw
791b657693fba83af9961dcc8e4ac640ad4fde27c0d4878eb729587dcc8eb700	DCIM/A001/A002_C4555_004555.braw
7fd61bfc59b50b66693bc6e745b066ba5eef560013afc22dfb3b01bf8a0966a0	DCIM/A001/A002_C4557_004557.braw
4e640417be2f96969f3a29bd402136a9963c33988a9f5c1ad8556105f1489480	DCIM/A001/A002_C4559_004559.braw
1422184eef4129a101f33ed007db969b1c60d45f293bf59730e9c205e9b5f408	DCIM/A001/A002_C4561_004561.braw
00d68bb5e17574eaacecffa0b276e176f96bf506a11ca411891afdce332934e0	DCIM/A001/A002_C4563_004563.braw
1986967d8a4e3809090c727b9932ce8b6c44a74c9fcf0c511a781c4061e016a7	DCIM/A001/A002_C4565_004565.braw
cc259b657a90d1d9519f623814b80c613f5c9e8dd7de79dd59e78012fde88547	DCIM/A001/A002_C4567_004567.braw
b29ace5ab70c33adf2cdca259620bc39651f9138ecd774b69b8f4ff4e47a6e1f	DCIM/A001/A002_C4569_004569.braw
899375bffab0a535c3010ac608a8bbacf144ae998f2ff53b2398fa2b5881d055	DCIM/A001/A002_C4571_004571.braw
5cd011b4bf6c8ca48147a20c82302b6fea91ee1015144590789fa1adba558fe2	DCIM/A001/A002_C4573_004573.braw
22714c404c548a1085fa9ef9be167e4d922ac16b240350dcabcaabaf4f5f9ca8	DCIM/A001/A002_C4575_004575.braw
0abf4e74479935e814f94b7545ae52a781126810e373eccd12f8819017a0ca7e	DCIM/A001/A002_C4577_004577.braw
cd21d8e7f86e2729277a984bdff4176b279a17e509a80ce926de47d7bd8d14e2	DCIM/A001/A002_C4579_004579.braw
0df23ad1194aa264e49ca9debf6a992603fee105789f8a54f87b54f6f49222d3	DCIM/A001/A002_C4581_004581.braw
24abf7799343079beba63b3e7adb8aacb966837354f76050366e849026c00b9d	DCIM/A001/A002_C4583_004583.braw
032e7d024b4ef43d4fbbd586bff1b97787dd288ae418adbd993f401c476eed95	DCIM/A001/A002_C4585_004585.braw
4a3586817d73e7f429c5acc4761f55f82cf4f6ceb4364c34ccabfe00989745e9	DCIM/A001/A002_C4587_004587.braw
b4fc7bdd291de1274af5fa4e2ae67563ba53107aee0282293011a69063788190	DCIM/A001/A002_C4589_004589.braw
3652a0b04abae48de86ed0d788e3f9df452700f60372fad2e078bbd9d2244057	DCIM/A001/A002_C4591_004591.braw
aae120e1273ac4f59818c050ac6825c153863281ecb0f4741677a728f6739c4f	DCIM/A001/A002_C4593_004593.braw
97d0b7e29ef14b70c25bde0adafdefd2946ee9620c6358aca4a0037f91772f64	DCIM/A001/A002_C4595_004595.braw
ab1ed82a02b90f1acd3518c05f12c88976dd8ad56fdad04bbf7ab3cf4a490e90	DCIM/A001/A002_C4597_004597.braw
c6ccc874c8e6972ccd548d1434cc42d9171b77b9803ae46042f2d8b1be41e6a4	DCIM/A001/A002_C4599_004599.braw
2376a864b54904934d4cb951c4f5ec156743311adbbd2af7f16f0d0549ac6c01	DCIM/A001/A002_C4601_004601.braw
efa9dcfced7e386bb7fb103805f06d0c617abbfe6aa52407501ba2f550e66ae9	DCIM/A001/A002_C4603_004603.braw
aa5b872237bb2d89052ee193ce8160d4115be9a8afc20262ac99d343eecee948	DCIM/A001/A002_C4605_004605.braw
bf75df0f0c19139f556ae224c15435f71789f4002c734f455d82e78f0cdb0a16	DCIM/A001/A002_C4607_004607.braw
372503b17987be1c1b9e421309814d66a6ccb5190a3409546e9697f6b74aa4fa	DCIM/A001/A002_C4609_004609.braw
2dcf630a26d6096cb15ede8fec0bdd3887b995609ac7ce03a76514b388612f27	DCIM/A001/A002_C4611_004611.braw
3bf9f4b867ce3272daa0f012b7528dd002c5dc8366bec8648be7955ed16aced7	DCIM/A001/A002_C4613_004613.braw
6bed717950be8313b51e2a94948ce7049e31834b2e837fff0c199ddaec7a1caf	DCIM/A001/A002_C4615_004615.braw
5336adcead1513c32a238fd7c51bcc544e8a9188d7dac07c4397f9e30859195c	DCIM/A001/A002_C4617_004617.braw
dfbe7bb5f9327cd1477e50e2438f993260f14364d1189dcd8ab7a11f0729966f	DCIM/A001/A002_C4619_004619.braw
3bf3563eec9950c812a2d4dc697abaad6df49b10f514a855fdf9a88b37103d44	DCIM/A001/A002_C4621_004621.braw
0034ee6cd2c57209732ca5c9f2885f86889b23a6bef5cf4a2b1edc0248cb88dd	DCIM/A001/A002_C4623_004623.braw
01cd4c2e838edc2d70c0372d42304842335a93b97295586f9d1ef58a2134e88b	DCIM/A001/A002_C4625_004625.braw
c82af41685eb40ff2fec292da32f7fe85cf86e38315e1ccebea8d7faa84b8bd9	DCIM/A001/A002_C4627_004627.braw
ea82291f4612ce487eb4e1e09d091c2aeeec738c2400f725b95b32ec234c0cfc	DCIM/A001/A002_C4629_004629.braw
ce1139d2c0c78664e6ec6af109c08588687765cb1ecd179c81cec869f92d4e24	DCIM/A001/A002_C4631_004631.braw
19dfd21b1bd90720d04d5f544a61ebd81706698cffef2574bcbef8eebf625975	DCIM/A001/A002_C4633_004633.braw
34342f0e314b3d7b6e8ce735169909cb588832e844fb6982d0e6e312970de482	DCIM/A001/A002_C4635_004635.braw
03fd4ea509a58dbf1cf584817a9b4cad39e576131eb0735badc7c122e24b4083	DCIM/A001/A002_C4637_004637.braw
78c630fc2369d223c067da224aaee2f2f9ed1306f10e9308553ea81b5153c8eb	DCIM/A001/A002_C4639_004639.braw
9f0e4547ea358bd66df0f1b181e8e5bef6553bd20876cda497212f3ed7992ebe	DCIM/A001/A002_C4641_004641.braw
782011fa99524ac31aca15d5b02d1fa8d92110aac70ac6a79c91e7c41d8554d2	DCIM/A001/A002_C4643_004643.braw
a63d7b30b0045bd58e60051de0b4d0250ad545d58f2e511b5747e4fafbdaf146	DCIM/A001/A002_C4645_004645.braw
db78fa66850814270b1f2edb1658a8ace3301a1a337e7298b8c9174bf7942330	DCIM/A001/A002_C4647_004647.braw
0d2faea8f467f6fc6080d960055156152a09e991b05e7d37046ea20b8a07d0ea	DCIM/A001/A002_C4649_004649.braw
886f958b179083763a77d63dabcf97aeda18e2bd953ea59ff4cbb069095b43fa	DCIM/A001/A002_C4651_004651.braw
efef8e04b548dfdf3c0d6c0e0122f13c6aa90ac06c4c18d2229a286b2d290b74	DCIM/A001/A002_C4653_004653.braw
813d988659d27a3c4e9be6dae2219de04236f7db292a2952a50dad4a06807873	DCIM/A001/A002_C4655_004655.braw
872af331bae62562014309b5450d160f8c64e01cdf83306c0768b7d109ccb121	DCIM/A001/A002_C4657_004657.braw
1046d6ad92df3d30eb6cc7d7243c6b802d38e9d31c03767cb8a5c654f468a44f	DCIM/A001/A002_C4659_004659.braw
ce2df1215539ba49780fd0b1c31464416a963c4f84f6d1d60fdc4902f5ddb7cc	DCIM/A001/A002_C4661_004661.braw
a8cd58f99fff7edbef718e28a217b04e2f3b0f718114afe1849f2b442c1c193f	DCIM/A001/A002_C4663_004663.braw
75ad27430d0cd3d91d65bdcc30c6f883051c0e0a2f9e1e8983b4d1fd7d3f19b6	DCIM/A001/A002_C4665_004665.braw
557a10131092c031da145cacb8a64050df2a45739252aabb3f6da129e9e0c116	DCIM/A001/A002_C4667_004667.braw
7e6cb40eb3be5ce939f8fcfa9d7620333a98a2e40406c25c09617ee774cc8434	DCIM/A001/A002_C4669_004669.braw
27aa33717b84f9f6f67baf07de47a201adea6d4edc7868f091f2eaaab398dcaf	DCIM/A001/A002_C4671_004671.braw
053ffd2492036ca120488c3adfd5e4f50f5f409ef677ce16b907251f25f7b023	DCIM/A001/A002_C4673_004673.braw
95b7005fb45128863271e9ba9a0a813f26f5a25df471957cac6d43714801e9ed	DCIM/A001/A002_C4675_004675.braw
ee5d36682b173a15e494b015a00d712641de735d16f4f1b02e251d6f6a54fdf5	DCIM/A001/A002_C4677_004677.braw
dd862a8400a70df28fd0e93e3cee764191dd18466e251faa2cfbe83c61da6387	DCIM/A001/A002_C4679_004679.braw
6f91b81c6ce2ed97ed26b250ae7f874e0df06aa117826e8956a268fa68ad558c	DCIM/A001/A002_C4681_004681.braw
4342dfd48646288e1f931352df77a1e54eb295934e99e5dbb7b1c0f7f52a746a	DCIM/A001/A002_C4683_004683.braw
57ea422bf34b00bc15b9e412245a364fd69fa0b77759da72492ac78121f19959	DCIM/A001/A002_C4685_004685.braw
3996d4b39a770fd8b6a89d5433be545fa491409df6575630dad45c9b4fa1a666	DCIM/A001/A002_C4687_004687.braw
6250abec58ea3ee2926872beedc5c09966fcc753baae59a5691e6ef41bac1ccf	DCIM/A001/A002_C4689_004689.braw
79a69af3c66db4fef0336c0aba11e051d334a9facddb0dd46fe905ed41033357	DCIM/A001/A002_C4691_004691.braw
21497ef749adf5552f12c07659f9d96974570136721ce176a5db25ad051b64b6	DCIM/A001/A002_C4693_004693.braw
16225787da06b0a9831d670dcb0bb70c9738bf6b11fdf7f05533f62780efc263	DCIM/A001/A002_C4695_004695.braw
5ab1d58f4981152dbb970d54c619fba54cf160d4582c2d2e20dfd1289fc12a46	DCIM/A001/A002_C4697_004697.braw
0da2448895c6eafbe44655403c151872346c2ff34e43e4161d1304a0f072037c	DCIM/A001/A002_C4699_004699.braw
13f39cc36c610320a051675ae19cfcf2d7aaa47e37d147da01818a988977a107	DCIM/A001/A002_C4701_004701.braw
d91a7366c0b1ddb4e3b57ee0233b03b707e355d9667b71abc009a49036160824	DCIM/A001/A002_C4703_004703.braw
cd6d4d791eaed3694ae25da3efce7364d4189bb5b44802748ccf62357a99e203	DCIM/A001/A002_C4705_004705.braw
b7bb123b0ca5054d4281e63037b5f8fb5b7cca201abbf47c3a759678e2ee5c1e	DCIM/A001/A002_C4707_004707.braw
088f27ad8d64977f086599f377380d0682628cdb650ced14ca85790780bdb261	DCIM/A001/A002_C4709_004709.braw
6e5fddf300e99a953fa591bd4bc7498e0a1077e3ed65155e8288b104c10a3915	DCIM/A001/A002_C4711_004711.braw
69f4be0883f918e623abaaf994ac96b024e9025df62acaca429f216149c0557d	DCIM/A001/A002_C4713_004713.braw
5f622abcb1b2c6bd723fb82b3bc21916082cb1de24d2fbe7d9af7f3b62575180	DCIM/A001/A002_C4715_004715.braw
b8fecb4f6edd20076fb506190f4d2a4871bd81d239546721a2c7edb8580f73e5	DCIM/A001/A002_C4717_004717.braw
be0cc331cd7c02432c9f97e406beeb563a2e34c4d161dd5b2479f9e9643f0247	DCIM/A001/A002_C4719_004719.braw
71ddd1f98f2bd6d643afd6f8ddbe35a62a6fee3e7950e9dee760455cf4e00ebd	DCIM/A001/A002_C4721_004721.braw
dd7f49a8b0297ec719d04e0a7ddb54909f4c3a203919c69ef56839c3c3413ba7	DCIM/A001/A002_C4723_004723.braw
b8bc6a76da9f6f67befb280d2805e3c2ccc48f0fed18df114c0634b5f06bbdc2	DCIM/A001/A002_C4725_004725.braw
bfa34f7c090ce66a344f864906c393e0d155425fb5e304182adf1372c7cd11d3	DCIM/A001/A002_C4727_004727.braw
ae89fe8bce7dba9488d1e3d6962cab351d15addc9c54b806f2ad00fb9c38d719	DCIM/A001/A002_C4729_004729.braw
5dd0095504f69edce719d29eddbaf6a13fc3decc006221f9c3bb04f2c74da751	DCIM/A001/A002_C4731_004731.braw
7b50e77fbfd67416c793f3d9dd5dd4af52c6819fe9fccbc8d75866daba18c214	DCIM/A001/A002_C4733_004733.braw
8ef2163b630a69ddc074d2ef9b3f882cbc7857ad39780302e5fb1719a95504e4	DCIM/A001/A002_C4735_004735.braw
13f74ffa31aef8a1b7acaa1e4cadb1581d651d30b3f21e38851be579c0f624e9	DCIM/A001/A002_C4737_004737.braw
149b3517dcb7785d49523dae97d0a15470ff4a50801cac78c95b1e560b2c2c67	DCIM/A001/A002_C4739_004739.braw
043a95114bb008ce387d8f402ad36dd169d1fdd5240264b8488bc2af272290e6	DCIM/A001/A002_C4741_004741.braw
5ae82350c9bb7e9c1953570cf9d32295e5d159a4f0df83deda67b531f1c3f5d0	DCIM/A001/A002_C4743_004743.braw
fa6bb2746168c67ff4027a7025e778d352fede9f868d7759512e3daefd45ac74	DCIM/A001/A002_C4745_004745.braw
6734989eea78f9838102ba865588bc23da7d4541d0fedefb2f7f3c04efb8a334	DCIM/A001/A002_C4747_004747.braw
f7715bd132a69ee9d1755e95dbff82211c0af6217041042d6de62039567b09be	DCIM/A001/A002_C4749_004749.braw
dd2a860e8ed5e68553ebd32b8b7b1ecb1acb992b566f17c27fb33b021fb7dd1f	DCIM/A001/A002_C4751_004751.braw
50db071b3b15b9791cf54e8c1be277a6e70355a8bd7989a92b22db170a0a8570	DCIM/A001/A002_C4753_004753.braw
f3af811a1137dabda8c3a1f298c9b077098eeb7d94c404a71176379477e5d010	DCIM/A001/A002_C4755_004755.braw
00cad91666f3ddf53b81357c9dbdf9fa3a8c4f79f76d434954ebc8e4edc4dd8d	DCIM/A001/A002_C4757_004757.braw
bd672b3bf396e3f2b05260ce827506024b9c7197fa7bc2bdbe3ed8d9085b17e0	DCIM/A001/A002_C4759_004759.braw
4a6e0ec31c01e86ed082338fad614273d0a0b018715aa1ded7e0152788f2318f	DCIM/A001/A002_C4761_004761.braw
c381d8966a00a0d32c344de107d3f6460c12f43bffdff5a4307476d826cb1362	DCIM/A001/A002_C4763_004763.braw
e6003eebbfc5012738fd33e7e125e4cf83867717073fffef6133ce9ab7661130	DCIM/A001/A002_C4765_004765.braw
af7970f94cc526f3a92f2e81a56b8fb11e2a684564593d0510955bde7230db39	DCIM/A001/A002_C4767_004767.braw
063e73b17016ed678973c9624a9a649d890267cec0d911acb2902c83d4bba6d3	DCIM/A001/A002_C4769_004769.braw
a3a25d7ec6620601ed809bce5046e5992f5aafe4fbbbc98451765411f8159c32	DCIM/A001/A002_C4771_004771.braw
905d707c1c93404f0327011fe018a27caaa61eaf01670b20809194476805630d	DCIM/A001/A002_C4773_004773.braw
0cb837254412239a2c00bd652dfe77e2a1005630d5b6c981d453b4151836d495	DCIM/A001/A002_C4775_004775.braw
a3b0bc126dddc52239c3c7b8ca0707c9700003a27f17b649790601c2f0389c20	DCIM/A001/A002_C4777_004777.braw
71f6d9e079f8032284ccd76c451e5723bff345bf1aa6416a93ef669113dace63	DCIM/A001/A002_C4779_004779.braw
b32c6f0198d6bc85669ec984195235430435e2097c3ea3e5b5aa36c412416e04	DCIM/A001/A002_C4781_004781.braw
33d304939861fc8a42ebf1ee8de8c38c9877e2bd3660ffbc513eefd35bd3546f	DCIM/A001/A002_C4783_004783.braw
9268c2f047142152d2d5b6129c2565e51eb45f91a70f324e110a8965963b0442	DCIM/A001/A002_C4785_004785.braw
765c93c48ca0c86fb277ddbf4cace69a87a6ff58e981b61b4614a8c2f6580f1d	DCIM/A001/A002_C4787_004787.braw
d2b5003f6bef12df491ca339268e45d666bfc116aca32eb5883130df11c29486	DCIM/A001/A002_C4789_004789.braw
6106eac6e6dda2e190808cd02ad638336625fdd0eead8ed49cb70bed59c5edc4	DCIM/A001/A002_C4791_004791.braw
c85086ceb6cd408954365b4c14673189f6eb559333f61fe2ec3a9d67a445a7ea	DCIM/A001/A002_C4793_004793.braw
dba908103d0b233b707d506f263f39a00e726e82e8ca8b6fac20bf63ae5bff99	DCIM/A001/A002_C4795_004795.braw
7f027a715757b39119bf0ffd2bf4fa4d671969f5b19b2bbf1460e6a8c9981772	DCIM/A001/A002_C4797_004797.braw
e6a6ea31516d3ac50801b61b5d79c46cc004d41928723175754bb4f8230fe8e6	DCIM/A001/A002_C4799_004799.braw
3e1f3b2ee5e9c096bb9709b68c6a47af414ab6e13a9093a4a4f86f5aa5ac69bc	DCIM/A001/A002_C4801_004801.braw
30f108f6b367730c8b86ee8bf209d26328e75adf49e47583a1185d9698c4f46a	DCIM/A001/A002_C4803_004803.braw
b7da42bc291fbe85f4e256e9f4d355c16f5a82264002a80ce0988d70f72602c7	DCIM/A001/A002_C4805_004805.braw
89f2c07334b5365350f94f7670018582842b8edddf28701065c9cb214578a8df	DCIM/A001/A002_C4807_004807.braw
e31b64c0c2eef8c6a193784b7ad8b87d9d764e5ec628d777f5ec4806887d6c61	DCIM/A001/A002_C4809_004809.braw
a7001fa4bc5d8280fd17c1a4533ed6bdd7f0a6f2a6b85b3c5285953d8a452c33	DCIM/A001/A002_C4811_004811.braw
a17e63b53c430a907c91b8beda8f7ae5255b5d87752086ee1c5fefa583c20d35	DCIM/A001/A002_C4813_004813.braw
1a06a95678ad35f2cc30cde94be1e2a86c525feedb6fca8f66c11fb9eeafbeb2	DCIM/A001/A002_C4815_004815.braw
d5926b187799e68699988fa55b48340d449ac448afaa5ef8589fa83513f3c00c	DCIM/A001/A002_C4817_004817.braw
e99dc327106b5798dedea93449430ea5da3aefb7c3e0be3715cc94da1638a7c4	DCIM/A001/A002_C4819_004819.braw
ce418dcf02c973503e0acb21245761bc7b8a06a4267dc24ba84f79eb8c5398f3	DCIM/A001/A002_C4821_004821.braw
04e46b8db300432eaba3452360b3e805d54bed8200eeb79bf89230e6852e1982	DCIM/A001/A002_C4823_004823.braw
72b4f247ae694431ce3e96ae74b16b12079938d112ad1cebd30bc8f14502c653	DCIM/A001/A002_C4825_004825.braw
e8186e24e34541222a1687b4ee5428a20d02bd875ac55abc394051a89e4c7210	DCIM/A001/A002_C4827_004827.braw
9ffb3ec250b58ddaafa4c0a5c8d7959c6d90875abc6604b7b1dfce854916edd4	DCIM/A001/A002_C4829_004829.braw
50eef474d4fc68de3b549f1ec9cab85f0e17a8a5eaac1c9ce97b7b833b668a82	DCIM/A001/A002_C4831_004831.braw
0e05a3649a432972d6d7480e1388a5bc4dfb736b55d502ede13cf5798453ccf1	DCIM/A001/A002_C4833_004833.braw
323fa960717d3fbcfca194eeaae5cfa66ded660c3733b1b24ffe6d80dd887620	DCIM/A001/A002_C4835_004835.braw
ff26b6b2b743784a9af1c5c3f2f88ffd8c6c51dcb67c007815c7c78d43488799	DCIM/A001/A002_C4837_004837.braw
361f24930752689383e693c6a282bcca51acfc257c39ba139695fdf0b1cf5223	DCIM/A001/A002_C4839_004839.braw
d8fe762b6647225851e0dc60e1dc9734d270eae55d7c04e000948c4149aaf071	DCIM/A001/A002_C4841_004841.braw
804a1be4cf7806b028ed03cd442b36118eae34825c82d6d9271c0dc5dea3659b	DCIM/A001/A002_C4843_004843.braw
52e53f76d4b5c658dd4c156b867b3e08c0db34e33c39b6743416fcbc5cab2ee7	DCIM/A001/A002_C4845_004845.braw
1d1505fe33270e47e01fb36b7d102d40dff378ee32d08f0ff372a39404a742a8	DCIM/A001/A002_C4847_004847.braw
d48c7237b5fc91074645772b0b99f61e073242760c494c6cbabdef7e54d4539e	DCIM/A001/A002_C4849_004849.braw
9946d25cc282ab0f1ce0ba5d3dfd14cd2563337b050d509b1b0a46a0dc915b51	DCIM/A001/A002_C4851_004851.braw
783190a7299810616eadff18e447e41b6815db3fe13eee8a20b1838d4ff70870	DCIM/A001/A002_C4853_004853.braw
c7bd0d6c5516c2bfc05a43b22974a9c3561cda715c69829c801fd5b1ec4f719e	DCIM/A001/A002_C4855_004855.braw
03f8291175b21cbcd07d20322f822c6f225a3fb6037369bb2ac2e04aeb2fc114	DCIM/A001/A002_C4857_004857.braw
403f9769d2996da2438a7118c5127e2a33bb775b6e06ef89ca928d173a83dcb2	DCIM/A001/A002_C4859_004859.braw
0f9ebc8258613950217ca7759fa147946133fb6b229805d038e62c18bc3c511c	DCIM/A001/A002_C4861_004861.braw
6bd83ee46b9167084295b851a1c07b36e4bc69910b086c92adf217b634875932	DCIM/A001/A002_C4863_004863.braw
428b8aba7814b03d07f134ab01e64d4cefcc5195d700aca2e5866890613a7c83	DCIM/A001/A002_C4865_004865.braw
66e9750aea722ca6742283961fcb718f5469842c08e74b465c949839eeeff06c	DCIM/A001/A002_C4867_004867.braw
cbd941a273af812755efe181d11418483441eca9afbc5d0eddb8be8d04bb4701	DCIM/A001/A002_C4869_004869.braw
4324aa1a34c77d0355c2130eae446372357eb19c0241678583dfd096f99a5a06	DCIM/A001/A002_C4871_004871.braw
99efe481eadb846e1348e111c46a8efa59c6bd825a631e1919b08f0125e33403	DCIM/A001/A002_C4873_004873.braw
d9fcbe787e080932879d3b6170609632f2767c8db346fb2c46d2a9a97b4d8a9a	DCIM/A001/A002_C4875_004875.braw
f01e96ce6d2384de01419571514672dfd29163177cb92409957c2bdd3c97134c	DCIM/A001/A002_C4877_004877.braw
b06c19f304da1b3ae6bec820c465f6245b404a186b8aa43dd9e2a3c913536c79	DCIM/A001/A002_C4879_004879.braw
7c12b7cf86d8004f380d6efec3fa5689247dafc7aa1f58c4db66b0a1e76cb593	DCIM/A001/A002_C4881_004881.braw
fd2a1082ce1a220b64f03beb1c7180830dad4c3a022fe5e91243b90967991f8e	DCIM/A001/A002_C4883_004883.braw
3a62d85e33ee5d2f46edf95eb6958995271cf45c283b3636490be301091f4e98	DCIM/A001/A002_C4885_004885.braw
5cc2641ecb8c134a5da93af8d68c9f0313e64e10f4c04d35d65d0650c2072af8	DCIM/A001/A002_C4887_004887.braw
796f8453558cd30a58ce757ca1a0fea75bb40c9f661846778ad43f5161e04722	DCIM/A001/A002_C4889_004889.braw
3c61bdff1274f1a2c5a1d00e5dc260dfef1c5a22c0e415d11a48fb554d1bcc4b	DCIM/A001/A002_C4891_004891.braw
231f0c0162c640f1fd1745a033aabdb0387c95dad371ce51cac23bd23265b77c	DCIM/A001/A002_C4893_004893.braw
042467c1876d20eb79a75df148c15d11c85703a833be2173c0bb0e7081d0987d	DCIM/A001/A002_C4895_004895.braw
523bfe06818592bf6739f07d28b651e67d9e623433ab985330a091c96a9d93ac	DCIM/A001/A002_C4897_004897.braw
e20f3837d64aa45587f9eec08eb20018bdacc5fec569967a842907bdb21a5ac1	DCIM/A001/A002_C4899_004899.braw
43a74453cc0f9128a47426954aca96f5e47d210c526f9ea3cf0a1f2f7f4a22a5	DCIM/A001/A002_C4901_004901.braw
3bd32ad4acbc56c9f916e7b618000d233c61e5fa48f090aee53f201a922d1979	DCIM/A001/A002_C4903_004903.braw
6757a06095eeadfce77d592a9bddae90b58535329dab0dd1919b0a9add738abc	DCIM/A001/A002_C4905_004905.braw
9f1a9c9e1d6ac52920b8a26b0773e6b1fd20e69ed5904724db7d7fe9a370342a	DCIM/A001/A002_C4907_004907.braw
e7a0d1384b0b60a28d7fbba87e24d55315de9a1e8eafd9ef4fcc2799354f6bc2	DCIM/A001/A002_C4909_004909.braw
a5b0a3e08c6b40b838df6d531a60dfb127e49fbdbaf70a572dc62c28d2d7fa56	DCIM/A001/A002_C4911_004911.braw
c51b8435e00068531256148780deca86799ecdd4c6efd0e7a22de91b873acc29	DCIM/A001/A002_C4913_004913.braw
5a5c31e621b3c88448b9d7301da8d886e0975b139ecade77cae2d064789288e6	DCIM/A001/A002_C4915_004915.braw
faf4ece8fac2b774a1c9e84bf71e23e3d9c075dac60865bc2003e7de288ac6c8	DCIM/A001/A002_C4917_004917.braw
61f7aa9775df9d152182acf55cb7a40c65f0ebf392af9e2acffd6a16674a6672	DCIM/A001/A002_C4919_004919.braw
b3e5e5004e387475078266e3dab804cff00a2863b4969e656c87931bad1af5e6	DCIM/A001/A002_C4921_004921.braw
bc0bbcb82ea41fbb619c07d4e32a31794cbbb4fca497a6fe80f5c09839071158	DCIM/A001/A002_C4923_004923.braw
231831b95a81168b398764624c9942c6a6043d5cfb33c1e4b213aece898eba04	DCIM/A001/A002_C4925_004925.braw
2bdd16681ed04609355eb7f26fc777aa30f0ecd379d58cd015115cf6bfd1ff66	DCIM/A001/A002_C4927_004927.braw
51d4611be276c1f4a33ef59bbe2cfc77800eff726a2599e37e22b86b86193daf	DCIM/A001/A002_C4929_004929.braw
0237f6c6c4fcdcb541e52f5252f216d001ba6549a3b620414eecb05361ad39ef	DCIM/A001/A002_C4931_004931.braw
91aae81d9fca225c8be03a29ebf8bdd40b08f802ec2c2cbc73bbd09823d8b123	DCIM/A001/A002_C4933_004933.braw
c52dffb0a659256bc9fc9aeb8d1212c928f023520cb90534130de28df78137d5	DCIM/A001/A002_C4935_004935.braw
aafe6364de60a26f6153db98ccadd6429e2432b859d7436f93221495a276a848	DCIM/A001/A002_C4937_004937.braw
995321ae945d9aa29dcc7c60a45d06bb3a5f5818f6d6261a4f0034cebba3884b	DCIM/A001/A002_C4939_004939.braw
b6ac3f2010007e69df7cf9311ac3dec452344888d4038fc4c4a4678911fdeb10	DCIM/A001/A002_C4941_004941.braw
d5707d393b0decc0a631f4b7f170d675ded3d00bb443849520ff4851c03ca8f9	DCIM/A001/A002_C4943_004943.braw
67d602eccb5812956b251977d935f73735b0d98c432e48a175037f9350dc978e	DCIM/A001/A002_C4945_004945.braw
2fb0b1e375204c68cf10075d01c996253f00d26dc9298c49aeb362d8d158514e	DCIM/A001/A002_C4947_004947.braw
5fce9adc649069c6c5081fc3db45073c5bfe49c1583d2ade120bbef13660e908	DCIM/A001/A002_C4949_004949.braw
4ae5b17a2aa8ef712ca6c9cc6232a85c339a2cb837bcdbec1c72f4a62941e2b6	DCIM/A001/A002_C4951_004951.braw
d5ed133561b3331c88c0fd586ef3e059c486275968e9daf952eeb5dc35763ba2	DCIM/A001/A002_C4953_004953.braw
fc80b7f21b61f2e1c4a0cec6aeb99301a21dc932cc503fc3348ed54c6dad6fa6	DCIM/A001/A002_C4955_004955.braw
70542d5f7a56f42dd47fe75b882a16500ec6f694dc81f48c93ce956cb4c0ed54	DCIM/A001/A002_C4957_004957.braw
b231c222645979c5633f547c6e41f1ca44808b7580a9cf5343a3bf65687e29ea	DCIM/A001/A002_C4959_004959.braw
d627daff94b0aec1f826fd93867781f77c3bd5598b45cb49cc87e20a630165d2	DCIM/A001/A002_C4961_004961.braw
ab6965e1c65d9c014a66e5d54c25a319ca1eca5453e52af024dab7740099ad43	DCIM/A001/A002_C4963_004963.braw
b86f8d94273dc730dec141ad5678fb9ccf8552d1a3a0b927492d68cc12af9b6b	DCIM/A001/A002_C4965_004965.braw
8b8f85d67ab141608e33e9b62ec5a6ee5ae8a277ff9ebec58020d67a96e7e128	DCIM/A001/A002_C4967_004967.braw
5438b65e5e24b166874b89453adda6088b00afd7617ef2242e37d1edb4a3bc27	DCIM/A001/A002_C4969_004969.braw
b4c09f768a352275b1210417787acbdc80f07f74cfdc1d66a49bb6ddbb0b63ef	DCIM/A001/A002_C4971_004971.braw
0a2468badfaad4d567e4d06328451126274f388e817b9834abe8f4d0018a2ebc	DCIM/A001/A002_C4973_004973.braw
261cd2a0e8728a260650e52fc5afb7f87b23046ba18b2fa9b9ab9ecb5470970b	DCIM/A001/A002_C4975_004975.braw
f8a510f1076265a7f367d62cd8b3bdf116092b85cf10f19a2b9a1d052d7d163f	DCIM/A001/A002_C4977_004977.braw
7663616062c7fc657a3f67f336e336190fa3c92c332d98af2033823ffdf9ef0d	DCIM/A001/A002_C4979_004979.braw
378e23b671b05c6a0acf037fc57dcae5bc3999bbb9c352f2346cfe030df289c2	DCIM/A001/A002_C4981_004981.braw
d61ba0ab476a1d91f5e147ff282de4ca68a949f4d4ee2c3fbfd0420e18cef4e6	DCIM/A001/A002_C4983_004983.braw
c27a1e0b777347de2e1f523b71c7c5d4d96c13f6331965d32f9c105c7b755bb4	DCIM/A001/A002_C4985_004985.braw
9796c4a0492aa39f78994034bb0184f0887c9d8a69605f911a84be2e39f8b0ef	DCIM/A001/A002_C4987_004987.braw
089863439a4c9b9974c03840fa13c06fdeb5dbe9ae701153737d1882762681cf	DCIM/A001/A002_C4989_004989.braw
a21de3c97d992bbb1a2beeb85156c9fd887038ecb6506b2aadbce4a8d43a3971	DCIM/A001/A002_C4991_004991.braw
421d4d5d93d6252117b46a900c2d1367fdfd6eeb299682c2c9929ff1c615f002	DCIM/A001/A002_C4993_004993.braw
f295038ca3d39101e10d9859e52dab01e4a02228e83c5a0f844b84bba8b1ffd9	DCIM/A001/A002_C4995_004995.braw
b8941ce89fa69f381e78cc50d5b3a61e6cc254609195c8bdf49043ef0121ba78	DCIM/A001/A002_C4997_004997.braw
04b95c1acfc07d6cc00e1ae297ffd6d32fb9c0352b2902c2c1a20fb6a17440e8	DCIM/A001/A002_C4999_004999.braw
3563a7bdb9d9e64423d7d5762f161eac9b402a8dae4633d763647c0e226ec5eb	DCIM/A002/A001_C4250_004250.braw
e90343e21895b99cd22ed845411e302360cd5e316379d507d697cc3f74c9249a	DCIM/A002/A001_C4252_004252.braw
8f2587faa390e156462d77b45d5685554099cd58e2c5ecbc4ecfcf7632a8f6f1	DCIM/A002/A001_C4254_004254.braw
eaba95955c55fb972ea5cc34a94bc936b47c5a3b019f5f08fdcad10a38336814	DCIM/A002/A001_C4256_004256.braw
d36884c1d85dc2f9fcc1982d1fccc95e310a18e606e46a9f4f660cf30b4da2be	DCIM/A002/A001_C4258_004258.braw
48b53bca4815ead93a7b0dd184729880a68cd4bfc98e8155a116c151bb9b9d18	DCIM/A002/A001_C4260_004260.braw
c0a203ace3dd31803da9fa49bba7b52b99fe9f3e7c0b87f1c0e1078b374844b2	DCIM/A002/A001_C4262_004262.braw
ef47338f5016795ae6e7b45bbc0a3d79d2f255c012947b2d319887ee0c6b97cc	DCIM/A002/A001_C4264_004264.braw
42e3be54e9a96f557c4bc67406b53a9e0026253da90a1a488b8b672f4381b2ec	DCIM/A002/A001_C4266_004266.braw
80ff2284046c157c02dd04753f1d18132dcd852f57ea6d4bc26a1f48ecdca6d8	DCIM/A002/A001_C4268_004268.braw
6118309c5a6595517adb96e55a4ce39a750915a0d932087b72156ef17d90f741	DCIM/A002/A001_C4270_004270.braw
d1903b5a8235b4631e1f15d95f555abe8609bf2ccb51fe8b6291db293366f45c	DCIM/A002/A001_C4272_004272.braw
2a2b1038ce86c50f1b58ace21182a8bdf82575e71853bc6f3d19a61348cfff50	DCIM/A002/A001_C4274_004274.braw
9ea6697e75580dd52bd463f87db1a1d839c1cbb5d63ec7d72b8048f3e90ba46a	DCIM/A002/A001_C4276_004276.braw
78c085db665c8ad3637e8c080958646c2c50cf7d4f7ea49959b36eff0db9b520	DCIM/A002/A001_C4278_004278.braw
f423cf5b3cceeca4bd3992232306944916273439cde7f7d43ca0958d6dab9eb3	DCIM/A002/A001_C4280_004280.braw
8b02345ac88a473fefa7d1d069bb1b062f7964bdec8d23388f8431ace7d58e2a	DCIM/A002/A001_C4282_004282.braw
9ff572c1d9eb40b62f0f55f2b03e143cef0c3b022e9ef77bbb212c085eb8eb05	DCIM/A002/A001_C4284_004284.braw
cc264bfb0cf04e91da22be4f2d15fc90d55262181d62fbdee8d9059d836824a5	DCIM/A002/A001_C4286_004286.braw
ea3da3e1be7b6d6ef72a27cf606178522ccd91877136bc78343f043ebc7eb3c2	DCIM/A002/A001_C4288_004288.braw
1d5fae12259c838b3f635987eb005cb61f27680267debf9d1726f8ecf0d670fe	DCIM/A002/A001_C4290_004290.braw
22617deddd829629ae28ae229a052ac4ff099076a6e2b2eb17659a4f8f22b4e3	DCIM/A002/A001_C4292_004292.braw
5f23cc9835bbe2f4e791d0130b7ce57b1f4984a799f00bde3d96d70dca886cea	DCIM/A002/A001_C4294_004294.braw
9cf10e3f902352817e2ae8e3582e5cc1e5edf4aa9fe1323eccbe75eb3b6bf5ca	DCIM/A002/A001_C4296_004296.braw
8cc37ce96be5396def851cc308ae7a2d19895520feb9df765075aa7a37b9334a	DCIM/A002/A001_C4298_004298.braw
4fa5e8c1c68ad65bc2b090fcc27b6e804ef51173a7c109f861564fe6c0d3adcc	DCIM/A002/A001_C4300_004300.braw
44f5e03fcd7d0a5f390482b6e375a99a18e5a43517a142593139429e68a772ca	DCIM/A002/A001_C4302_004302.braw
9987834fd7517614827aff2202a90a711d7616822e99f9df130ba9b61a12ac5d	DCIM/A002/A001_C4304_004304.braw
03f3d3248ec720cc33c593d3319e7b0aeadeba29a722d346b78acea159623165	DCIM/A002/A001_C4306_004306.braw
d71df13f0f7f20767ebd8f6573d30aaf43e37fcd7055d8c6d7d7a9cbd1537053	DCIM/A002/A001_C4308_004308.braw
6149ea3b86d743acc9536ab4afeb0e99cf563531b611b66629fa5bb9daba0231	DCIM/A002/A001_C4310_004310.braw
0326332b292e3c00d7a697882b522d9f2a56cf04a9aabd56d5ce267c55c6b7ec	DCIM/A002/A001_C4312_004312.braw
ad3d712b90c2d40122811c48d0858a07f08b6d97be25b12296095d5f6a9e7358	DCIM/A002/A001_C4314_004314.braw
2b5b1e90d68482d312dc71af52790d24d18ae1e01b23fb9175bcf41359be63cd	DCIM/A002/A001_C4316_004316.braw
bf0d3cd121dfabf4f61c9790312e9bb8af1e48e0dab12b4acf15e24a76037f3c	DCIM/A002/A001_C4318_004318.braw
732423917d1cbfd7dfa97696015dcc6ca3f133010569a721a5f5333042255848	DCIM/A002/A001_C4320_004320.braw
d9b29e41bfc166728070575fe8430f76d4c7ac7e3aa16a166d60630782fa49e6	DCIM/A002/A001_C4322_004322.braw
ab8a7b58f5b9494936f39bec57f090d14e157bfc86d114b7887a7e79fb5ab879	DCIM/A002/A001_C4324_004324.braw
b09f291975a7d1f65bb7e9e20f72ecb4546e8b2896a57654cc626b3d77f5aa1e	DCIM/A002/A001_C4326_004326.braw
2b1ecf9aedc920377dbfc4660e2496047bbd6952369a1f60fd5948cbdb821a59	DCIM/A002/A001_C4328_004328.braw
91bf0a1aec100a19d77332547d084dad52ef851b954146dffb6c98f34dd94db2	DCIM/A002/A001_C4330_004330.braw
5c7df1d0eb304c4e6d94290873e8390a442d5a80a5cfe9e17d3466028ecdffce	DCIM/A002/A001_C4332_004332.braw
b84aece74ad4875b791c9d726154024fc89415577cb9c7749ed107230672f0f0	DCIM/A002/A001_C4334_004334.braw
8b1d17b9503adb018ba9a86bbe1a759384b6230bae987b2e8e038f26686a9a9f	DCIM/A002/A001_C4336_004336.braw
4df48b1236f91d432a406e876b2f0968028b3a6ef697767362aa01a608336070	DCIM/A002/A001_C4338_004338.braw
393754ee3cf2476666ff7f6258e5548f0acc908d512aa6ca79a992747b79e4f7	DCIM/A002/A001_C4340_004340.braw
eca477ddb11ae11726bbaf15a3cbf7157eb831676a0eb58a3c66e407fba43de6	DCIM/A002/A001_C4342_004342.braw
271b3613e4217692046ef9feba3868a3d7f1c8c946acf41ad7d8243227f69d75	DCIM/A002/A001_C4344_004344.braw
d3f2764e4973e468c111368fadb1232cbdc54d14cf83cb826c8cc73cb0c2858e	DCIM/A002/A001_C4346_004346.braw
aae0ee382194246f3384ebd93489e5520868710c1044a7465cca379bd14b7112	DCIM/A002/A001_C4348_004348.braw
d33c55314e0082bf1a994c001a05954edfcf40618fcc213b155d81fd4ed35cd3	DCIM/A002/A001_C4350_004350.braw
12d1328c011b4764ef6e2572cf91b633ca81350db354b75e11eda9c5e6d64cca	DCIM/A002/A001_C4352_004352.braw
90cc44aa0e623212423a8e36d2a5a9a1faa20c4edddce434b869fce84b783a8b	DCIM/A002/A001_C4354_004354.braw
872f1f0fc06288d26ba542670bcf4afae903e11c2bc86039c575ec3282dd1f43	DCIM/A002/A001_C4356_004356.braw
016fabf5638eaccdb74e8aea7818c4293253499374995fb2190f879dd722c66d	DCIM/A002/A001_C4358_004358.braw
f309c0992020f4c5403525d27a7cfd59fef3e1f17105a8fd6e26ac1ce3bc1c70	DCIM/A002/A001_C4360_004360.braw
70e53ad6a6bddfeb966710a97417045d9e3e4c754b3d4333c9dd87696afb261f	DCIM/A002/A001_C4362_004362.braw
59158841a9024eb539e71c69bbe0d2a203a305c3bef80f002e8e38de7a4b54c0	DCIM/A002/A001_C4364_004364.braw
62f8e22be0c71070ae5a95e469704fa70832dafaf4b6125c161de05f247af96d	DCIM/A002/A001_C4366_004366.braw
e6f2bccb67deea8a76147a7c72bb772d4adc2f732e2d4190796ecaa6be7296b0	DCIM/A002/A001_C4368_004368.braw
a44b0056d088ad357655740a4b28565ddb66730c7e55ec1879288caccf07d2c6	DCIM/A002/A001_C4370_004370.braw
61346d8dfedfbc3df9c052900642e10f8b8a48f4237b0abb062cf0fb9395c24f	DCIM/A002/A001_C4372_004372.braw
d0e202e8e7a2189cc6f79dd845a00597ca4063c481cd26b18e552e1aa52f0c67	DCIM/A002/A001_C4374_004374.braw
cbfc15270b4078455452730676a2d6f0382cb998b36805eb452129f125d32e2b	DCIM/A002/A001_C4376_004376.braw
e87685264063f2af01fbc92a61d42111ac09cd9d19977d68dac67c80391d4adb	DCIM/A002/A001_C4378_004378.braw
fa7206d2e55ac4c7204b1e413fe6a8aec8ac664a805d70eb6b3892efe58ba58d	DCIM/A002/A001_C4380_004380.braw
38996f1e952fb0f433e66f026ff4bbf284dbe6d4a3bbc430f82f3342d61e0211	DCIM/A002/A001_C4382_004382.braw
83a8e8bd81c03d82b2f1ba0020164aea2aa8a2ec2ec0faf466bfca99768307f1	DCIM/A002/A001_C4384_004384.braw
8948267afb7eaa9e40a56230a6ab9248c5214ce7cc7e9e4933150f39e6762601	DCIM/A002/A001_C4386_004386.braw
190f6b30b31cf7ae7a5af263db432412740bee4e83403d06732098b587095ba4	DCIM/A002/A001_C4388_004388.braw
6a453b66ff7417116c44036d313264451086eb6516164ecb28c6f9914f11661f	DCIM/A002/A001_C4390_004390.braw
4a639e7c806dc641a72fc67db24216033d440e90ba93a1b12f1d93aa2e1e7565	DCIM/A002/A001_C4392_004392.braw
0b9bf6f07a6bff39eedcb663708cd04e4a7f18da7fc0ca697e0a53aa890d11d0	DCIM/A002/A001_C4394_004394.braw
f83e265e4b4047567bec7f11b852e577f44796e77edb03e6295d06d6065604a8	DCIM/A002/A001_C4396_004396.braw
bfac88c1d2eb3cf9f1a780bf1f7c8c43598538b7a3f4bd2b21573c5f5fbb65ae	DCIM/A002/A001_C4398_004398.braw
4bacbfd504c4a70d9b4be0d2ec5022a33f780733e746e6f1c23cc30275f6ccb7	DCIM/A002/A001_C4400_004400.braw
ae054ff620c617a24f12af7710899ab5711660da364fa9eeddcb5c9f88cb4b34	DCIM/A002/A001_C4402_004402.braw
b4674aa525d3da4eaf0d86fcadb8cb9132652d0cdeb26df7527b83ad5b76effb	DCIM/A002/A001_C4404_004404.braw
381ea45df7938c34cff8e4bcb7ce5ade9563d8543402dcc07785061d0c957d3a	DCIM/A002/A001_C4406_004406.braw
a11790b1dc64528ed8b7a2a1d45a3668a5eff0d406d56503c6ed02b31e3c2236	DCIM/A002/A001_C4408_004408.braw
702bd3a5f18c01e7afd7ed9e2cc8cb4cdbbbb68d130d609fc993e9b5217e69e6	DCIM/A002/A001_C4410_004410.braw
fedebd7f6efd9bd55ac72d672be62b76dd568693de00f5f90ae4a1f8b07854d0	DCIM/A002/A001_C4412_004412.braw
18588adcadb1ae8ac6ee72374513810a6b91d91e233e1712029e9e0283699569	DCIM/A002/A001_C4414_004414.braw
b05215cb84a4423c0a67c29fa55a671487e40832f3ae44fde5c0564ee68fd471	DCIM/A002/A001_C4416_004416.braw
2b9f46db6e0697f802ba21e49a7d0fa0bc4ff950de569e6761caafb88dfb021e	DCIM/A002/A001_C4418_004418.braw
772339c738a5624cb6cf5b00ab93ded03dcd6c23c7db1969b8c74d9a01dee893	DCIM/A002/A001_C4420_004420.braw
b336ae74cb26c5f188672c70f5971a41fa46c28e23e88d7f4538e0c2691bc687	DCIM/A002/A001_C4422_004422.braw
aec9a6182e4e5ec7b755a22f6ccd586ce18453c4005da5f0464f5c75c49fcfd2	DCIM/A002/A001_C4424_004424.braw
9282658b7cf8de453c070e20ae0a7ad1a276bb74ce05c58fd15fa560530528ff	DCIM/A002/A001_C4426_004426.braw
4ccee1496d3e722fde34d9a9332c5b1533cb51dc1e39a4207a15589a999ee1d1	DCIM/A002/A001_C4428_004428.braw
af9c625d2e9e762185431ba68dbfb6d36f2b1c8b6ab0882c42f620ad2877ba07	DCIM/A002/A001_C4430_004430.braw
b13ec8eb537e97394e4d1f905b3380535f18953cd98f75a9b5328eab49b9076a	DCIM/A002/A001_C4432_004432.braw
ed78ae62ea975bb8318c8434964c1f0dd40722b8793e2376867705a4bd07e811	DCIM/A002/A001_C4434_004434.braw
4ef06bcd956f8760d6029fe4ca98a62ca82a883944286b721a6be636a2b1ea0f	DCIM/A002/A001_C4436_004436.braw
7c876353c52a7630626efb998e0af79a913dc77869465f10d183b8b3383ad71b	DCIM/A002/A001_C4438_004438.braw
42d5c422f34c8e707961712d1e443afcce310c3ca6cfcaebfde0ff6760251378	DCIM/A002/A001_C4440_004440.braw
1682be6393cbf7db3144be9406c34ae37f272f181c7ea1b1640298295b105998	DCIM/A002/A001_C4442_004442.braw
55aefc4656ad7a935051734d6f3bf328ac49a3c03d5d9348d56560db701c9c6e	DCIM/A002/A001_C4444_004444.braw
2439b8782a3aa44167132e36f613ebc68847a2ca57079356076a0cb6caa09154	DCIM/A002/A001_C4446_004446.braw
0b57f87898a9d21d90f906f4db9658b772560e4b0af3a742c3176dba4643792a	DCIM/A002/A001_C4448_004448.braw
4dda825ab5c5d717564830bf4447c5f61d0f19054a206399fa31bbb2c6f83a86	DCIM/A002/A001_C4450_004450.braw
b4805059b76342b1dcb01a7fc8f52303d84d12fbc7dfcf2b96f080abac9a6509	DCIM/A002/A001_C4452_004452.braw
d7de909b192462fc6eadf79a5acde34c319c2242997eb4db76df03ed77778ad3	DCIM/A002/A001_C4454_004454.braw
6118558636f9bc267c0921a96b979295c3f9fe4e416a879d8ee5ff001d00f28c	DCIM/A002/A001_C4456_004456.braw
51cb8dd6bc23af9d03124e5bb486094967b2490e3e7f9b9ac367139cb64af980	DCIM/A002/A001_C4458_004458.braw
c528dc202036a2d8cae9c934131884d80bc75494a2405b52e707879df4cbd737	DCIM/A002/A001_C4460_004460.braw
70edddf5632bb3542e1a3e9b57cd39bdd7b466b8ef8a6ed8dd4e44c1b61aaf44	DCIM/A002/A001_C4462_004462.braw
4f9b7cb8d31a9e98e1cea7d36590adc0f8123a595889bfb1bd41f6bfabb480ce	DCIM/A002/A001_C4464_004464.braw
c0ba202f205de41d39cc020d74b1d146d16dbdab7f19ca066b9c19f32a14c1a2	DCIM/A002/A001_C4466_004466.braw
649b98cb238a32c7c8d3d16cef9210ef65c53467b1168727c7799f98f634e099	DCIM/A002/A001_C4468_004468.braw
7c9014369389dee308663d1eb0dbdbeae03fe2c297f142c126b6314fd8eb557b	DCIM/A002/A001_C4470_004470.braw
f0c2de0a09a6ff65bead138a9fd41537ec4f949ee561a3b1287692423d818594	DCIM/A002/A001_C4472_004472.braw
6eb2bacd97f7545a11702f6fef717fc01c6de1dd2598af7e7c522629f89942ae	DCIM/A002/A001_C4474_004474.braw
25f7021acbd5de56cf87cde10cc6e4c74d067f8ec2400aa792f1798fe28f9b17	DCIM/A002/A001_C4476_004476.braw
6b8b261f1cb655c2f728a5e08d0fcc289b8bbe8d8b369e7cda7cfe289003676b	DCIM/A002/A001_C4478_004478.braw
19cac385381e2a9dfdeeb667e0f96096b7dc6605cdebf8cf2db009380c412150	DCIM/A002/A001_C4480_004480.braw
5b391f7861e8d2df2bd6cc7bbd1db0c8cb4739fe1537a805e01202a50da41a51	DCIM/A002/A001_C4482_004482.braw
3b2a445a545c0df5710ea910448920ef08b8890d26a78d5160d483c24d1882cd	DCIM/A002/A001_C4484_004484.braw
74ee64b42c490b882316148bc9fbecacb3729d8f64484e7d0e95c7c069874b30	DCIM/A002/A001_C4486_004486.braw
535bab477f87c96b44d939bf0accf20c1b168d89bdd54fbe8a93155cbd1c4c4e	DCIM/A002/A001_C4488_004488.braw
be51de108fab8e6000679686a61b383d7da72c5831c3c777dd1cb5e5f581fc17	DCIM/A002/A001_C4490_004490.braw
20f28b4e1e8c90c0930d94198e4b4d92949571ad2c85094e0a0c6aef6d17ade9	DCIM/A002/A001_C4492_004492.braw
56c312ff25ad3309d5ff81d95b4d23585749a02e3011c5049660c651bc5584c1	DCIM/A002/A001_C4494_004494.braw
cb8f3cf67e5b09a4e170069bd54d6d7556ca58bae4446ef66560bfb9eca6a644	DCIM/A002/A001_C4496_004496.braw
300884b3b690a2fdf23601505f276d398d7f0c003971799db6b5f2ea71e85a8c	DCIM/A002/A001_C4498_004498.braw
d9aefd5272052b513c06115e7e7f6d12d540fc40371f903ea64b99540db8e24d	DCIM/A002/A001_C4500_004500.braw
58af7fa01d01358bf0afc2c539d5cc0f6278eee7679aae1c9ab9f26ab2acb87a	DCIM/A002/A001_C4502_004502.braw
8f817ec94c17967265e60e9c99c3b45ee6ec0b1e11975fc1656c78c56721d962	DCIM/A002/A001_C4504_004504.braw
6a250156064f248ec45aa84f151915debcde63563bfbbae6114da1e1b7329d12	DCIM/A002/A001_C4506_004506.braw
a93e8f68643e0209f83a9b2b262a08a47cce829782714542d21d805a94ff7d68	DCIM/A002/A001_C4508_004508.braw
dbe88c937befbca50514be395b452ca8d3f88f18fcbb7378c8d381ffcebe0b51	DCIM/A002/A001_C4510_004510.braw
8619e3d4574a94cdf8e56f15c5fa229e1652c674af20da38b876d493a9d6a523	DCIM/A002/A001_C4512_004512.braw
212bd47fcc18463f57577545805ef09b59cef4bb99f2dd1102dfa53cf887bd84	DCIM/A002/A001_C4514_004514.braw
f330ba48c6c608787f36744d0dcd55e71bbf82d324ae12b95207e86c92f5e6f6	DCIM/A002/A001_C4516_004516.braw
5c9326b1eaea76e5819e91699ad8293fa19403791eff5c45812cf513bb123a68	DCIM/A002/A001_C4518_004518.braw
dcb16cf5f69c64a8523f26ea5eb0c92f709522235023f72987ccde6fc9a13218	DCIM/A002/A001_C4520_004520.braw
b7841907276f9a3b820e1695d1a591244feb1c5f14574a2253620df996eafdec	DCIM/A002/A001_C4522_004522.braw
afa8723c37b04927b89941d72e60bd8305f60776a3989a6d057d0249efe06dbf	DCIM/A002/A001_C4524_004524.braw
dcbd34c6fb5a6481f4dff76ec7bfa33be78b7fa0ed03990b91ebaacd16b4177d	DCIM/A002/A001_C4526_004526.braw
9dd047e7a72cb4f5177bca7f2f8598377e09c5a4f77ed78425c210528c55afcc	DCIM/A002/A001_C4528_004528.braw
8dab5f90b517e0ff50dcd2e42dab17791df1e75dfe3c1aefaab6f19c0fcbe76d	DCIM/A002/A001_C4530_004530.braw
b7af9ffb26f36bd9e77a90fc3b95a68e80d3015f6acebbc29a548ab80f135207	DCIM/A002/A001_C4532_004532.braw
be51fa236526591abeb23c2bd2ff15ab40383bb564fcca22068ca9040ebc7124	DCIM/A002/A001_C4534_004534.braw
9c695419909f35dbd26c638300b903cdfa23f04cb11af35e49424be1551341a2	DCIM/A002/A001_C4536_004536.braw
7baf9a3f2bbdd298982efcde43f12cc9bddefc77a7bc517595945adfc6506343	DCIM/A002/A001_C4538_004538.braw
cb3b52781ac07e589411e09e584b41ef6c733adfc57b30b1d67248194be063ec	DCIM/A002/A001_C4540_004540.braw
e425f69aa721bdeccf41c9a5be88f74bed6dbc48c6b8e020bda6f88c5a011a0f	DCIM/A002/A001_C4542_004542.braw
8acf723744020db3fc8ae158216841ea4ed109677f11d1c67e3cc1ffd642a50e	DCIM/A002/A001_C4544_004544.braw
12feddbf8f4331d0f232b7453b159df25cbd29131a65cff5472151dbdf491287	DCIM/A002/A001_C4546_004546.braw
916dc29a5d2120bee6be75156c92d8fcee8ca4e5b7cae54bc1ac77bb9f25a385	DCIM/A002/A001_C4548_004548.braw
dbcbe98f7a6f001c76ff92ea7e10a7db1f3a87f3e4a1eadd6b6d7c8c7239838c	DCIM/A002/A001_C4550_004550.braw
3b6392f0ec255ecdddb8782d7bb413c855c46e9397a7e0df9f3d5f6557af51ff	DCIM/A002/A001_C4552_004552.braw
1211611c32b37843d805ca49dd398dba53f8ec1be0eaf495e705750bea40965a	DCIM/A002/A001_C4554_004554.braw
91e31297a1876240f466e476b95dd170bae25275d6c532953c754721d0d7b34f	DCIM/A002/A001_C4556_004556.braw
537019aab4dc4852ee256599ab61575be79064e9780f8c8f915637d422e210bd	DCIM/A002/A001_C4558_004558.braw
26f9de85d455b20a5840d76e1393aa348953533bbdb3998a692d6763266ead40	DCIM/A002/A001_C4560_004560.braw
9404859ad08521c0e7a73581d60293071eec7bd6f4dae67f7e585b91ae7544e2	DCIM/A002/A001_C4562_004562.braw
14804e2824a9e1a10f71332d7ad6212b846dc673cf79895e6afbbdf2408c5b8b	DCIM/A002/A001_C4564_004564.braw
fbc4a0aa5578cb217848567e869b21bac307bdcef2ee41120ce8d6613f38de84	DCIM/A002/A001_C4566_004566.braw
7bf6e6ead030e3566d19a145baaaa432028108db0d30a9e52deb64611033e7a9	DCIM/A002/A001_C4568_004568.braw
0447c290104a9a1bb85efd3a4153cd21768d7a80e46927cf72b6cb1cc88f7006	DCIM/A002/A001_C4570_004570.braw
19adf7a191e90a763a27a306f2247b8168561554988220c1922de6e0ccba5d72	DCIM/A002/A001_C4572_004572.braw
bed7f64cc5aa0d752f5d25b11f218022eb7061c26c5aa7ae101517bd2b105f6f	DCIM/A002/A001_C4574_004574.braw
f430b6d34ff8ccf6bb498275ecec71ea0c683ec0f29e97ec0e7367579e5ea185	DCIM/A002/A001_C4576_004576.braw
585f6f3dba029c934071157ed616fb1da5eee4e47956f4fa064dbd64a84f958e	DCIM/A002/A001_C4578_004578.braw
357f31075b75b158e61c753801d167018e2b82575d7e078f22c5ec0c7efb2f7a	DCIM/A002/A001_C4580_004580.braw
ec52e1f63c0fe41dcceba63b895db76854b99691dedb715cedde90b90d8783d6	DCIM/A002/A001_C4582_004582.braw
463d519269283f3721f1276d95f4715acbe813bb9d1c6fa9cb148abe88f2d39f	DCIM/A002/A001_C4584_004584.braw
62baa2ddf9a1f0ccee2c7d00f1c95c30f365593395f31cd71bae4aa753edfa23	DCIM/A002/A001_C4586_004586.braw
8075205cb96e46e4add108546adf9d32b29846bc7095717e10bada7ae1adb5e4	DCIM/A002/A001_C4588_004588.braw
f29cb00dfb7763ece512e4f1d06cd44f08c4cf8cf8d72c2b81646d694c27c763	DCIM/A002/A001_C4590_004590.braw
cd8b5ffe35c48629f449524e430ca07edaefa3593bdef40169fbe7f9876d98c5	DCIM/A002/A001_C4592_004592.braw
4d973f1cf30ad6b88f17d07a24bba4e4fc8c531bdeb0f6ef14721f087aea53c2	DCIM/A002/A001_C4594_004594.braw
9d65a1daba9e0e559e52b95f73b0d74d191e43959c24786afb595e7420c1f0df	DCIM/A002/A001_C4596_004596.braw
b5a8bae3969bab0fcc608b854188407b7b6466d90450f2d4df108fa8e8afb2aa	DCIM/A002/A001_C4598_004598.braw
4f11f77d40436100c913ae5ce09f7b0a7d525e01410948e258b44648cae864d2	DCIM/A002/A001_C4600_004600.braw
dac594f8a6f8b5deb9c9cb2e516ba71add164175d875eac0169d236cc88f2f78	DCIM/A002/A001_C4602_004602.braw
4ef0ee7d3ed074747fc2e8c0ab1b776803a9e40f3782ec2f100ea410830cec8d	DCIM/A002/A001_C4604_004604.braw
d408f389afd77f6ded3a388e36d91ccc9b853a5257ce858fb1a2853fe0bea8d1	DCIM/A002/A001_C4606_004606.braw
192ecf26187d66f9491851bb290f5f424677f9257f38f0f48311ebe6e394aace	DCIM/A002/A001_C4608_004608.braw
c19d373528bc85cac0994228c2dba1fb447ff4d34d36329ac6e46d58cd8c2f4d	DCIM/A002/A001_C4610_004610.braw
56c41ca6bd4130e476e5341fa146cac8d40f623cf2a57f522d7510cfedf3f339	DCIM/A002/A001_C4612_004612.braw
7c32b91c7121c272bf8f0e2ee17e30f9e4d9b22a748d28b9ddf52f828bae24f4	DCIM/A002/A001_C4614_004614.braw
a77b32fa31e0524b3ae16f29e481533819b6f9b80f33796ace8063b2afc7e83a	DCIM/A002/A001_C4616_004616.braw
d42d414c18d3ac6156fc129369dc1b824837862bae3e89c239c781a45e76e7f9	DCIM/A002/A001_C4618_004618.braw
645f5ad4ec016d135c6c0e9141d32ceb67ec6fb5a4d0fdcb900930678e8fb097	DCIM/A002/A001_C4620_004620.braw
42b66d1acff94139c1ccf3b4e273c16d9abb0be3a88c5a1c2b2c09d4e86314b4	DCIM/A002/A001_C4622_004622.braw
c54ba804e41fe49b1343d85818b903f4a9b41f64207e327a7f76faf9080c7d1a	DCIM/A002/A001_C4624_004624.braw
708a4cfe5a351f45fc1a9ed3eea096b8f80178c388e4ec99f38ab29133bdcca7	DCIM/A002/A001_C4626_004626.braw
047a79c779887aae424b55b855fb3e432c3a488fdd5a440bc30bd46685e5c4f0	DCIM/A002/A001_C4628_004628.braw
fb6ace90953f436eeddc3c94acfe8d6e9013ffb7039dd59ae048a295d8adca5c	DCIM/A002/A001_C4630_004630.braw
03a085350b8c00f876b7f18093fc611c7b5ae0068910d3739234dacb7a0eb358	DCIM/A002/A001_C4632_004632.braw
00273ef0a66da511cf7514dd76f8af30b8a2c948412a0b8d69ea1b701ed46882	DCIM/A002/A001_C4634_004634.braw
1aa5599cc78abbad01c7c88c33e4d170fb464a0b3565edd51f0a5142431a6e8d	DCIM/A002/A001_C4636_004636.braw
c8587e83579e08de97dd0c30e2fee4940fc5bbc29c029b089607482e363cddfc	DCIM/A002/A001_C4638_004638.braw
08d4b06b68e469ccb9d2ab3e0d3cb456dbb77101e58168a4c478e91521da03e5	DCIM/A002/A001_C4640_004640.braw
f826a8b0b745d0bf96eb3907c21ef63ae1574b5493cd3947e028db4a26703f38	DCIM/A002/A001_C4642_004642.braw
c3fe00c85eb7ac3174d714fd103b731cd562297912d0b139330600c85d47cbfb	DCIM/A002/A001_C4644_004644.braw
9aac3a0233eabc289009ea4d8864a0277c847b11edfa6bfdb9baa7c35dbbe88c	DCIM/A002/A001_C4646_004646.braw
afb4a906c96d0826c1d6ee91c15c3dbe391448f39f7b26f3d29b28fc7e1f433f	DCIM/A002/A001_C4648_004648.braw
bff61261b682114313a70cd2250240d5a0be96f74ff48fe0cdc89e8566bf8e31	DCIM/A002/A001_C4650_004650.braw
3bccf4edddde8e4986b2b1704af85bc5a6f83358952813f3a968887d407da149	DCIM/A002/A001_C4652_004652.braw
87c0308d49a61a3851ec2b3d994d11a95fd58231e7f2c8146c47e8c475f73758	DCIM/A002/A001_C4654_004654.braw
bb22d705ca9e2f149bf1fb9f9bcd7b4c1e1d9fdc0c5836c4de9a0f052a1a9752	DCIM/A002/A001_C4656_004656.braw
2ea1bd9b6d0fcfded452c049bd579bde3d21250d3ffef6b313157dcfe705242a	DCIM/A002/A001_C4658_004658.braw
08d2501f87361d9cacb5f3d99c8019de3b24a81a53f73306b4be2a31e739cd85	DCIM/A002/A001_C4660_004660.braw
bdc1fd07961a497349681673e6270a02d6c47d95933403c034b7754aff6a3cfb	DCIM/A002/A001_C4662_004662.braw
5f387271b2ade4499137c6b563bc6edde3c102057ba18865f87017fe1be9fa2f	DCIM/A002/A001_C4664_004664.braw
15ddb64ea8742ab5b690bbb186111c49dc1504b1d1405a35d8355b98111ac7ed	DCIM/A002/A001_C4666_004666.braw
19cea7a297b39dca8b338fbbc496d17c7f9100484cc8f1035871a38c88c8ab28	DCIM/A002/A001_C4668_004668.braw
fe7255e41b15178c5fbdff952b6908ea538985788cc4eefbf8e774f3fe00eefd	DCIM/A002/A001_C4670_004670.braw
be276a15a626d6d943008f588758995c6a5cafd6b0156fc64834143d424ab65f	DCIM/A002/A001_C4672_004672.braw
47c84a8a29e5a30a6f2492028a91d5b91c0f66f71dd79b2f9e122378e247b6b9	DCIM/A002/A001_C4674_004674.braw
9c198d0367798d56394eecf681dfcccca68ebf39a54826d7b15676fe4d6615bb	DCIM/A002/A001_C4676_004676.braw
c2a0c6dedf87ce551a45261573188fc080d14814c65cac63815102ae32c57474	DCIM/A002/A001_C4678_004678.braw
16a330b3cf1dd92d499b397df8aa700c459b2f3a399527da2adcd77923573d28	DCIM/A002/A001_C4680_004680.braw
1ff62823f1d642057d88b5abce9472edd36089e6749bc58460c5a15bd208b6e8	DCIM/A002/A001_C4682_004682.braw
e6139249e0eea3e9ea677932900b604c33fc2afce8a215919632e5a3300779de	DCIM/A002/A001_C4684_004684.braw
7b28b70c9187e610393659e41ab3529e563d02e81fdb27f8a74c444bebcea1a8	DCIM/A002/A001_C4686_004686.braw
8e646740f79ef852220493bb8a0a3c822f910f3cf208f4a45147daef73b7a21f	DCIM/A002/A001_C4688_004688.braw
81633f41f052eaa266e93e98e9b7976f643196d04eee23d37bd5478ffa1a21bc	DCIM/A002/A001_C4690_004690.braw
294581d2f6f5f7b18318f059e589521a4252247f660a5c61a2b8f8b63c247dd9	DCIM/A002/A001_C4692_004692.braw
ec7f143f07f2e9cba23e654010e0db52447536526e8fa8f22891a2cf1374f976	DCIM/A002/A001_C4694_004694.braw
f2ef6c2cedfbbb1c20ff60ad3ecc001981f35513fc7de29c0f4a11cf419bdfc1	DCIM/A002/A001_C4696_004696.braw
c68455de05fbd958c507a9d7564415abdf088909a11e2a796e25c04e81e638f6	DCIM/A002/A001_C4698_004698.braw
774141422dc6d56358ffefa841ccfe1d9c0d21b40c01f93c171721650b4024f4	DCIM/A002/A001_C4700_004700.braw
9e22a76eea2bc5777d8ee9f5097d4505f458563f60f9a4dd86c29326823a6487	DCIM/A002/A001_C4702_004702.braw
e8e62f26f65b502792d2c294b4fb5f7009b904bd03c8aca05ec110fa14cdf162	DCIM/A002/A001_C4704_004704.braw
fb5c4e94969546ec7957fc95d0ef55b5dd3782c0ef877a72b46937a4684c5cf5	DCIM/A002/A001_C4706_004706.braw
1402d35d31758c1dce20160dea9bad11a427ef5ac66205392a5f0bd0100e478c	DCIM/A002/A001_C4708_004708.braw
4a9912cbf3d8e9733b4110bf4536c950b789db5ebc9e2a77dbf09012d36ccd1d	DCIM/A002/A001_C4710_004710.braw
4984791be2bb0093ba33b2a836f06413f556c0f63250cfc873920a907658c659	DCIM/A002/A001_C4712_004712.braw
7878a13b83e4575022b3612e588da50b705e6dc7fb3b4773a217f2d28469e7c6	DCIM/A002/A001_C4714_004714.braw
ca9cf6290d6146dfa289838136eeb56aad75721a3f0357546334a56375bd0b77	DCIM/A002/A001_C4716_004716.braw
7356f80a5991df206b550eb6e1b97f1bd85d7f5ae382c5698fab51912f2ef140	DCIM/A002/A001_C4718_004718.braw
8413f0750d12f67856d3926d2a21bc1cf4118c869f39afbbe862e2560d58135f	DCIM/A002/A001_C4720_004720.braw
9ac407e73880875c203bdfcc547cf8e8a56e07337fe213742926e8944367080c	DCIM/A002/A001_C4722_004722.braw
892e58f3e98aefd42d18ae4b036f529eae2f563547864eb705eb886f02320ee9	DCIM/A002/A001_C4724_004724.braw
15bd8a77e84aaa5d7ddc115309308d0ec3eba6f7527c2329e0a185cf083d6281	DCIM/A002/A001_C4726_004726.braw
a8c64d1769666f5eb14dd4ec339440abcba8b963f4d7fb0fd7e5153bb78be890	DCIM/A002/A001_C4728_004728.braw
5338a0a6c0af052f2a66b813764bda02f5c0d789eb60559d8051a17531962f30	DCIM/A002/A001_C4730_004730.braw
72cc2d46299fbfd5cc9beb7f14d8538b0f105f5e6901dfa27ce2006675099b10	DCIM/A002/A001_C4732_004732.braw
30a0029769a3e7a936d9a59aeee847b0ea56d04d32f25e60b1d26a8713761ea0	DCIM/A002/A001_C4734_004734.braw
4e5470f2a7ca6ce2b3d8e505628d851d70e8b4ba7b8a80306157c61672ab6615	DCIM/A002/A001_C4736_004736.braw
8eae062e045bcec5375471b7bccd19be00ecd613a0e98510b1a0392f53c9d0b9	DCIM/A002/A001_C4738_004738.braw
95b6caa5d7833164eac261a45feb166de6c0fb023c93529013fd3eba47a76c63	DCIM/A002/A001_C4740_004740.braw
e4d91e5d839e3cf075135c1796a9a2b5112d233028ae5b62a943373d7ef06c8a	DCIM/A002/A001_C4742_004742.braw
115321c68e12835224c1ca482a8b97620bedbd13032f6c3b67d686b5a9ec17d8	DCIM/A002/A001_C4744_004744.braw
8c7de91949bcb6db75b044be147062e996c48e7be8c56d89761e5492ade0cf05	DCIM/A002/A001_C4746_004746.braw
e1fbfc23a8fba0eb9f9cf542afc9f982b77b4601b1dce9a64408315fcd22f953	DCIM/A002/A001_C4748_004748.braw
bc90a333375a17b847b51b0120936242eaa4a7db460882414555aa4fa6b7422f	DCIM/A002/A001_C4750_004750.braw
2a4155e5c9d7951a91e91886b25483a45593da7b4817bc6ebf5e0d85ca6ba092	DCIM/A002/A001_C4752_004752.braw
87f1ee0be1feaa88462c729bf9cbc349a576773d5e5f1c5828615829547fb0fe	DCIM/A002/A001_C4754_004754.braw
6a1dc7abc2f88a1a378285771f9104020013f39fd09e21d9a2e64646de9b8292	DCIM/A002/A001_C4756_004756.braw
d8a98aec93040f9cb41a34d4058d0a511ceffd9e4aa293cc02e6f4e00b48a065	DCIM/A002/A001_C4758_004758.braw
1a878a048e095f0f9aea74e6e7b95a388a244a610eb31739a86d75f1b6fbf8e4	DCIM/A002/A001_C4760_004760.braw
bd6895d5f3858d738af058f25f972db7236f78bb145cf0e8e1a916f5fda81b8d	DCIM/A002/A001_C4762_004762.braw
884d1c27a16d1f1081920128356f4972fa4c653271a6e6d9ca34dbf3fd68ee27	DCIM/A002/A001_C4764_004764.braw
40b656816d91caa49bfb99ec98929485d733ef18c43b515cd2e02c1436b34226	DCIM/A002/A001_C4766_004766.braw
5a0dac91dd6f6d10c3306ad44fcb9a4823f2733ee2d881626f6581ec8d86e0d6	DCIM/A002/A001_C4768_004768.braw
b6bc78801047e35658daec70c60b3c7a94737bb3dcae023c4808fab2d00407ac	DCIM/A002/A001_C4770_004770.braw
25e4643309171900dc3a048221062b1d35459431647c5792fea2d1d09badc00f	DCIM/A002/A001_C4772_004772.braw
e8db7a9f92bbbaf88856371f766cb9ddd2529f7424e8eea12ad8c2b1b91cd9b6	DCIM/A002/A001_C4774_004774.braw
c450580fd679599a996171a6db81e1131e05a841bb5ad4c139ed61bf9b222578	DCIM/A002/A001_C4776_004776.braw
9f0c1871672cfc8c49c3937c4ae30cf3c741e5e74ff55e1915fbce90d9a7e6bb	DCIM/A002/A001_C4778_004778.braw
760dac35c5789eb3c2d2d99b9a9163eb8771ab7f07f63f8d06aa43a8cc21d0f3	DCIM/A002/A001_C4780_004780.braw
fecb02adc8a57e01fc8ce1c5018936263e7a9dae6efd263cc4fea8ccdc51ef7b	DCIM/A002/A001_C4782_004782.braw
44dadad2ae380604d7986b8871ab74a2a38d5ceb48f22efe7214dda238c5bf28	DCIM/A002/A001_C4784_004784.braw
ecf05aa76fcb875da8a3fa9bd16ad683bbd62f48c08b7c8c4086e4620d28ff49	DCIM/A002/A001_C4786_004786.braw
695250e58a64cf4daa947d01f819292f5108a71b84fb5dcc458a776e19dbe160	DCIM/A002/A001_C4788_004788.braw
1e86e6625b6dabee66867ac3e7d9dd7841c06c88ba1b2d44c270248d33f6c59d	DCIM/A002/A001_C4790_004790.braw
5a1f3f0f0ee5961199a7d724ae7c3e7c5df74d0fa5cea1af2cdd1bd8f1ea80ac	DCIM/A002/A001_C4792_004792.braw
252ab0b7cae95652cbdac69f9dfba6cc4319aa7b919d2fe297686426ac0690c9	DCIM/A002/A001_C4794_004794.braw
95a5de304f2c06e045a51ad760fa9336fa9a839b9ba17cb3f8e3b649385f62da	DCIM/A002/A001_C4796_004796.braw
ab8399d010f6c4ce72d3489ff06695b9a14ff516deda1dcc892d180fbdd3db8b	DCIM/A002/A001_C4798_004798.braw
6d73eb03cdbba1a38aaca760768ee316c78d3e557778f9db8359ae1b9c74880d	DCIM/A002/A001_C4800_004800.braw
0ea2bd13fbfae688d1d1070242d09820308b4310e4dfd464adcc8fe9e9dc27c7	DCIM/A002/A001_C4802_004802.braw
8600edf2a7c1733932ca28a0180f2932e7c11bc1d090af9da23d9020f7c63ad3	DCIM/A002/A001_C4804_004804.braw
9cb1284a7663a1ec994a856cba79e34be13fbe63a06e66bd2105694da82f05c3	DCIM/A002/A001_C4806_004806.braw
329e6aa6be9e1b264413fa8ed8ad258eb0ad4b39f5f1b1a279bf86006b788c3d	DCIM/A002/A001_C4808_004808.braw
b3d6cd78d630a1fb2e9fe6d99b442805225e204896984dc24631cd0240e83de4	DCIM/A002/A001_C4810_004810.braw
6e44892a709814b39cbf0c1ffba1a2086b60494077a265541021e105351c93fb	DCIM/A002/A001_C4812_004812.braw
fad02403eb7aeacb6c2abc79980ffd886b0957f3c72ea5fc28e5b10b05848304	DCIM/A002/A001_C4814_004814.braw
b24c11142fe2e6aac80af8eb4ddd15ea4c8bc1ac6fd0087d6c6339146c0e0c67	DCIM/A002/A001_C4816_004816.braw
1d1caf1d2e5e53087c2dd49886831227d1e1352346d3f22f960edab8ee5716be	DCIM/A002/A001_C4818_004818.braw
ea3362d486ba92bbbc8de53b3835de7935fa217b8df0458cc5803f602c07dfd1	DCIM/A002/A001_C4820_004820.braw
46e80517ad2808c8e4f164cdd00d980f86d64556455e55f1bf334f2f0fc53f94	DCIM/A002/A001_C4822_004822.braw
ac4b27a2584f120c29075fe14bc71ecaa1196756752828d5dbe816b3353823ff	DCIM/A002/A001_C4824_004824.braw
aea341dcf67200a2c997c52ea920fc78ab91d8ec6e7467faca67c2629f173601	DCIM/A002/A001_C4826_004826.braw
a39c6d8487386665183f9260f176c7d8198425c3d7e9324b56e454c221717b39	DCIM/A002/A001_C4828_004828.braw
45375854ee973842d0f134d3c364c952ea49b620e35d39f3933b78bf3813f41d	DCIM/A002/A001_C4830_004830.braw
00164b1d2fc448ed16e2fc54d1f4037c9e33ba9033e39e5683301bb7bd2d5baf	DCIM/A002/A001_C4832_004832.braw
ce3e45bc13ebe370625d1d16ef47e9e06a045d6b530fb67d6a491c4d4eb74290	DCIM/A002/A001_C4834_004834.braw
83a78d94abc79b89133cc70a66029cca11b0b6fe2079b738cb842412a7cd5458	DCIM/A002/A001_C4836_004836.braw
6c2d80f3e1a4b886812f23f93117629f3c06a54f3072d76f86a307ff22c4593d	DCIM/A002/A001_C4838_004838.braw
2789705b47cb9f0b182c82474f555adacd0bd415a35d39b889f6018903f34d25	DCIM/A002/A001_C4840_004840.braw
65c0fa712fcec404ac3ea60d6d2b25ad613980ee031d4f86c1ed97f86bb53eb9	DCIM/A002/A001_C4842_004842.braw
aa4175150a32a4d391b5fafb32494da2613fb6d4f052b0368305850c7bc200b3	DCIM/A002/A001_C4844_004844.braw
826ff0ce5669f626561d20a7ad995f7ef46bff1e13220dc4a56db222f9ef49b2	DCIM/A002/A001_C4846_004846.braw
9ba27530f7a365dba50d495681c4e8853578ed50b65c1cc9ab96fea0dc1b9b7c	DCIM/A002/A001_C4848_004848.braw
6c3819e773c4aa3f230f17a5d6e87147cfb0a65c51702b813009db2e733f5c84	DCIM/A002/A001_C4850_004850.braw
c1b96e5b11271f3e751405788f6735dfbc0295edb93956e073ec69596fbb0393	DCIM/A002/A001_C4852_004852.braw
ea7157c59abaa5c7cb6a59cc53b443af1ea0fd2421fdf8b6a701b340024fe8b8	DCIM/A002/A001_C4854_004854.braw
fee2fcb1abd4b7fae33e24e2548c71a27bff3176ff25893cbc50257b5561d395	DCIM/A002/A001_C4856_004856.braw
e99d6275bf75d1882f5b343eb558265bc1a9baee8f1b51a4d772562e42d147e9	DCIM/A002/A001_C4858_004858.braw
b534f741fd4c7a67d36e3b72c1e0ab3653ecf15ca355b0b10f103f19162a618f	DCIM/A002/A001_C4860_004860.braw
d929b67f1bfe33f25f3881c7f89e390f7fdd0160555eff3f798ef4df3f8db80f	DCIM/A002/A001_C4862_004862.braw
8f58be0f7c2aadd757439e8f4b3a99c6899b50542d8fdc31b60936b70dedebac	DCIM/A002/A001_C4864_004864.braw
1dcff3a6a167fedaefe2758f7fd24cc7bfb2c5662e2bb6c30498647593381259	DCIM/A002/A001_C4866_004866.braw
88cce90d9940a76fbe601c88b159101763550328e7d590791e3f507039c0aa85	DCIM/A002/A001_C4868_004868.braw
d05d2ef4be1609a4dc08977dcaf200d7ea4efc148b08d8c434eeac7942d3dfe9	DCIM/A002/A001_C4870_004870.braw
2696f392a1b8abfbb3c4aec32387aa7b35c7df9d67414ecd390a1bbfb51b8cbc	DCIM/A002/A001_C4872_004872.braw
b952f8312f4d2e04672834fc7d172883c632655413eca7b084b7955ddc1d8fe2	DCIM/A002/A001_C4874_004874.braw
46854eb9ca52da580b8fef7663339bca5207dec713dbecf5ade9be7eddd67061	DCIM/A002/A001_C4876_004876.braw
b120d2569fe73603ceb9fe24828fbb09a82f29d9c640db1680f8e4713bfe528b	DCIM/A002/A001_C4878_004878.braw
7ac6a994fafaa7198386fe188e935a15f1a391cc67291ae9fa9f9bb3fbbca29c	DCIM/A002/A001_C4880_004880.braw
f0185bb394d2a2772175def1025c6860aa58d241e202a06ee91a29ead5bd95c8	DCIM/A002/A001_C4882_004882.braw
cc9cfe19a23d2f023c548552c1f24d2924779046b0a73dfa0a69ffdb81dfca43	DCIM/A002/A001_C4884_004884.braw
3829d296d7f1d759a0d051a67aa5b9d8a7a113e01dc34532b044343189242def	DCIM/A002/A001_C4886_004886.braw
addb59f79803cade0dc746db19ac6c15da9b98ee32d69a3aa9da415895fab4a6	DCIM/A002/A001_C4888_004888.braw
f3049a5cb7c135d9bb75e2543c47e49565e683fc1de34de8be74977ad2e362d3	DCIM/A002/A001_C4890_004890.braw
f5467c17841ec6b0866f7cffeeceb7d363a4125963e7ce80e4d6bf2acba73596	DCIM/A002/A001_C4892_004892.braw
9db843142a355f0e44bdf7cf5e5b92dd5633c400bad037b24605e6848252e91d	DCIM/A002/A001_C4894_004894.braw
da644eb43ea6a3a898628ea5860b85e2332620ce7ee115038b80c6d9d850dd42	DCIM/A002/A001_C4896_004896.braw
2e0df7b14273ed1726748a3724914a984fe823aaf9e31532a3f6eaf8e9d1c928	DCIM/A002/A001_C4898_004898.braw
c04b70a810f4bfa5cf5846ed1d9ccbbc21386eedd1870c801985d23161a92bc6	DCIM/A002/A001_C4900_004900.braw
4e443f2616601f165aa483887b444600512b1eaa37400f0b16010f13c07fafa5	DCIM/A002/A001_C4902_004902.braw
2445b35b486b54feb3b6d3b4258541d910a13c52df3cbbb81262fb36c032ab7e	DCIM/A002/A001_C4904_004904.braw
a3d15d81a87a039bf1dc07971581922e4eba99cdd5f2d585408b5113d4d4e946	DCIM/A002/A001_C4906_004906.braw
b3313c50e4cf594056996889720a0bc15b1eb7f1ecdf32534c3bd65aa8b1116e	DCIM/A002/A001_C4908_004908.braw
62c9442c36cb118eca6a757c57d9d5fa1ff8f32e45ce01c330172813a4d3423c	DCIM/A002/A001_C4910_004910.braw
db6c1935ace7509e7abded8aac6f1181f5d968afb31c75c5b393a6b105a87255	DCIM/A002/A001_C4912_004912.braw
c0ff1da04812bdccc33a4196d96d43bfddb3f87e16ce392bd4961157e2d6d570	DCIM/A002/A001_C4914_004914.braw
7297a9e0ceaa370baa4f16dd9eff489937b1c430a538e046c7933df7f3bd59c2	DCIM/A002/A001_C4916_004916.braw
5ca9e7843d27c8f6b362ec1aee45f6666ae27e049c34fa83f467406673de6112	DCIM/A002/A001_C4918_004918.braw
982ac9ca76f47dad797950ad5ab350f68f181a6c4764d9f3bf025836c99c3761	DCIM/A002/A001_C4920_004920.braw
ffef93f5f2f611253daf8442c9b17a67e836eb361a25fc0e41db6cc8392fd2c9	DCIM/A002/A001_C4922_004922.braw
3f721f0e9e26a6408876e28257c3e867dd4be28e98c36146bb629ac20ff79151	DCIM/A002/A001_C4924_004924.braw
a67783e08538f3addd60c30ba3f5785888da99c3f3fdf147d90eb9e015ace5f4	DCIM/A002/A001_C4926_004926.braw
2745351a22743275bb4ec9722489c34f54671114acfc54ef56dd42ff39b33b5c	DCIM/A002/A001_C4928_004928.braw
e6a399c8b082586607364d3c0cc7a3df9fc9c6619b4d5ffa5518ff66dcfad550	DCIM/A002/A001_C4930_004930.braw
542c55dc655a3cac47281141e5226985cf6a13643c385db712c2e331c101a86d	DCIM/A002/A001_C4932_004932.braw
4a8b962ca0d46a26d2d66fbe505aa9cbb207d8ef6dd9269589361179b53ce53c	DCIM/A002/A001_C4934_004934.braw
cb7e3323ea475ba0161af1e713551ba6ddf5f971a3db69fa995ff69941015f5c	DCIM/A002/A001_C4936_004936.braw
df8c5bfed6cc31940b110037064a19fd92065897633533662c5208c596ef30d2	DCIM/A002/A001_C4938_004938.braw
c46d9b96130b3c4007796f953689a6f6ee036211ee6358d6f32c217f9382de71	DCIM/A002/A001_C4940_004940.braw
972c8642db8c2c4db0ee545b79dd6c598e16e4159f71cf8bd4ce4f5528905c89	DCIM/A002/A001_C4942_004942.braw
d6df35f2f76ca14eddc150101ce1f440b9329d1249890f26f3e5070f2752039a	DCIM/A002/A001_C4944_004944.braw
098ce8f687ee1c0a57b23508960ab18db7b0482ceee474ebec4e1a981eaf18b9	DCIM/A002/A001_C4946_004946.braw
140e9864dddb5918ba1a2c9edf06a3c0e392875bd2c9d2897a416c06786cfc74	DCIM/A002/A001_C4948_004948.braw
40aa3fc0a144d9a9d83db6c2044c294d279a39c3631dedd4fbd6f57f299c5b6e	DCIM/A002/A001_C4950_004950.braw
6d1b3452e51eb6865b4e78ca6addbbc985ad220a79548bcd973988f522ab7d75	DCIM/A002/A001_C4952_004952.braw
68efdd79588501375c979946ce0c5cb9c767a22d6e47fcd36078a37426e9c0c5	DCIM/A002/A001_C4954_004954.braw
73a1a0746c0789492fa3ebe2f0d8820129ba3953c43e43070cdd1d495b675570	DCIM/A002/A001_C4956_004956.braw
55fd888735300076a8f91c6a440dc6362d60cfe210c78dd68c4f409e9b2737a2	DCIM/A002/A001_C4958_004958.braw
a090d4dd0479d7023dc92b1cc7868195f2d8cc72a245e69bf78ef4f14a96c830	DCIM/A002/A001_C4960_004960.braw
de5442306df5e9af05be5fa19ee38411b99a21b808588ae5293b5db84f1b1dc4	DCIM/A002/A001_C4962_004962.braw
81ca4f2e6a10e23f60446279914000ca71f8aa52728e7a3ad99161e744ecb1e6	DCIM/A002/A001_C4964_004964.braw
da6716e656bbdb9d6c45c8ac8a7393f265ca8d71e2d2b69c99050730d3a6b5b4	DCIM/A002/A001_C4966_004966.braw
8a0927070c6d548479e62d300e802e56f7365597bd8535ceb26889c7064bf93f	DCIM/A002/A001_C4968_004968.braw
13b0fa9c9ee15424e548d5c063a854a0741674944ca14b7f2bebe573cc5b880e	DCIM/A002/A001_C4970_004970.braw
89ded3c5ac475216181a552aa6dd7f8956f8cfc74db2aa6b7720376afb315d33	DCIM/A002/A001_C4972_004972.braw
3776d21c7ad024184a603648d9513d06ccba751d727fd5d62f39193bda4927a7	DCIM/A002/A001_C4974_004974.braw
221f86dbddeaa2da58bf67bd4db27df0b6540e27691368b1359618b97d8bda98	DCIM/A002/A001_C4976_004976.braw
c7f0deacd1d4e7c1a6566859127abed316b3b98b802dbf5cd64ef7bcf566d3b3	DCIM/A002/A001_C4978_004978.braw
5d79740f117d92b04fdbdfeafba40f32d6401056f35d9a971ab0b31027399acf	DCIM/A002/A001_C4980_004980.braw
777d620905f03579ce4f107aa5b1f740156502940a6cf08c47d519c814505d1a	DCIM/A002/A001_C4982_004982.braw
6a2c5d5298e6b939596c52943fcba6c7f09ac8b36c3852b9c2de5111aa5cbb1e	DCIM/A002/A001_C4984_004984.braw
b6dc39eddcc36a40ff25fb4c9354f544ef8c74cd04bf1fde6ddd66f670e08763	DCIM/A002/A001_C4986_004986.braw
165e8aeccc098a115762ddcbc0077599784b15a0fe93932471e8e70664496403	DCIM/A002/A001_C4988_004988.braw
e76e396ed88ae07fd0e39bb1ea363632dbe50e9d209df0619d10d03b2f3d8748	DCIM/A002/A001_C4990_004990.braw
b83dcf28a4c433b0da279244bb043163e9ab77eecca5e94537747f6c288d5133	DCIM/A002/A001_C4992_004992.braw
2e1fe17b94996c46a372f967eca4087d675607c0e24cf3e1fb793332a9088721	DCIM/A002/A001_C4994_004994.braw
4e824c04f6f046c83277334c2f9a32dd3d807cf49a80615cd5eb7a0ee7ca13c8	DCIM/A002/A001_C4996_004996.braw
e13e94b1c9d5994cfdc0f40a219c07ff97cf695d2ffb2167d6ac528c58b83434	DCIM/A002/A001_C4998_004998.braw
2d711642b726b04401627ca9fbac32f5c8530fb1903cc4db02258717921a4881	one-byte.bin
c8eebee6633b2c43d1ec2e245b2eafc926ba0c31b31c91947aa17c783faa73ae	Photos/IMG_0001.JPG
afa8b0b5cb607fd8a9201b772e17b5030a5455059d26a9549b651b3fe37ebd08	Photos/IMG_0002.JPG
74921c559f353419a27fff83731cdc1cc9cc0d0fe6c0e2deee017e7bd98fec4b	Photos/IMG_0003.JPG
674746026b3307c7202c11b636009b9d0be5685298106ad1e23f517327d0423c	Photos/IMG_0004.JPG
05be31a5bb4ed75cc8dbb91dfdaa1173364482ac75cc3f770f5a6e02d904f811	Photos/IMG_0005.JPG
ed9195063abc25ebd9ac80843ccfd7c4f1de0195ebb22cf21493430ebf45c31a	Photos/IMG_0006.JPG
0b56a5ca45df8600b0b33b3b4f0ed3ae89e9365128d1a9082cc49286422b89a5	Photos/IMG_0007.JPG
3136bef41286ec976852efaa1521867eece7beeb5ea3f186481e6f546bdcef83	Photos/IMG_0008.JPG
2af8384c38b07eede427fa636105b61bb9d6a209453219b52451a309dc65e19f	Photos/IMG_0009.JPG
99fbf024b2ca3eefec7bd016ff5d99ea1a3732cecb612ec82430b3d4eeafd65e	Photos/IMG_0010.JPG
9275f18da1621e822ac6e9ead81fe762a3f74a5cf697fbfbcaf84338e4809b14	Photos/IMG_0011.JPG
661f7bb65fe953e6cb5bf40b041d9b6efdc53452d9ce6f7dd1833a6f1f7c6698	Photos/IMG_0012.JPG
26c809b299a00da2032bd2ceac51abda671adc8d621bde222dc85711a2bd7cd8	Photos/IMG_0013.JPG
0d00f198b79ef074c63ae4d78bad286cfb5292dd1b9f650b3efbcf185fb0ff0b	Photos/IMG_0014.JPG
c9c9ea6f1d0ce1d5e3482b917597978a889f66f2925d95ab45f83e3e455364f3	Photos/IMG_0015.JPG
c4f977b231824bf0fac765eee2ae525a3a73a7f21a461e8dd3ebcbc3a22ddaa1	Photos/IMG_0016.JPG
ee1ff7984275c373d04a8a3318d9463d7fab113cad1fe8ddf1efe668c890ed6e	Photos/IMG_0017.JPG
d49120b6194550132e37a1dd8140f7724b09138fbfa50d6c304859fbbb11bedd	Photos/IMG_0018.JPG
7edc8f07c104e8d2791b32f3a90d8039ba24f051b8e886e11653a16c14cbc4c5	Photos/IMG_0019.JPG
daffbba5b949668066a99a44aae2abc8343671607749ba11627fd05f05c1b3c5	Photos/IMG_0020.JPG
630850dec8824b98bdb623ffaf72577343e0649eaa4f64a2fa862b897d908d53	Photos/IMG_0021.JPG
adf22ffa5b0854966bd6f0695dadddd525aa89cd78be3e9961b3f13be0fe28f1	Photos/IMG_0022.JPG
ceb253020f52a16df21ed57288a694389712bcd5075cb50bec29b285dbd562c1	Photos/IMG_0023.JPG
2c3d08e44de5b5c4aa5c544925172e09c49df644ffe3f8f38a042785369ddd8f	Photos/IMG_0024.JPG
b18b2d20d598fe90966a9b225e80ec0a09649fa33ebaf6fcc50f68804757d6d3	Photos/IMG_0025.JPG
55cc67205c838ffb20a13cf0933622a3bb235a031584dae25be7b1b6e3303490	Photos/IMG_0026.JPG
fe7ed1037bbf20329bb13e568c4a6846b3cbc246f508a581586429781dbefc76	Photos/IMG_0027.JPG
b176a8d4ee44cd74511ad52ce10eae547b823b13adb0683a74ce7d5d31029d00	Photos/IMG_0028.JPG
07ae6f13b75ad4c3610013303c5bce8765bc281982d89f6e5064a25e2c513bc8	Photos/IMG_0029.JPG
3d48f2e1daa4c415f53e2202650f73405f15e33704ebcb81f688937de57e065f	Photos/IMG_0030.JPG
99e8383774dc1c159ce1e8641255cf32b33caa1daaf6c78f1e2947516516852f	Photos/IMG_0031.JPG
583f16ccf446a0425166dc8deb3a013c90356835984ef7554fb97170726b2faa	Photos/IMG_0032.JPG
d0c4e98a0d5895c494da924d2a0c8dc068c3e8fc3db1adbd04d5a132446ed27c	Photos/IMG_0033.JPG
6e2746664dea9afe4b7ebfb74d870bab4af12189f48faa0fe2ec001eb2f3307c	Photos/IMG_0034.JPG
999d5065b1c1d21ec461658d1578c078406850736cb2cac79b64d8ddfdf09a42	Photos/IMG_0035.JPG
400a6420a0e151a718e9231d297cb6add0c0d582bde3d8a590754bbd1fbcc2f8	Photos/IMG_0036.JPG
6ca899c3c59b899dc31363334572086d60a5d4c874c72784e9bc459c051ee5cc	Photos/IMG_0037.JPG
e562b20d0833ec75b0f3cc02ee5298093606776ef6c3d06fb4cb53f50a9df4f2	Photos/IMG_0038.JPG
90e0aaecc35e8cd224cc194021f25c79378ed553e05d70772c00148f9a628637	Photos/IMG_0039.JPG
2b5fd00c1e5beb1956c4b2301b9391d4a8d827cb0cc5b03912ba3db56ed9ab40	Photos/IMG_0040.JPG
a1ca42b47fb42d7e12a6f04bcc9681cce0d9ad84820257bd9c6b78f8a9bb126e	Photos/IMG_0041.JPG
f05a7e31adaa287190cdfe93162994874e48c071116337dced7f5cd8912b1d9d	Photos/IMG_0042.JPG
824631eb5284c257d3fff8651b1be4eed101670008fae85fd72b39628856f83b	Photos/IMG_0043.JPG
165f59d57a81957d1c6344e7493f8a11ca9af20a7fd07e000af024ea31b62e2c	Photos/IMG_0044.JPG
6a4c1ea6b023fe757687be15e9ee6b56ddf117df06a5800dbd8a9445a2963caa	Photos/IMG_0045.JPG
ac19151c02b839313dec6124e1539f52b304eacfd7aeb529dee8ed273f3ce3c6	Photos/IMG_0046.JPG
c4e4c5d8fd9931b87818501e7170971eea4a8be42424ae947c6fc99e48a25d87	Photos/IMG_0047.JPG
7c29a98149b49f08b6dc6d9cd62c9e60c08833c3cd9163894a92abc3ee0f3d58	Photos/IMG_0048.JPG
c6e869813c5df8ace7aa9387edea3d7723ebe209bd43dbbc0eba278eba86e7c0	Photos/IMG_0049.JPG
73a6972eb981b216c3c4d6a65578c439900d8e2abde7170b1dd194b5a764e392	Photos/IMG_0050.JPG
8172ebe1ae510f917d159b21c36f667e4f4b79bc5a04728c74cebdaf3608840c	Photos/IMG_0051.JPG
3ed3c7fc20dea5a2cf2e156d88f8b735b31a5042cde1d726970e4f23ef517ba4	Photos/IMG_0052.JPG
8a93a4cc1f7617a2fbb02cfa602dfda34d37cf55d64d4c8144c2a28b6ff6c50b	Photos/IMG_0053.JPG
294f0b3d10942f89fce5c5d6718c9c2455b624149172f3ac65a576049338d1bf	Photos/IMG_0054.JPG
25ebde71e80b50427116bc37522cad4492cd6b6d38c721e83ed8a95a5c8be206	Photos/IMG_0055.JPG
b826051724350747837d342e59c49b433fde7e91ce15dd5ac251fe51827990bd	Photos/IMG_0056.JPG
e6f3c269e4bfb9cb72c37b3542382bd3846e9db3549b658bdd7af5d2ed147bec	Photos/IMG_0057.JPG
d92172e66012cb77a4bb2fa8f6d5bcc363d4fb4e41d05164b55ff8bc4fafab22	Photos/IMG_0058.JPG
82b26d78fb131f59904023b39ccb3ff57f524aabd464cbab09e01c4c3dca50c8	Photos/IMG_0059.JPG
cd4cdd37abe254a87d893495f0bf50fe441833f3ca64c696b12dac01c9b37571	Photos/IMG_0060.JPG
209fb56609660f041692e150956320119e64d77eebd148744dab5eeb040cd61d	Photos/IMG_0061.JPG
5c575e43eb62484c39417a4f2df525aad56ce0ed5027e6fad68659438f7fee22	Photos/IMG_0062.JPG
4a11c7bed5e12a7493c5059c54a50086a8cb3e3ad89f7abd4facc40beb36083a	Photos/IMG_0063.JPG
b0c2f239cc64148ca245aab2b43b37fcd5a2f08d1629518666cb3745ded75c97	Photos/IMG_0064.JPG
49178277394d9dd93a0b795c28466a3a9c506aa3f9317ea9d24e2c21ba601871	Photos/IMG_0065.JPG
23fc5b7b087fb445769e339b3c0f731c1e3e2cc5376f5846c216887d6a8fbe29	Photos/IMG_0066.JPG
34f2594017d96c52171b6cfa856fa723bcbdd55f5532ef98acc9f0791dd502c6	Photos/IMG_0067.JPG
1c1238f9fcc43426bd01ee2380563d638f9d329626d0d2896982c50658c6e839	Photos/IMG_0068.JPG
c7f482f4ed08dddf6ac9f5fdb438f0d3bd27fa2221760a1c788e76095c50ff12	Photos/IMG_0069.JPG
71d5c3a93e02758f0180c41290803d10f7a357acdaf5a60ddaf45019214bfada	Photos/IMG_0070.JPG
87d25d63a5236241cf9ad89461c34acd26127a3ce710ce4638fd5a3aed20d73f	Photos/IMG_0071.JPG
108a62b9956f33ac9a9c61994b30163505c668681e2359a28bafecc0a28c4a01	Photos/IMG_0072.JPG
7e358ea179fbd208559866799fce2d2679b946c7a6aef0d876b893c14f056734	Photos/IMG_0073.JPG
55fbe126f04403059d93970a4b75b7dbf9ffcdfa27999958449876214f919e18	Photos/IMG_0074.JPG
3453c5fe8b6d9338086287b3c8ae954161e989def506d1bdad6405eb14a2c197	Photos/IMG_0075.JPG
a821ded2c7eb697df60181750d332bb29e2e67bb598ed9bc918a142b60d127c8	Photos/IMG_0076.JPG
293c98e6ac2a1a218e0890ad24b3efeb487ad9dd5924f2938da163852e3ae294	Photos/IMG_0077.JPG
f1b50c26a106d2cb80247cd8287f86908419180da4ef5976c9666b08ee5bbd3c	Photos/IMG_0078.JPG
c78fd54864b1d548075cc19bc9821db236cc7015117dde754e0621ba6bd60975	Photos/IMG_0079.JPG
8485ba6bb27253a5e450c146f76183cd9c01bead281d8b8455ce49dd14a3cd89	Photos/IMG_0080.JPG
338c188d41f3521e9fb88efb02662cd41a638c39c7c10c2205a50ffc8f82a709	Photos/IMG_0081.JPG
8930f79a549594973c8ba2602845e4a038e3f31e971b70b20bbef3d02e4e4c5f	Photos/IMG_0082.JPG
46af8f63d71c545a3959a65b41ae8e681cd666f468b3bae71613737c413cf006	Photos/IMG_0083.JPG
f9c530ef41a3e943f18a2b2067608b1e9f12533b834155f4974e9209c2194b25	Photos/IMG_0084.JPG
15d3e5bfc2668921e72831113648cc06bdfd206fbd5d8ad1bf0ce603dcea44cb	Photos/IMG_0085.JPG
365d222160380a9ef6e337082e37b3a5f9b815441ace5415b7af5350017bdf45	Photos/IMG_0086.JPG
eb933247e46714be8ae840d548e5e1445885c919a7f806d15a86cdd4c8e276a7	Photos/IMG_0087.JPG
7aa4fc6fe9647ed2dd2609749941079243ce82a74316169bcdc43e827ae93af3	Photos/IMG_0088.JPG
b7da13999538af3179fe52342f629251b882a43de205b0f29e88ea8bba473f51	Photos/IMG_0089.JPG
e8996949ddc64637f47a943190f19bae3e598a285ae2028ee038650fa6264b7c	Photos/IMG_0090.JPG
d3b87fdab1875609441732b7fdda56ade396fe92c3b99453b49c9e7721b92dbc	Photos/IMG_0091.JPG
12ad772d948e6a872a65a112552fc4e81d435f6af2c129a0acc0556b0f784955	Photos/IMG_0092.JPG
e30330acef68310180a30f949c2f4198481433fa81779801de840574280caf94	Photos/IMG_0093.JPG
726098bca3d7cf29d51796015bab5a738ae1bca02c7926cba86f14de0f151207	Photos/IMG_0094.JPG
4c0afc1001515d2c8736109b60d4e81c9341613c6004d248eb8f5f6cbe5a490e	Photos/IMG_0095.JPG
0c4ae0702ae9a88976a2840960bd8307a4b5642f7921731de0b38a463bba846a	Photos/IMG_0096.JPG
d8414d7285f714b4380577b1ea0ce049a5a7d18590c09139c83f74d3650b165d	Photos/IMG_0097.JPG
a789dbbda756c1aac7bd2a222572cd28e4182ea46729a62977eb1b8178e3bc6c	Photos/IMG_0098.JPG
6cdd5ed75b2c05aff5daeab805d2bb84874805bc3b0281d0f94ff5d51fe32733	Photos/IMG_0099.JPG
42271b054e6adeed615914f13b2435c70c3fb53066c29de5c4748cdbd22db8b0	Photos/IMG_0100.JPG
8da2eaa49f152f9c55135c6203884d7224e4c7a80000135878012a9103563c76	Photos/IMG_0101.JPG
d692d01d7e4e2ae8ba97e84651c566c7ed5a5c695037a49c0428c094875fafed	Photos/IMG_0102.JPG
33e1be37c9c4891e4c980e3b813506169bc8773c02c41201c6e7718dc12d4089	Photos/IMG_0103.JPG
e14ad38345162264a9b8b0c696ada845d202b2c22c15d1e61af8b01b35b6850e	Photos/IMG_0104.JPG
8ad40dcbdd41d554f27a3b61314ce3d61ea9bf64a092ad753500d2b08417a918	Photos/IMG_0105.JPG
fb086b77987eac0e5d7302448b817edf73b214885f9cd76c3f3db3ec29f999e7	Photos/IMG_0106.JPG
57629accfd4cd457cdaea4c7b41e9156a7c41f551a8ec32fc6aea3435f6cd0b0	Photos/IMG_0107.JPG
04b37c70f5ac70b42d222d749068a4bbcbbb8a362c9fb045f7dd2d21c7a579bb	Photos/IMG_0108.JPG
488682c4a2a5ad4e186effdc437ecd9a4fda395521d17d4acb9b5904b549e923	Photos/IMG_0109.JPG
532bde9ce6d137b94e42b79af95f68a69021ea49b88b29cc7605b3f6db96e791	Photos/IMG_0110.JPG
ca51aa6004aeed64ae31f5117221dbca00b61c23d76c3deafd654e84dcb38fe5	Photos/IMG_0111.JPG
503e5e0f1801508bedaa1b903b52a8d5544836eefc8cc6a976adeb7b7dfcff7b	Photos/IMG_0112.JPG
8c2d0122b98878830aa8053714a7d758089953cca7fcaf4aff1c86fcc11049af	Photos/IMG_0113.JPG
aa9965dea55cff7da670a4e9c0239fc416af0583dab18595e0af5a112e983e0e	Photos/IMG_0114.JPG
991fff0ef89c7e245b5b853f780a625ec0a56fc1b1f81181ecdee6e1d68231cf	Photos/IMG_0115.JPG
24bc2651c957e71448237058e3c1a145452ff3def61048470d77ffb0ea58c1ad	Photos/IMG_0116.JPG
fa92c67c5066ea720276f8805fe0b1c46074418893fcf082a372d441a1160184	Photos/IMG_0117.JPG
77eaf2fbcf1bb0580be1408c779c9af0152d9cb23471af158692b5f54301d0b7	Photos/IMG_0118.JPG
5643325e541cbe12d1ffd435984206838015a796b6bf2f35a9fe793ce9d79a6e	Photos/IMG_0119.JPG
56b096830ff2c073d3790818229e6a2f5b4c15a68d0341501702d3e1f68aea77	Photos/IMG_0120.JPG
8998872b62a707c3f70f4133e8383ff5ddaa318eeb70c9df23b49fab1e82f23f	Photos/IMG_0121.JPG
f2f405ea9afa37dead598c9517717ef555cc7b6ba616f7cad3194a677c693153	Photos/IMG_0122.JPG
f1cb3c112f4d14ae94beb57e9293d74a5f116fada7c92849321250e0d1f1b8b0	Photos/IMG_0123.JPG
23e856e05f38d2d9c9ac11b346e8d9fbcbcbb60fe3431e42e58321dcf01d566a	Photos/IMG_0124.JPG
d1a386cb832a8fc2f13279feed7a85139611dbe93f12a4d77916ff4b44c9b7b4	Photos/IMG_0125.JPG
ac9bd12060b006510306ad807b5c5d585482dbf60c26988692ebc104ce1fb10c	Photos/IMG_0126.JPG
be7f5046c84608fa5a709b9d117502e511ab5e739faccb15fa7242499f9dcf1c	Photos/IMG_0127.JPG
8dcf90c93615f7467f4ca35bd2b37691e296059c9ed62b150b621f1beda253da	Photos/IMG_0128.JPG
627693071d4f456b069b17d0b91cf17ff10adef55df9c05c074ccfdb126efd88	Photos/IMG_0129.JPG
99e4c101e98e1518154a4fe6594e474bb680d89385acb17c0d461570e5970103	Photos/IMG_0130.JPG
bd63224bb8af4cb2fcffa3622a36ad20c576d0fee9b73cf300eee54a39de92f6	Photos/IMG_0131.JPG
c4bf484a7e74583c668fae18dfe2bb6cc43679661a5bf814135f944adeaec71d	Photos/IMG_0132.JPG
a4b3e93cc77d83a90baaa4e4c5720243ad9c2261af52060b44c9542940ef155a	Photos/IMG_0133.JPG
80c0d3ae372ad7fa89a0fec24244eb3aa0b471c02275dfda7cd097686749f94e	Photos/IMG_0134.JPG
aa4a98d204ef12d8522860e701febc07b3bdda7ae8d83ead5be9f6eb678135a4	Photos/IMG_0135.JPG
58b94d3a5bbc910f569b40533bab4b2a44d1385bb29e7ba7bd4e9a4b7bee1bd2	Photos/IMG_0136.JPG
2c719a49dc498df05c11ae6ec222e335ed36e0f7e731539c3e9b9398d0c87e49	Photos/IMG_0137.JPG
326b51c8cddec348e25801deb324d41709c2bfc8ae7ed9367ac3af38e21f4911	Photos/IMG_0138.JPG
615f8466c91110f53d402f877a7a8dcf3f4287082a0302bd8a8beec44ef87cd5	Photos/IMG_0139.JPG
69549afabac8267e2bc5163c59c50f4a7af3f6b3b24ea707e8f6040e0f486023	Photos/IMG_0140.JPG
5ba7715ddb9c04cc48d846b20b5a9c5add1a6d4bc63a3986ade3dd5144252a56	Photos/IMG_0141.JPG
4b88613ce6e8f2fc0e3542a41773c4057bb10c53ef28fba307580beb3c347c94	Photos/IMG_0142.JPG
c59dee0d1b7c655f8ef4a1eee9997fd4ec9b6ff99a393cc7209d4b1a1b3a2e0a	Photos/IMG_0143.JPG
deeff171c2a752f1ff8a74858af1901a5a29a89c2369f78961423526b5512a9b	Photos/IMG_0144.JPG
10359f0081dce602dc09f7f18155bb75e74aa67fc75feb3d5e248ae61ab9a229	Photos/IMG_0145.JPG
2a8029d26b15c9b18a90c6e7929a9fe665387c1ee900095a079350f45b2aa69f	Photos/IMG_0146.JPG
132bd35233298bd4e8645e0ec6d0ecb4f679256e583ad8dcf928f20c98333f2e	Photos/IMG_0147.JPG
52059e8468442af59b55dae15cb003ee9c22c9a56ae6d99f295dc8edef106d2f	Photos/IMG_0148.JPG
c8f2a6d5a7125f1bc63216391f4989b8d3a27c354071e77df640694bd8384d90	Photos/IMG_0149.JPG
f25b98ad5d72e8f87efdaa6ba6d2a742e347e06a3461ee17831ab6cbed72ffa5	Photos/IMG_0150.JPG
95ab3136e0942e2def78d693a56a27fb47ab36a852bfd0fc813174fa128207b7	Photos/IMG_0151.JPG
b07b79bc006e8c0d12eaab1e5163ec925dc7c0cad5f3dbcda324c38c6590897c	Photos/IMG_0152.JPG
77afb784c417ccdb0d882316775b0b0f63119fe9c0c824263d49c31170655cb1	Photos/IMG_0153.JPG
b151a407a105ff6ad1bffe8b6e390f48c620406b927d848c79e3e77bd0136a45	Photos/IMG_0154.JPG
71dfad1f12d706bc8a0047b802783d3f51e5200216e5c5cd2c5768cabd00f166	Photos/IMG_0155.JPG
3be4899e762b658abc60b55a932c660581ad927ab90a428d8d31559f801df419	Photos/IMG_0156.JPG
233a7398d364b75de9f0de40d81aeab7c00355901105b4173c9becc9294b0fd0	Photos/IMG_0157.JPG
ce9e50a445b67ceae868edf8a9265c34970fda91d3f3c984b19484473b4eb5ad	Photos/IMG_0158.JPG
621989a007a7c8d5a7fb7aa54e9aa651a09017c5fe5d5462d9431d5ade387b7b	Photos/IMG_0159.JPG
85250372843748b69a927909147462fd6635b44f881448c062bbb08c697fd8ed	Photos/IMG_0160.JPG
c5a89783b148800dbe8e8216477a37089ef51485b249f04a2002817b726f1e35	Photos/IMG_0161.JPG
6ef0fa995a02f57beae196d8689cdb4a6b6f7c0a5e7450584222d041816a4b1f	Photos/IMG_0162.JPG
6eb438cc0bdcb3e07690fdde5ad55015cd4bd6f30a35ecffc95853e3537b9fe5	Photos/IMG_0163.JPG
79e41c5f4ce7ebe7159a070bb9fa9fc99de71633b9953a7a2e7618b3267debd5	Photos/IMG_0164.JPG
ebbdb3b1c534f67610222e506cab91c85d8638515010352d19021db7dd1f6fea	Photos/IMG_0165.JPG
60a8d01c668703ba23ab98268e0ebb50efa53967255fb94ba68ba7a57cae33e7	Photos/IMG_0166.JPG
951e2c9c48e5e6c0b519bf863bec4346f5a4c2be5e10238711e325550822a298	Photos/IMG_0167.JPG
66e2b5ca8bec3a544cb973c2ea1f2cf50eab53ea88adb836ac4c88a3692adbdf	Photos/IMG_0168.JPG
f49fcc8ea0c5c5293084baac19932d335277f5682aee002c4edc164d1ca0513f	Photos/IMG_0169.JPG
d6717a18bc5c8599bf1cac95740cee3eff15cd9c9e4c3b1735279d577d423d0d	Photos/IMG_0170.JPG
9443da80728ebdbed0f7f1b61498b3b56c48e5a165b7784d70ce8fe78e402fd6	Photos/IMG_0171.JPG
3b6bab5ba60aa1ccabf64a2e3118b853fe149d6e1f301d2b7ba5c02b4c47459a	Photos/IMG_0172.JPG
d97c7911f27c08e347c2cbc9a8910ca3891f72cdfbe41232f1d1798538e1e3c5	Photos/IMG_0173.JPG
1355d9bbb901f23ed8b42310ae766fa8409f014705fe78ca66b24056b948b726	Photos/IMG_0174.JPG
7c1562d9e4b18de747250a5e3a68e8827142e8e262566d70ae8a9be774fe54f3	Photos/IMG_0175.JPG
67ca8127cec742889314ef90b196bd1cfb7e41831f154ec7d230ea88b01e8c5e	Photos/IMG_0176.JPG
57d8f293d9f202c4d2bb984e343f4bc4bdc2cba008a957c4a15409d3363c6cc9	Photos/IMG_0177.JPG
6839595df53a8fa2c9b5fd7ace324053c5b9981cc615b2adeb91fffbbe105af9	Photos/IMG_0178.JPG
6115780129eb8235ca95727c7493403424bf1ebd6c49a0ae511d587b9bc72589	Photos/IMG_0179.JPG
05b522a8bbe1e0ecff930d19db227799327113e0918b285ccfe104bdd0af518a	Photos/IMG_0180.JPG
e575282d88f1fdb526a2d7772a3629f747e4d322a1ea97d1d13acd7e1e0140b9	Photos/IMG_0181.JPG
fcf003efb2a9ba8e8a3705fb2752f60d572a9d90a6a435527dfef42c1e5d275e	Photos/IMG_0182.JPG
49db21712cc579580cd7c662f268cfa70a7e35c9a159da4965cbbe1950e9b9e3	Photos/IMG_0183.JPG
8206dd8f9bb05c53780b503fbb07289b35552267ea892d42dd0b643843bb2124	Photos/IMG_0184.JPG
276b9ddbe246a450a5c26e27656c8df6e55658c14fbc5f234cb67082b138c8b1	Photos/IMG_0185.JPG
6028f1529f3d5f8319be728d63c1d401f063671dc1d66cfcc33ca7044053dccd	Photos/IMG_0186.JPG
13be9a50b459b2a7071f6355af729a0caf8efe8c931196a4ffbb18cdba369d0c	Photos/IMG_0187.JPG
6f2071851ea41f32efa79b146745791a4a176f608b655594be08918db26a9450	Photos/IMG_0188.JPG
19f367f0ea11b2a51d17fb2e5bd0e7ad32281a54c5a3c10f3ca5f02fc8e73dd1	Photos/IMG_0189.JPG
d7ac026fedf440bc206f91b80229fc0859eb32801529425c291f6acf98b74592	Photos/IMG_0190.JPG
4628e21eb49dfe1b2f2a195fdb5c5ff6ccdb9ff2179d11d9c0e6d9711553f6ce	Photos/IMG_0191.JPG
7dd4b92fbc774b1b99c2995c8228cb1c1481c04a34470555fc8012e6eac5b00e	Photos/IMG_0192.JPG
4ae33675d186fde32c501d19b0e636e5254c2890d5080913afa9c717d8024349	Photos/IMG_0193.JPG
2335f2f6e802508f8027ca49280daa4467b1cb55be2f0e85cf24b8819f95816b	Photos/IMG_0194.JPG
6bc588046fe600d31ca67e1ee31d8cbdae43d51967b5b0795f73c0520ce3edad	Photos/IMG_0195.JPG
82d39103eb91938d663acd73e2a6d3b9685c889cd86c2c7f76754476959ab33e	Photos/IMG_0196.JPG
d5734d87e26c32709971ac5143a53461768f6e5279f825bf193c626c2863ac70	Photos/IMG_0197.JPG
56d3af329e54c936b2e219103a877996026bb218cf4fcc8564535e3ec67f4825	Photos/IMG_0198.JPG
4fb911e914c7bfc82853536f4cc3e076fc4755d073507213ab5464ba39105a7b	Photos/IMG_0199.JPG
af5d6e3ec53b50aabeb4a28d30448e3789f22d93630fc3f8c64fa0184699c1f4	Photos/IMG_0200.JPG
dd5d54b693248b5f38b7aa6b83de473157668c59682c2c7c98e8361ea4555cd1	Photos/IMG_0201.JPG
667e5ebad4286b9edf28df46b9402ede60d58d4491b1b1af4b300838d92f0ff5	Photos/IMG_0202.JPG
b6b8d9edbf1ba85433840621cde67f4073bb9fc2fe19cfc278a2fdde5e45da70	Photos/IMG_0203.JPG
f5384f4f9dd3941afcca418422b1ef3c2ed29ca6dc2144892ba84564914354be	Photos/IMG_0204.JPG
8624898b103568b4ddf1bd12513436ab797ca8338038f2ceaed9f58981275611	Photos/IMG_0205.JPG
ad3e4d089bd4439a0974539c64baa165e1aea43f76a756da8d89b151e8bff91d	Photos/IMG_0206.JPG
7a57f1503cfd5536349f779c0492d4cc37f6c33683cb72ae496b2a0f52ec1bdb	Photos/IMG_0207.JPG
a069fc6edfab7f5846b46110c2af31377506a9eb6f7aa436ca271e8e2682c26b	Photos/IMG_0208.JPG
35b18b2e28c6ec4d1bb4cb368e58d493ee45a7c0dda902eb3752ae5fc89b669f	Photos/IMG_0209.JPG
973f3f6fdda420c84ff8659cfc02a4435f4d3eaf72406ab3feb9206291bab2b1	Photos/IMG_0210.JPG
d524717872d2ec71be21db3fbe24d2b1a88243a67bbff7b9436fd3cbe7c300a7	Photos/IMG_0211.JPG
940d2987239a47304fd6b2951e1ab95af9341b81bee9defa05452237da9a7939	Photos/IMG_0212.JPG
7c02212916b2aaa189f8ebe3f8cc7876cbebc16583425f79398b416cc99112d3	Photos/IMG_0213.JPG
dd3e1dce24f60b53a15f66e1e62f26b4887edb349bd352af0c31fa0d26475e94	Photos/IMG_0214.JPG
964508b6623f1da359fa39f1958ab893f135d5423c6486983a9ecea5eedebd3b	Photos/IMG_0215.JPG
8c0a9503c8e2195a2b9cf467f413373c603fe1eab0eef8b774ad5d64a2648003	Photos/IMG_0216.JPG
1a31a259b92b9ff05602e0e6f19ed5a168e051f594a1ac87ab457bff6cbc9de5	Photos/IMG_0217.JPG
bbffbb7d12134c3c9cc55b8bfd1f6f4b55160e47640baef8b2748e0f8f7dddf8	Photos/IMG_0218.JPG
3ca969c7d1ef45a095524b1f0c43251030d0ad5215233c82d29283ad2471e137	Photos/IMG_0219.JPG
f52da9c1d32700fd11703a372301ea24efede783bfdc1a7d70eeebb425b2fe4f	Photos/IMG_0220.JPG
783bffb5c1a6beb263f868b4158ab621585024ab3a7b3c772f6be52e636b24a1	Photos/IMG_0221.JPG
c16cb9dc7caf311e18c70c2eeb61383d6548e3e4c5fb2935931f9a17d5cfebf0	Photos/IMG_0222.JPG
4fc92705340cb7db34c392fb6bba8852eaeabbfd8e249168664ea56b097c03ac	Photos/IMG_0223.JPG
9b4e605423acd51f98f1274e2bb73e80a0619f52dc57815d08fb9b3a2e8a0c41	Photos/IMG_0224.JPG
c6912a6efb3ac596771fed1ccf61e5395ba56359d76eec4f400d6b6cf8867459	Photos/IMG_0225.JPG
9cfbcdac5559aa063ac82316a5814582f6c430a91886ae71299e7e7308decfa0	Photos/IMG_0226.JPG
e93f4b9d04d4d457e50ffa72959ba6aff43721f909f7aea9f9a73cb02527037d	Photos/IMG_0227.JPG
8e75ab8ef80117da2ef6f981b15844224c4a042cf380e477f4b6ba286919b414	Photos/IMG_0228.JPG
319964b0fa1a5a804f112d14764344ce8a6464c367079010ed8840b0090dccd6	Photos/IMG_0229.JPG
2f458b5d4d1a26c0fe7607a00a61a892dc92005538c8d6fd990f7ac2cb91f9f0	Photos/IMG_0230.JPG
76126bda5cde203a643f194cca90d33a9cbbd8595c9174815a25eb752ef297c0	Photos/IMG_0231.JPG
2b1704bde4a37b3205bcc7f641d0218f77dd2f6485e4cdd92f369bea6f11513e	Photos/IMG_0232.JPG
7cd52f957647738f1dbce503900d6fa34560a0f99c1cec62472640a1bbdf50fc	Photos/IMG_0233.JPG
13510c605315141743a9efed9d97274728878b8242eca8310fc7c16df4a990dc	Photos/IMG_0234.JPG
31050108e45953d7e2aa58da82e49bcff4956423cb910659a4841f34e8c52e87	Photos/IMG_0235.JPG
70674ecf3a0598406717d68363477414666d4d58cb56738bca6f3fc7de24b26c	Photos/IMG_0236.JPG
bb3b3704d7e7bff310125274facc3d63ffccefac22b52330b13b6039a4f8882f	Photos/IMG_0237.JPG
a6fc6fda299b5967a402017a36305a64d167cafe455a55c5c761469943b15bed	Photos/IMG_0238.JPG
0b5dafe3a1d319b8f96b2386322a3cac3ee2594d82487832fb784f96e9e0e240	Photos/IMG_0239.JPG
9afa4d758891fa7afd2f0608337f7d4a76d1f5bc1c9afdabbf7936ac79e67de7	Photos/IMG_0240.JPG
51aa0e16638253938936bc50d9aa2da971fa5053803914a9029f907ebdd86626	Photos/IMG_0241.JPG
a909ef3fcb770dafd014e75d3bc316070b87bc404481058688868bfd0ac43fd2	Photos/IMG_0242.JPG
60d65d1713b158b389d460e5a7e88fd679c667efe49ad4b23246539db0ea1958	Photos/IMG_0243.JPG
afcd3e0bb5af6a8f1624273f014ef5cefb2f987e8888c299af09734f71032f39	Photos/IMG_0244.JPG
7ea3981159abceba9ea9bb3fb972886a0e9213e82fd07ea1ef40c53cc7cc5a98	Photos/IMG_0245.JPG
04f34cadfbbccf8e4d902b72725d03a35e3463766f5460b6a5bddc35d63cb217	Photos/IMG_0246.JPG
77799e064c5b6f69d27f09b3c90c98723b95220f4c87b0492065f25b281a233d	Photos/IMG_0247.JPG
4d18097b111db591e7e05091dfc68d04d61b6fb52e272cb8f711928630f24005	Photos/IMG_0248.JPG
45fbae740859d1d5f8449b29c754d97acc98fe0a27e18e1ece340a1f60df00c6	Photos/IMG_0249.JPG
7b6720c4971012084514ed2f9fefabcb72e1ac54ff9e76acf68c6b96c9e8265e	Photos/IMG_0250.JPG
4cfa062086d44a464f15b9bb2ad943e8a00bf84074cfaf3d04475dadd6b790c4	Photos/IMG_0251.JPG
58642250f738c1d854eb130041ee3ca729d68fbdf432bd4a711107c7c7471b83	Photos/IMG_0252.JPG
7eb7a602992bf0267a84fc35a9cb5f76a6d4117913235cbbce4c93c525a51a37	Photos/IMG_0253.JPG
273a9edbf8abcdfc84445172bd1c3f7296bca583c6008600c76d9440afce658a	Photos/IMG_0254.JPG
2db5d92eb171c73f0aba28074d8cc65b1732d221bb029ac63a9fc05b81b3244d	Photos/IMG_0255.JPG
66f09bb09979f5d63dbd2c2920b6d501c1e5233411b978af6591e3743731e1c4	Photos/IMG_0256.JPG
04a268d0bb63f7f0470fde9b1a4956a952be9bd77c7882ac665d6b8c5293b5e2	Photos/IMG_0257.JPG
4f52ff132b9eb471ba4dab3e4551d39b15b174183f3187536bfcfb0dd949b7bd	Photos/IMG_0258.JPG
981b09865053cc5a41e927e7467bf169e876ff940b1b489095ac4925db4bb460	Photos/IMG_0259.JPG
d94c3f40438424ee906aa30c985e2099606cd5260a62c387666c36c356f89c60	Photos/IMG_0260.JPG
bfbba8eb16eaf51d23309abfc6c213f32b6bcbcbbed0333d24962ce1dda27e4b	Photos/IMG_0261.JPG
38ea34e501b35fc5205a25baae8e6409465921c0742083e556ddb5b0ab22b19d	Photos/IMG_0262.JPG
bcd14bce0bf99c167753153b10950fdb258d14783ba6df4f5739d1e5db45658a	Photos/IMG_0263.JPG
4a4c181bd8959fc5607d244a33a659ee9a5acb502c290dc26df3acda84b98d51	Photos/IMG_0264.JPG
efcb1e4fa1abf24cecedee7ab78cf2fd324b6cc1ac945848dd1457de6ef76045	Photos/IMG_0265.JPG
d759749bbc3172074029de21a6e26e6bbd5a2d90467f60ee47078fcbe3f2263e	Photos/IMG_0266.JPG
01c1b0b8352d355ff4fb8039540ea796fa84f91d12306d55275c21e6583d8a90	Photos/IMG_0267.JPG
f07456df7e70531ca686f8bac7b18ef2ea729887b528559cf4be785d53f31675	Photos/IMG_0268.JPG
0682885d2eb1d5d1b6b8a7c372f7ad8a8053cf328a944db763c2e021d17bac31	Photos/IMG_0269.JPG
6ebb2f7a1d962cba6fdefb497b93b823919e1b09207ee99aeb918c6f6c7bc787	Photos/IMG_0270.JPG
0ffc30bd24382cf039cdae92581e543ace0f3245b8df16f611c9e1f80bf2c24e	Photos/IMG_0271.JPG
7f4980b26ca62e30c6104d252680ddd4a6502062f305e72ab214a02f6da9607b	Photos/IMG_0272.JPG
2a576a922266fa37df88133c6f5ce03c42b790fec878ed6f4299ade0d59e275a	Photos/IMG_0273.JPG
50bf361ee6611c4273e1f07b541ebc2ee4ba9aa5eb876bf4697830457b5219de	Photos/IMG_0274.JPG
f07b5d83bf2e159a35db40af2726ffb8e41adfe27078a27cf669d85539c829ea	Photos/IMG_0275.JPG
0f4d44af1a4ca47ff1e3c1b6b908410937af0757158d126562c600f2ffc94df7	Photos/IMG_0276.JPG
d2e91d9cb065325e4dd8ef2b6e7a8c0af05fd92baebe9203e6f3ae8ec2030299	Photos/IMG_0277.JPG
5ee9a7be536d18c8ff23580c7b9c69dc14da878a93e057b05b953e5d64b1fecf	Photos/IMG_0278.JPG
52b547e2c9c51840d83ee832ea66530fbda2fed8c2ff7f7f32f3c7da80d2f181	Photos/IMG_0279.JPG
ca259b955bf14364ba8c0e7721d5d1bb8507fb135b02834b22d3f0e4a9f146e5	Photos/IMG_0280.JPG
1fda96bdb572b1ffa50eab356a3af2c57a6a91005bddb3f4a868d052a99b6743	Photos/IMG_0281.JPG
06f2bab610d63efc3f4cf87e397bd8f31b7ebd531a6e581370fb330991a3315f	Photos/IMG_0282.JPG
da86b543757cc2aea9d3c208a0ecc72e50cf142b224e625b3e9635477d7bfd33	Photos/IMG_0283.JPG
d92734efe521d71c94e669d018d1b06d09acfbdc6b2feff8d6fb78ca2291b6ec	Photos/IMG_0284.JPG
de48d4cae979f51258e015724fb98763ef945bc0bff255a309cf39e8ada9abf6	Photos/IMG_0285.JPG
ccdbdadfb5c18786be89ac245fb6f0700e757033bd9efaef08b064429f66bec7	Photos/IMG_0286.JPG
375246072913228e8f5a1420376ae82061651316381ec5c2bf2dd95891838e83	Photos/IMG_0287.JPG
24baed85ddfa63824622bf99e1584038c8f68ec8536969df2b8911065e9814d3	Photos/IMG_0288.JPG
67300e54382e485ac2594c2ac75a858b23b39d11256f7f66ea3b322aea3c52c1	Photos/IMG_0289.JPG
d5abe2c128c293c47b5f1a97a32fd244280d923dae1691891b4e2351763ee606	Photos/IMG_0290.JPG
8971ec70e0f023eff2e9abe40f07d15b8a73c7531a52975a7f262bf9a638b7a0	Photos/IMG_0291.JPG
d4c21c9aa98a1c5279d67cff1bf61635485dce69ed4fa12310fb92ec42936c4b	Photos/IMG_0292.JPG
a5682ac75f09bf6dc0df7c9212725d6742b376131eb2fe7d8430234882e6773a	Photos/IMG_0293.JPG
bd11b8ff87560e961f32f70edc5a5b45ca81562bedff676b7dd6407fd5afb714	Photos/IMG_0294.JPG
efef828682602ee498ebfd9614936ef6b754f35054fd7c7fcb032ad21df4ee02	Photos/IMG_0295.JPG
ffe4739c162f3672fe78e45e4212b57404d8ecd55a31c2a2779b28797bec5bbf	Photos/IMG_0296.JPG
4b2e87be1c3c8cf67d3d6678795db4247dbbe090df8e6640cd4340bac7c7e149	Photos/IMG_0297.JPG
5dc3f5d98e51b64df482ce009b49c043888b05638ceb3fbc06c41fc4075a07e0	Photos/IMG_0298.JPG
c82016c458015b377e269562f2ffd1efafca4960708daac12207f84fa0a0c396	Photos/IMG_0299.JPG
2502b04719e0d0eaec5f3eb5956b296adab25319bc1056abfc487e7401b11037	Photos/IMG_0300.JPG
1fc6698e966f8bd32a902b640b956e60f0ea75aecb95ed5fcfc2a386cbd704cf	Photos/IMG_0301.JPG
92d7b089a1c03ae3d06fe79bd8e2012bee66949b5e7d380b9bf045c143a3e9b3	Photos/IMG_0302.JPG
9182a1d09b8645c89dc443a0d5afc559c6bcb527d46cf9e760e62e24e2070496	Photos/IMG_0303.JPG
ae59387e7d70c96e01d4e518c090a343e7e98888541ed93fa7d64c73982e2ff8	Photos/IMG_0304.JPG
6329b14e5cd035668f22851d68b6214f8c0bcd2e064cf269d61f4e8a11a75bfc	Photos/IMG_0305.JPG
cf4f6fc2b394c0f23daaa35a33070fb369e13603d8ff5d13ec7afae2c95a7169	Photos/IMG_0306.JPG
ac83c9d7cac81ce7d56fe14d33a2ccc8926598275d26c4c4d10508ad65a3db21	Photos/IMG_0307.JPG
58366907b611f51ee8aa2568d0983e8a53017fd80e58e776d7d522d3f2a800b3	Photos/IMG_0308.JPG
09382e202b2332e67eea6ba7ba5f194565706135d6713e9c6d0db4e42253369e	Photos/IMG_0309.JPG
ac18bea2cba65004ab98f7cbfee00a394312d51124af124514d4c634bdacf918	Photos/IMG_0310.JPG
3f7f5443fc1eb5ff3198e7fd9ff0c599b5718273745ad7d70c4c30c57c655f86	Photos/IMG_0311.JPG
f7a5f978613e007f9f7b78b2c447e5559aa1d506c0c04e800963c619e471cffe	Photos/IMG_0312.JPG
ccce99f47ceb5cf995ad46bf10b229420e195a37f3f150d26dae635026c3b504	Photos/IMG_0313.JPG
d4254f05c05a35aad7f5d494afaa10a7baac4193ca8ddbef149fe264c339fc13	Photos/IMG_0314.JPG
9ac04f6b16e290ee1355f1177551b20fb0700b2047aa0124a1ce0c8e739bf5e2	Photos/IMG_0315.JPG
39da9cfb7d0c2b0f2b2772466ccf8b296cb57d2be7c241b94baea5daacc32902	Photos/IMG_0316.JPG
089e49388c8aa9b9bd5616e519bc077441f58fcd77bffd9dad0d306cd1803898	Photos/IMG_0317.JPG
6d513be47e4e762c10a1db34ab0fff942b6ef0e366f48402048c3871bbd4ae38	Photos/IMG_0318.JPG
b97986f199bc0670299d7c0a695bbd01497a359f0fe605d37835fddc524c49e6	Photos/IMG_0319.JPG
e57b0b931415bc4aba49d56498fa5737db2de4f1f8a7cce760f53cc5c40a482f	Photos/IMG_0320.JPG
272e10b09d89c2140e98a54e92ee36e72dfc4e429241ffa296de2740e5978f18	Photos/IMG_0321.JPG
f83bfe649ace20b37accf93e6df887de857b2f06fb70cb7b5f74a9e60cb2e8f1	Photos/IMG_0322.JPG
5b5588383c15a7584b3bdb2dd816d06710a6486a3f9be5ad55e6a3ba25e39461	Photos/IMG_0323.JPG
dc8860b79704cc537aba1a45a4de800b929b69375258a1b5b03a24da0c667270	Photos/IMG_0324.JPG
1799abbd374faec545d8158a423261b881591d56a48a7e4af535c5a97543ec26	Photos/IMG_0325.JPG
bdfe7ba25d817ecd073bdbc43394cd77551ee123f733af9118880b18484b0410	Photos/IMG_0326.JPG
37407478ec9a5ceb26ed95bf3fb7c4dcb064442c6536db56e889c60613e289b0	Photos/IMG_0327.JPG
41d46f11ecef18402ef27849e35a21129099c2342b47670554d262ff26baca19	Photos/IMG_0328.JPG
9113ecf1815cb2c24cbd28964fa6a67ea1741cc239363446f865b037af74a9af	Photos/IMG_0329.JPG
9ee9830911ef220c9ec7510d8a34d0aeeb0efb76ad24ab2d4177bafcd3bc7db9	Photos/IMG_0330.JPG
ac48e83dfe68c738ebfdb129c9138ac773e54d6f5fece84f1ce7a257e8f4e580	Photos/IMG_0331.JPG
021c84d66afaa457ea420213e5e3c7b8013a109475c2d84c6c2de6c97c06a1b5	Photos/IMG_0332.JPG
bc7570631edfef6d17b47606dcfcaf95a502d463684c9b0761f3a449d9ab812f	Photos/IMG_0333.JPG
0f39316bdf3c97db33e1708ac8d65f6b8fe36cc64f19157694b6125e0555e437	Photos/IMG_0334.JPG
cc450d7998ebc3ad5c7d74278ace388ec751a170c9e209b43dac57ba441f3fe3	Photos/IMG_0335.JPG
1488b5b6ba65f5d621a46094af6efbeb185ce74ec886d48a5fde5c3072963b4f	Photos/IMG_0336.JPG
597985200270d7d349cee53678194177ed9a5244f68427480c3f45cb76266011	Photos/IMG_0337.JPG
14638806ae950633547a6d851e454ab252aade04c9465f5ab8ee0bc8cc177235	Photos/IMG_0338.JPG
3589ae232e0449620ed5fd0e7ae82e927c466f68e6d18a9f501639e9fe190161	Photos/IMG_0339.JPG
1388cfab8514eda7283c6f8fe599814c42e854f25f2573a1fef0c2303f541e46	Photos/IMG_0340.JPG
19f9acff71035246463c6be143cccb2fa3d93648c66b46a6248019eceaa2be5b	Photos/IMG_0341.JPG
27dd08f4091b38305d168769102c71a6130ff2e04c47bc41d6b90c85bb61796c	Photos/IMG_0342.JPG
970a5ef631cba8bddf704b55a734da0527e39d40b729cf756144a03df9ab01e2	Photos/IMG_0343.JPG
2a16e5eb25d2ee1a13f83916b3601eeb18417d002c04bae353df86b70d25806a	Photos/IMG_0344.JPG
c98abdc638e300b0aae0c226b79dd1b4c5e68035a0faa094d77747522cd9a90d	Photos/IMG_0345.JPG
33409f6c280f9d0c54c9e3bb6c3bde3ac5ab951129ec85ce3eeeaf3c13ad9f18	Photos/IMG_0346.JPG
85e78d0991fac9cd0e87cbdf4a6f0eac0ad0b0e1d492308fc9d1cca477b7a8e6	Photos/IMG_0347.JPG
1d9b803aa702b36fd06d74ea874a9317c2ca2872ffbbe8fc11c4e23d494b1318	Photos/IMG_0348.JPG
7fd177f2037942e62779932b81e43d9ec8e084091fb70bdaf65c6173502ba06a	Photos/IMG_0349.JPG
8d7ee84da174b808e2117c1116679c2c7a4bcb6edb713d16ca16192ac75d021d	Photos/IMG_0350.JPG
2c2e82f6f8367727b8102cb29fd1786d4351e59341e06c23ad5df79dfaf02f34	Photos/IMG_0351.JPG
2be7d2b8689f0a90d2db53c1b09f8d1d9dd96dda607ff1c49ba9f7c35934e638	Photos/IMG_0352.JPG
f28e1554f1552fc5e18843636f6868538dabe5993fde9c38f7e56efa9a2f90a2	Photos/IMG_0353.JPG
6c0829527ff6f98335b3a6ddbac01c968896e21d372a260805ec6ff7d1a6dcbd	Photos/IMG_0354.JPG
b93ef2dd68c4dbffcbf5c0b817cc8ed7e48ef83a1d488ec9aaea18ced20a6cd6	Photos/IMG_0355.JPG
ea99200f70d5e35fa1b80a2d87dba371cc0b4d815f02f6cdb50a02d891dc81fd	Photos/IMG_0356.JPG
16b974cf88bb5e08d8c598f036273c1dfa1e5a17518f0c71f804077fd0d2e653	Photos/IMG_0357.JPG
21f9c3202b676fb3adf879d2b1985c61deef88cd5c9afcfcc42a6d67ef113036	Photos/IMG_0358.JPG
1d5c8ae61af393558909bbeeced95e23a891af771562325a36d984893839633f	Photos/IMG_0359.JPG
492d15b6b5f34ee7dc509cf156eea61533e64e9589cc4dcff4c7027755e73b7c	Photos/IMG_0360.JPG
57ad87bc2369f90eeff90dc8753da84fd44aff8bb3459190868615fa8821487b	Photos/IMG_0361.JPG
58b535be6664b33f3405ad8ef66e87e06aeecdcf8b95aafb7fe5aca21e2c5e0f	Photos/IMG_0362.JPG
8ebea0057b811c04ced6dd60a7492e1ab58c35dd3f75296f6c52820f1fffddd2	Photos/IMG_0363.JPG
233a873827bac9e556861cc9b1258c503fea81c5aa6464a7d62624f1d21b189c	Photos/IMG_0364.JPG
bb6c321a93e27ae18ca9c43441a93f508523a27890d04b64fc9ecd3d777562e2	Photos/IMG_0365.JPG
c278d09d3988aad5a7caf43226338b6009d436732cf6c91a55b0e1a82c89d59e	Photos/IMG_0366.JPG
4921812ce45ac153a7ace47d61365f98f7387f20fadac2fd11a865e0d852544f	Photos/IMG_0367.JPG
9091c3ed8d6c449f4cf2cf25e08713322036feaf1690c871bffbdb01c8c52a01	Photos/IMG_0368.JPG
e57b5d9b572c433d758a6382efd7c548453c1b0cddf76f010b39d3c0af8213a2	Photos/IMG_0369.JPG
894cba4d834ef8fb7496df25048308f6dbda04d72865e6317f5fa1c655f218b7	Photos/IMG_0370.JPG
a393028463bf48a1b9795470c5c77dcbb46886013c36b208c65534aa3b2c305d	Photos/IMG_0371.JPG
3463c597470cef139621486206079643dd2892e8520d1b3000158eac631f3efb	Photos/IMG_0372.JPG
e98df8bb9b4b8046284ae2a702d5869559af9382c0fe2faabb9a7ab1017cbf20	Photos/IMG_0373.JPG
e46f0397809880595189daba8fcfa995c783e008588e94ad69c15550abe4471b	Photos/IMG_0374.JPG
49ddc9a5f9fc0d4d0f9afec781b63a214233a346014049d5de1d015276983d4d	Photos/IMG_0375.JPG
b0155043b579b9783df505c8f2d19f54f34bae2b1d1f29584a119748afe1b1cb	Photos/IMG_0376.JPG
fcebf5d8bc04b8bf5bf1d9c4716ddb255144d7505161789c58fa5217f6ce8ce6	Photos/IMG_0377.JPG
e093c61dacaff24f9506ed28de7c1bcf2a47ab11f4f36465daeda92548a240b5	Photos/IMG_0378.JPG
e3d5f3efffcbd7dd8b556c96e2ef3d694847844276ee8365fca1a827cfb7216d	Photos/IMG_0379.JPG
15d4b99e3478768a1e7164828101f75fc10eb8ce3ca8186773c7ce278a3f59dd	Photos/IMG_0380.JPG
3e16e12ab438ca87747aa6ac61f0bbffc4874d665f059a15ab59b494cfd10b0b	Photos/IMG_0381.JPG
c6fdc788acb4808dabaeef9e64ff9d0337b9b157f7ca80ba118329a06789cf89	Photos/IMG_0382.JPG
8aad752d029e7ac90f0f30e1d02118a27228d83f8c3956204dff8a77fdc29760	Photos/IMG_0383.JPG
4d4f3f293e65c13bc3908e1740058b363589687cafece3423590a8e44cd66904	Photos/IMG_0384.JPG
a4ea238ee4b95201945d378972a242e08742bb3a026289a2109d67600d666813	Photos/IMG_0385.JPG
04a09f6002d4bc7c6a63a4af9fe4909102c9be82196072cfd1866e06f5864e78	Photos/IMG_0386.JPG
8ee08280660a03128f72d8f5798a94e06e6837492ca29008fa14743442ed897f	Photos/IMG_0387.JPG
dd16ce9ea2b3970b66c0e50f25e0ab6b9466ea99b351baaf359ffb61cfd24324	Photos/IMG_0388.JPG
3c082e472ee99dfb4895da07cda38bf7ebee55506e597af7d5c9c22f2f1bb49d	Photos/IMG_0389.JPG
84111927c378517a924b3147d1792fe217fc5608b10a8f0c8d08a985828fc1b5	Photos/IMG_0390.JPG
316d513ae8fecec2d83c501b9e527852532abd1c48c1f479dcae4d24f12f85c1	Photos/IMG_0391.JPG
cf3731f4c8e348deda165c2bc66291d85f3c7d71cff9d066fafa23034308a5cd	Photos/IMG_0392.JPG
47e74c5144fad971f0e1ff4d7b3c4fb98fe43ce61bf9e25f2086d7d0a79fe9a0	Photos/IMG_0393.JPG
eceac6af5b9e15404cb12143d7d20960981c8ed606efc5ad88c97ab018077f35	Photos/IMG_0394.JPG
2e401a3c5da962dbcb9f6aa065c8b62467ca35a9142feb5928d0ca15784cd1ed	Photos/IMG_0395.JPG
5986beb914fe5a1b5cc9c1b60755ec264d8955858eb5cae2cff5f097bec651a1	Photos/IMG_0396.JPG
d4fd41411f1839e8f41056e2699729c8085051e769d9848eb93ed5d170412de8	Photos/IMG_0397.JPG
0c9e554251fd917c60b24ba82ff94dcfd0338f5865006681ac15f16408cca2bc	Photos/IMG_0398.JPG
2c06e96da54f20559a2adeb0c66936b4adb00bc15dcb33134c8ac8e5ce772f0a	Photos/IMG_0399.JPG
12307cd43ce9e42b372e80b2df06bd93e8faa9c48c1b7e41a96c0ec71da74a1c	Photos/IMG_0400.JPG
ea1a03b89553ef82762faa23f5624674c1f019d1dbe16bc7d12654b70b06cd07	Photos/IMG_0401.JPG
6d5619e510cafb86fb8cb6fa1b1dfb9bfb55cf4c26cbc1ae1751ffb534d39a1c	Photos/IMG_0402.JPG
41a622ef05cb0fcf0f40f5cb428f98fcf2fc2b7cc04c777dca78692f9ea2d990	Photos/IMG_0403.JPG
12c08a8537aa1118debdc8383677173fb9a59db1af05842b1a3556707eb265fd	Photos/IMG_0404.JPG
793d4e41af219fa94ba352b6d619e5a360f11c0a3754ed3c300ad8708e342439	Photos/IMG_0405.JPG
856cdbe03feaf246e189441a400fd7e62471a065c6384d6413c9caf0cbceb799	Photos/IMG_0406.JPG
f0f69469771936b861ba93485d8e1124cbba53eb3a334f036081f1a1e12213ef	Photos/IMG_0407.JPG
1dba7da57da7c03474d749456c55c09d17d2301a6cbd12ac5c4fb7e35293ea0d	Photos/IMG_0408.JPG
170208bb27bf2ebe6a3602480016657928aad03ba01d21b428d4d85f482f0e72	Photos/IMG_0409.JPG
edfa4dad582f28c8d9f7f3b97f4580b8c0ae26f15bb9f9a12a342b706834aa72	Photos/IMG_0410.JPG
159a72892473640d662223cc7d5686bb91b8fbaf7176ff6af15e957e91f56150	Photos/IMG_0411.JPG
7ba20d853b7679a0da085a01d606ae70a95511db4d99a24ad3a4068178aa4813	Photos/IMG_0412.JPG
1170d782d425eb9a0bee4d1ca7b0d0c9b8955056b753caaf2e27ab55cb7e77a9	Photos/IMG_0413.JPG
40eb866193a33c879c8c28daf7c1450e3f85cc88f302731baf862bfd5b8edafa	Photos/IMG_0414.JPG
8e3853b4dfb1b6c5a016efcb842610380d78416deeeacd41083f74e949d5dd6e	Photos/IMG_0415.JPG
72f4a2cda0c59a22d5d692d52cc16ad2cedb7b5d7f109fb8b4165031f6f20f08	Photos/IMG_0416.JPG
641dc00b3852a7fbd96b27f9d5b77530ae65f241b0b29ba77321aa0fcfec39a4	Photos/IMG_0417.JPG
67c674f15a62604e53795ac5b28daf7361a8fa7055af8893e8f7c6592177fa34	Photos/IMG_0418.JPG
2d0b152c9021d1244ed6a29b6ff4b8c69ee4da89c16e1a5b9d14a52376e33bc0	Photos/IMG_0419.JPG
fdf95081988e2b59d766729665676f6d23738f3ccdc4afcc45014a5efb299c41	Photos/IMG_0420.JPG
efd716579c783558cd06bee14d27025ceff70ec09e9f1b5d3a84faef943369cd	Photos/IMG_0421.JPG
f41d66eb5ac34a83f8f612e2be96a012b6a3e16a3eef3812fc5bc8151ae9778c	Photos/IMG_0422.JPG
05608fd53bcbfd25581e0c90c09c88b75cb11baa01e582687ac85b340074eaa7	Photos/IMG_0423.JPG
96b07ad87ab91b6363d9d5c21799b4a39fa515c198e40643970e99f93613fcf8	Photos/IMG_0424.JPG
424fe8f3e9f7e57371c139bd43744b8eb5db031a91c21affe6de398db6732bd3	Photos/IMG_0425.JPG
b8394a1a65f9a2f1f3f96af3ee5345e3151b578733085b16cdcc6e4524f5be18	Photos/IMG_0426.JPG
f261ea1c4698e10aa6801c9fd2a8dff3d9b0b7809f71499fdbdf18d0c5adccf5	Photos/IMG_0427.JPG
cccc204c9abc6a5d09b6f5180e8a951f9fff48936b4ced8d9e4f896d31c9cf17	Photos/IMG_0428.JPG
45b4afa3abca8b1d2cf92e2bf7dafe278f2b6a141d7d02b37458c7f8852c0938	Photos/IMG_0429.JPG
9715f8acb01c2d42212fe05b9955138223c2982e52f75d2741e4fa349ddc40bc	Photos/IMG_0430.JPG
ebeaa61644f80b69ba5ccd533cd5ffdf714f774105f10f3d7cd9c802fad6a2e4	Photos/IMG_0431.JPG
c43de2ff89faa9931fab434b56277b420cc2a8ae67594a69ffe24b264c07e64b	Photos/IMG_0432.JPG
41491db1a431a867436010d25bf5fe01da7222f5b4dd87b3ead8f039fbcd2f12	Photos/IMG_0433.JPG
1849d62d35a151057b5a0737a39ab3f42b9453a4503ed693632872359fb01e30	Photos/IMG_0434.JPG
d338b9b5106a5c188a7a721cfbad38666f240217a1ce8793145b3aadfc1de18c	Photos/IMG_0435.JPG
3cad731b4fc747c460e1ba8cbd0104f6349ab753d3e850f0f86056448a7371e0	Photos/IMG_0436.JPG
d518db6527cf9f149bfac4d91bed672a53c7176edd0baa9246df9ea6afb5e390	Photos/IMG_0437.JPG
23a19685c5190dbd551aaab028b7adf29a84cf79330919cfb6c4bb72e2511e78	Photos/IMG_0438.JPG
033bb2e1e8b25c813f2d2b5da77b804a369825e17824084603ba31e13a26908a	Photos/IMG_0439.JPG
7d6b95e3755f5d38863cb71b14f2534e4aba3a016a709abee002f8c333670e20	Photos/IMG_0440.JPG
7b61c179e9135181980b97749932e9836e46d8782570bf106e7589c541eba837	Photos/IMG_0441.JPG
8fde12552bfeaf07ba55576707f4acaf8ebeeb9f42d11d69daec2e0270c5dc0d	Photos/IMG_0442.JPG
e306ee96d0dc59856893a5c685a04b62332200d4b85f32c343f42e5b26b05dcb	Photos/IMG_0443.JPG
d85541a2ab67d26bebc1cb9eecae44e693f41c1c1761416217f028b2433cf1cb	Photos/IMG_0444.JPG
23a1aeb53833c499e80a47b4075c32164286977c5fe1af543508d073b7204086	Photos/IMG_0445.JPG
2360cf6ee4b17ba854346ed6fce40aad0a96654c31d12cb79e4900aecb486957	Photos/IMG_0446.JPG
da47072c5665deff9b76cb7501c8f697393a2d6126b6cfc15b21e1d1f1dd1e29	Photos/IMG_0447.JPG
8fb03730269b9a92f263ca470fde629339219213e3916647a7712121c95ed5ab	Photos/IMG_0448.JPG
03a0f761be2f91cb155b4afe74155cfe42ddd80701344d6c5ce73a212ae2ee88	Photos/IMG_0449.JPG
179b0c95aa2dd2e34d4922216f63d7aa27a1f2cef183dc3a7cbc57ad32d51ad6	Photos/IMG_0450.JPG
93985b98a41fbe9b7b160f147527d92c1c29b4baebf0c87b8bcdb12f4b5280dd	Photos/IMG_0451.JPG
b22d8a123723a94c3c4f2c3ef63bd6c1107b0fec1ccfb42d9b4c6c9e3045a938	Photos/IMG_0452.JPG
7eab8d9e8a3c1a7c231ad686bb5c5a322b95c2ca7cac676007a929ddd3f6d6df	Photos/IMG_0453.JPG
e0d578fe8843e0b04809ca29abecc20765ff9ae8169d475d01eac2256fac58bd	Photos/IMG_0454.JPG
ffdd65df05391dc4093f5426c01a3a8ca238a42ab3198e7f211848ae53d04cbd	Photos/IMG_0455.JPG
2d4f62b4a07c57b34c0b59204355210ecc31834914245b5d8b97a0d06e11048b	Photos/IMG_0456.JPG
3df47250a168990901f2be6ca998315f3692f4e02c112b735873ea40d04a7b3e	Photos/IMG_0457.JPG
b96c27af895e8501150123288d07a57ee467cb79377a2c011f22ccb0fd9edf48	Photos/IMG_0458.JPG
2272ac16fb59565aaf59e1ff9be485b645307bf2e333f5865a77cbbcaf84e353	Photos/IMG_0459.JPG
b4042d5062103de16953579593cbe3a6a26b180982efb11fd737bd9c69c34019	Photos/IMG_0460.JPG
79e759d072bf3f5e0207faa468d3a3d967af3bb5d3644d2b6f7f01578effaee7	Photos/IMG_0461.JPG
e3f606971aa19661a0bd7fb270a25533c82c785ea0ab21b30a67524cebf90fe6	Photos/IMG_0462.JPG
44481260030720e316f464bc0e73417e77486bed87c3dc89cbc11be7ebcb7a87	Photos/IMG_0463.JPG
bdb8863ff702c997170d433a91797ba9352065e52664ab0ff21c3457d32163ac	Photos/IMG_0464.JPG
09f29947503758dc50185e9d2acd11b9280340ed9da683c6421718145ccff8ea	Photos/IMG_0465.JPG
204dfba6bad77377b7aab1414b9b2d28a71595002f575ee72a73d58769a103b2	Photos/IMG_0466.JPG
2f9781e6a3d79dfb6dfb4f9068d41ad14774a6e062322167aecb6f0fd83f6b5b	Photos/IMG_0467.JPG
5e6234c4c21ce6d2b966bffd0060664c006fa71652d63a8eb952c10fac0816d8	Photos/IMG_0468.JPG
fbb1f6002d6fa2256933fded58ad87eec14ac803fe1f81344662dd529348631e	Photos/IMG_0469.JPG
89637293bc605c87eba534814bf986ba0fcb1bd6278d09518c2399abad9e6408	Photos/IMG_0470.JPG
8af4af2c69ce1cd8dc5e227b868c49b741e6cce375cda7ce401a278f14f67339	Photos/IMG_0471.JPG
a86e9fd48ffad41b23b7a7d1a3088c28633e9e08fe13280fdcc2ec5dba19dd0f	Photos/IMG_0472.JPG
0a886b6c2bb0e975076589a6e34b5a1d6616a005d07792e19306070fb3bd2e27	Photos/IMG_0473.JPG
4bf1667aed59327a961f44d4b479708727db81e33b65cba976f79b6c4951ac23	Photos/IMG_0474.JPG
8ed90e1e26893efb9b8297be55ceac0cefaf2402d39145313bed858d32af8320	Photos/IMG_0475.JPG
b1fd2013fe249ffe7d5959093a2cdb24c10d0ef230f7c0c2578267778e9c07a5	Photos/IMG_0476.JPG
bec94fd8c0c53c53ca570d97a5d59928d285dc99f04b849b59258368065da6e3	Photos/IMG_0477.JPG
5466bfc3012986d1ee1aa759153897ae106e28a465504204bf4497481b90b75a	Photos/IMG_0478.JPG
f238c2b8b8d1aa33eee81559c5e937ad4fc57dd1d1d68f24df09a2fe42ad3e0d	Photos/IMG_0479.JPG
24ae7de3f00fc1503b13ec774099e38adc2b978c1ae0a50a165091a3d1927888	Photos/IMG_0480.JPG
2efcab9909ab6a9e4316d4d27ef102bf15c0edd2596e992a290dcb8ffe6fae63	Photos/IMG_0481.JPG
bfc1e0cf76239f38f7ac5b82ba3816927d1d9167e3a30fd7b395dd1b36b1cb54	Photos/IMG_0482.JPG
83a544a056c6055b70a163969dea627ba3d689dd1cf9ba92ad167a2f74503300	Photos/IMG_0483.JPG
8c572d7287d254e30b2c80e189c09b3ee98014808b6d0703da2e8312985b8204	Photos/IMG_0484.JPG
48530b8e646d22ff7bfeb44389370592eba35fd139dc36d79d096fdcb60cd8c1	Photos/IMG_0485.JPG
97cff4d3f09225b1dbfb90bd3d89f50f8bf884a7d48fe1b8f1ea6d830ab19852	Photos/IMG_0486.JPG
e13499457f3da38530657af1605cb7c830de2ac0db807afa8307bad9514e4595	Photos/IMG_0487.JPG
9f50e5210d58badf5e3bd42ac7b5b705d2434602619928b32f793cd582d64c6e	Photos/IMG_0488.JPG
4d719a387435b693c2f0d89c007b45fc268493c8e94806389091869597284414	Photos/IMG_0489.JPG
17f70fa70709553b96e3a6782c9d42117ea15f79940d8d5e4749fecd5f64ca1c	Photos/IMG_0490.JPG
50b338481ca07b95953ef6bf2f31b16962720c7b7093ddbc0154a3230edd7dd8	Photos/IMG_0491.JPG
445415282c1b3e33bc2548da2ac1f172c1aa4044971db8d66666d81e668b6d1b	Photos/IMG_0492.JPG
67f7af255d38c30b4a8333c7755555d013a1995cede4fd11ca4ab7b6865769dc	Photos/IMG_0493.JPG
0dc2b9eb3aa6929e7fcd165c3c4e07675d6c64b9fc522288c00675307e3f0c71	Photos/IMG_0494.JPG
2beebf5113d1e706de98ba05f47402493d1b981b8b560a76399ba9a1d47c3d3c	Photos/IMG_0495.JPG
6affce3965123fc00e0ea0c23cf0f51433c211f3cee7e772cfc8760723d14dad	Photos/IMG_0496.JPG
e5f55a5414d994c0fe7c163ccb2c177cc3bd227320959c6f1ea3a84006bd6832	Photos/IMG_0497.JPG
00237c87f9607013f8a1fe74e233ca5d98a4e655583b3771a49b612a08f24f32	Photos/IMG_0498.JPG
5950a00e6cbf5c61f6ed58faf693b94813cae1bcbba9ed70d550040be5774830	Photos/IMG_0499.JPG
5a974aa069e0f314086074bb0a94e71bdb5ba145932c5cbcd9afb018ae51a1ca	Photos/IMG_0500.JPG
822e1c070ee43d6147ada81ebbad9d1d4ac0c27740372601de3302cf4a43597d	Photos/IMG_0501.JPG
4f041f0d2116563a7ce8a46fdd1fdb2a9494cabd0b4ef1de0475745bbe10162f	Photos/IMG_0502.JPG
b72d4fbba0125b25aa0b3f382b42a922a0a729ffc45bd91da699f3314fc96606	Photos/IMG_0503.JPG
4e2790464ad0e106192fa38bf2f4c95b3a36f77c19e4a6100e97467a086d6b00	Photos/IMG_0504.JPG
35b7571d1748a006da493037b52b14aff8fed3973ea97d8b1b7c09ed8569d80d	Photos/IMG_0505.JPG
c48142d9dd77de02586f4b699ae61c06fc04edd5e46da522ca56ed1dd38dbc1a	Photos/IMG_0506.JPG
634e2f79f0f39d79ae1e2ee097c95b9485f5bfb5fe43ac2afa62855d15248e41	Photos/IMG_0507.JPG
b83b74750ac2a7139c035d8c192f4cab498d13e10e4ed26f5d169ecfa3a2aaac	Photos/IMG_0508.JPG
3872b0b757ecdbca7490ea19284a35adc40c330ddad2008de92e9593dd9ec264	Photos/IMG_0509.JPG
403e2cf2e56a438e1ea9b8ac5995be6e2686fc3643b6d258461ea177072dbe17	Photos/IMG_0510.JPG
3b95d03b37192fed7d04ae07437e28ccd6d1f57d543ca7355f31afdfbd72ace5	Photos/IMG_0511.JPG
97d1c46552af4045a8aac1dc51ea2fc14671601950c5226be2d87e90d1c929be	Photos/IMG_0512.JPG
00b27434d63ea98d5d095e528b6a732b297872a00b021eaaa06e5bb89e80971a	Photos/IMG_0513.JPG
9fa7060e22811e4458056fe1eb5613d28afed4b7d2316fe306011f02467a944e	Photos/IMG_0514.JPG
09d10d8caabdf08d475b0a531284195ca4c3326700ed9f5197ebc4d1fdb53ec0	Photos/IMG_0515.JPG
1cdd62ea5fe622cbbedf90bc0d79d5e4155611fcb15580d15c4d3aa03cb6c86f	Photos/IMG_0516.JPG
7ec0fae1e8944dc6e6278b4b03db6b5127bf73f9e4f5610783e52bab5f530f25	Photos/IMG_0517.JPG
33985ad0c1c3b0c9fa2c9fe00dd6ecc1efaebba355a3e7c469b754fda61d389f	Photos/IMG_0518.JPG
e03f3a549576641513190b033387b8de1ab54c209f57d070b8c8116d3f882679	Photos/IMG_0519.JPG
b72b5a0f4da6fa34961833d9f9b14eb3876b47bfdad7a1c28d7cc1a5c2236ea7	Photos/IMG_0520.JPG
3381edd5caa60a1c6184f01536985bd4e1adb2684d17e5c6e51f3ffb54b77f92	Photos/IMG_0521.JPG
ba11e3357c43069556fbe35dcd2aa2b3e93014a9f5cea7eacab661feab9c84f3	Photos/IMG_0522.JPG
a3ab04468f73dedbe0dabc84ecd211eaeddb676461b7171df1254f2cf023ca6a	Photos/IMG_0523.JPG
c089833c9c0f1a966ab80c671e573d364f92a7680826375041e91d009f317c8a	Photos/IMG_0524.JPG
328ba425bfe5ccfffbf0c7a71ccb46255c937dfb933cb61d6d45292b1d9d7fd1	Photos/IMG_0525.JPG
f7bf33775f370ebfd18d7d06147a0d4651c63cb37c817212ba3ace837855b295	Photos/IMG_0526.JPG
e3bda32173d8a2347bd36556b898607e7cd85dee0d8e7fb4cac849f05ae45416	Photos/IMG_0527.JPG
d070d92c55ac7a16946eb74a231081428c34e5f2516236465a05f3e366dd2825	Photos/IMG_0528.JPG
394553b310ecf3e07e61e233d7c7809943abf56663b6d7e538cb3a86525155b2	Photos/IMG_0529.JPG
356aa2fed44c7d595cb409db59e7fb16bcf15a0f89c1a8e1535b15dbf0548310	Photos/IMG_0530.JPG
d42dbc410c2c03ecc02d961ae89e5ae3c44bca628106683a24970d0fae96fc7f	Photos/IMG_0531.JPG
d8f3ec2fb584be3fefc12897947dc792b78a15e903147cda03744361e1f2c831	Photos/IMG_0532.JPG
7093c1adc4ba4605f54294489aea940f9a8a76a603b2274418d7b2bd1dc494d4	Photos/IMG_0533.JPG
895874f90a4c80a0dc7a3d0c741f3be3b45b2f25c3564a8d8b59f7532c3ac623	Photos/IMG_0534.JPG
7519feaec0bc64b17a46d9f69197690d96948afdccab6c21abbe6710ff23de7e	Photos/IMG_0535.JPG
6844ce3eb4d935c39dda3a06b8e876c698d293ef091384c01f49b23d34d1dbea	Photos/IMG_0536.JPG
487c3d53470e4d89946d884b10eb93fbc57f36dedd427b994451ba5f3426fdf0	Photos/IMG_0537.JPG
59e155ecf59b2003cfa2bce65e8b07d3b3f412da2bd64cbca15d227ff0a1a680	Photos/IMG_0538.JPG
06136005e60aca5132416496cfeccb4a7eaa0d369515525c6d56d755b943a308	Photos/IMG_0539.JPG
c81acda821612dbce6ad76f6f0259d9fa8cddde7691815a33f41e28d7ad4ab56	Photos/IMG_0540.JPG
4f623b6d0787e0138c90a50d16cd0fc3488a95c75d4417b804375c516a8a8d87	Photos/IMG_0541.JPG
ad6695c6c954eaa1cf39e7c8948cc60c35a938ec2946350d8eeddc8befd289f5	Photos/IMG_0542.JPG
248fa5442ecffb38c220fc3ab058538e4d2b405184b3dd0b3c1d8f1e39d20e26	Photos/IMG_0543.JPG
6fc41b185071d6405ec094febf1a97f518e16fcb22a55ab9493a678cf8d198a8	Photos/IMG_0544.JPG
bb3be4cc0433aab6a8cbce941d2d8058d8426cc6afb2d6f141da231509c741e7	Photos/IMG_0545.JPG
c172d6ff2b6726686093e837695afba045a6170a08d9cf3ed1ce014fb07a8618	Photos/IMG_0546.JPG
1e57869a1569ecad0e8e07b65e317767575769fc163f31749ae3e3d3202832c3	Photos/IMG_0547.JPG
4357a6918b98afb727466550d520ed1a2e432c19282d7930aeb313209f73f959	Photos/IMG_0548.JPG
af968b03d9e0a1ce305f1ac18e434541bfb3a658c20ffb98abc702e47cc9cb08	Photos/IMG_0549.JPG
c7e87fd06c9d34d606b6a44f9910369037ff6d827b8022ce5a7b29a9cd176cb3	Photos/IMG_0550.JPG
ae679e7fe90a28cbfc6dd25d17b4a97f7d3d57d01e7741ebca4290200cff6236	Photos/IMG_0551.JPG
576867a0209da410ba981ad544f4c1245a48d97069b6b4b078a039560dd8c082	Photos/IMG_0552.JPG
77e56675b6d98c6a52e69a957f39f0003cea30cbee9b39ff76564037c3d5e21c	Photos/IMG_0553.JPG
be704b1ba5a3e03a092a885bf15b47248c3e0efc7ca691e87c922254cd2715fb	Photos/IMG_0554.JPG
ebbf8364b03fbb359d8d733e966fdc4c93dfa6b519f85f3dba82ac6d54e00330	Photos/IMG_0555.JPG
bd7b877ccb728322b83a445291d3089db8da13c9290f49aef4433f5db77bca5b	Photos/IMG_0556.JPG
79bd03f963832222dd81fdeab1e629341c7b23be2704497c1a015b0df705333f	Photos/IMG_0557.JPG
c157af2978e371f2fe1178bb0b335636fab88389c916b130d2ae6fca701c11b4	Photos/IMG_0558.JPG
2ff351637760338e78f8934f0656f2662a0769055e8ffe16429f24d8a628e723	Photos/IMG_0559.JPG
818203d9bc45e86cd46baa660cb52a6d43f48ec60da9e1fc9c8f256fda6d3dff	Photos/IMG_0560.JPG
0889577f0aa360fce6e80f3ca8b4b9963e1dc4dc7a3fa62df1172d39be761a33	Photos/IMG_0561.JPG
e1b26947491fd8d99cb9dbba119c886017b527ac2ab1a9c485c0c9edb52f81f6	Photos/IMG_0562.JPG
f387d889ab7bfdff1c5443c856c8b621969fc2b5c0e9030b50c786b2a98cdff7	Photos/IMG_0563.JPG
229f7a25881993ca0962b2cf7b31ceff5f3cbdad3d82a144a18d1f0dc0c8133f	Photos/IMG_0564.JPG
325c94c8a1dd46886112561a299e82b790c25a959672fe9252461adae3952150	Photos/IMG_0565.JPG
6b5d9d3da9865a07e62cb1a9624a8840666f0838eb17cf6d4e2052dd2047adfc	Photos/IMG_0566.JPG
0fb3e2a430cab29f5ebc3b2c5ba0c62a28dbd320aa8a8dfcffbec797394f1a31	Photos/IMG_0567.JPG
75b12ad421d9c9fa7bdae4f1a4d6bd317c0514f69d0dba90542ccb112f3534bb	Photos/IMG_0568.JPG
9eef410c14de9c0b7ad871c95541f55d747d26c182272925b6e4aa3df7128af4	Photos/IMG_0569.JPG
0f7aaa9f08817565977c7d1008bcac0ae7a6bf1a1af1911462452b07f08fe97c	Photos/IMG_0570.JPG
53aba6b90deda2f5e2a03052826b63badcc870a07ad57d7bbb84d126a45555fe	Photos/IMG_0571.JPG
35aab028fac67321b7c8ec42e4fab9fabd40862545a19f3cf54c59993333de84	Photos/IMG_0572.JPG
ab19b4e4772f1ef4c7e75dcf1d583760ec0216a9291ceda9c105fe8298bbfd44	Photos/IMG_0573.JPG
47bff7a049ac93533c658d316b18b2adcffe94acdc84ff92d6581614ea3d1d32	Photos/IMG_0574.JPG
ff849450f0a8ec58e8ba2185152bd7c1dab872702c267f102cdd1e148e1286f5	Photos/IMG_0575.JPG
52dae544363b090ca26d868b9c6267d07fc884a4c051098f44663d6c8a6e04dc	Photos/IMG_0576.JPG
93b0c258effe49112d573d863ef323ae958201add060cbaa86e2c459330355b7	Photos/IMG_0577.JPG
8503ec5bf70b91aee6a02388a4fc22b2247d0618284051601ab8dc932d5d0da5	Photos/IMG_0578.JPG
ec5135fe9bf20bb67e1cd85dc6a67f570f0f7d2daba69176788ea927a9f936da	Photos/IMG_0579.JPG
fdb0e0ac4172d2e0ca54b64265cfdebfc16434695314310608fd29cdcb97a59d	Photos/IMG_0580.JPG
4c9c978604d24aca9c2ca6823306d33d5fb28a03cf5d98d671029155d5ddfe06	Photos/IMG_0581.JPG
ea1a5686c8e8965955a03e4696ddeed98cf6eead69eda4ce2d5199c502015c1e	Photos/IMG_0582.JPG
9d03b31c1c39c3c7c90a56dab8687f742b316fe096b6539de3506e8454bf58a0	Photos/IMG_0583.JPG
dcb6bdfad7a2f99de4bcd387266b37e1a8f211c09ef23a248db1a42a0f3cfebd	Photos/IMG_0584.JPG
362036ff03439dda467c57a7a4706964bc2bfa76ab157e8c2e62ff47f2f1c5de	Photos/IMG_0585.JPG
967181ce2a9037a9cfd6ec81089f3368b2cec538f3daa110fa09e9e7cff12bdc	Photos/IMG_0586.JPG
952a8301ddc384c6ba8616d1a864cfc6d04f18623739ec1730ebf1f78b344fb9	Photos/IMG_0587.JPG
b8d31faaa0e9dd5e64e8ef22f3dc453cf9c84845178a918cc9bd4480e6434497	Photos/IMG_0588.JPG
b7521d878730612f99a4166666da617d6e67afdda9fe9a98174f1bbfdcb54142	Photos/IMG_0589.JPG
e3909e256428af934867c33bf841a7242a196816899bd0292fa6dc5bd45b4f58	Photos/IMG_0590.JPG
1bfda5c6bd08c6a06db8240287f21fcc5bb5d4bcb9841ebe69513b863908d340	Photos/IMG_0591.JPG
052e31c405e304e88861dfd79da44a4c40954b76713d5769f300bf33a1edb42c	Photos/IMG_0592.JPG
fbdbf392fc307e0e6ddf155b54d8bce85f602a6afeb8ed0ce0bf3a201e83bab7	Photos/IMG_0593.JPG
10f7a528f58b03f01469885da1fcb30a2494d33802a7f89331c6d3bf5f50a4a0	Photos/IMG_0594.JPG
6350719f3647e057712c18b52439b1d1e61b7cf969ee66e9c67b48f76d34b41e	Photos/IMG_0595.JPG
133dadd038156ccc93763beabd157e3dc3e0bdd262d5914ed9e404751e231bfa	Photos/IMG_0596.JPG
4915cd864e819e1cdd42c752f9cc13f31f053121691d45fdc3cd49adeb4e1126	Photos/IMG_0597.JPG
c26801e5f0d19fef477994a8b5237947080ca0e73d00be80840bb32fb1839b3c	Photos/IMG_0598.JPG
22e484030496a92624f1391585ade29d1bcb3f2d683c18627118d0b011b93348	Photos/IMG_0599.JPG
1f0167c07b6b0b20fea9253e7c775b1f5630cf63c466164c810b01ceebf551f3	Photos/IMG_0600.JPG
13d800f819c964ded5406cd99bdaf0a2707e8589141a185177de755652728a75	Photos/IMG_0601.JPG
b317c05e0f3d420cacf931ec04e84b35bd13ab27fb823334f27f19463dd98adb	Photos/IMG_0602.JPG
30f2f4f46dd1a0aa2a1a3865b48377cf94cf073bfc5ae8026e36ea3179b590b2	Photos/IMG_0603.JPG
eac79dba0c4bfda786bc1add68746d248b7a270d4efd5953626b19607ef819c6	Photos/IMG_0604.JPG
17b12eb19a483881c5af9a90a78b0768f67c5d3c4f60bcf8e4cd73712eace32f	Photos/IMG_0605.JPG
219b72034b85279e55be83d1a4fec4c3f1d551d5b444f21ce60f6e2f7e5dd73f	Photos/IMG_0606.JPG
2ea5dc17f7a2f1ca1a0db18397d54efddf08d72a1eaac007efbcf50e33916432	Photos/IMG_0607.JPG
a368444ec53f5380a1b7a17ba409c23eea8b0cb5cb683451f1afe147b0cd7f39	Photos/IMG_0608.JPG
787c5b5468b402bee901bd61983b5b93d5fc13f58dca9e558588e517ee241ff9	Photos/IMG_0609.JPG
4a0a57df808c9ce5035f59cf6e9d47e77d19c4f82c3f5e6c4d697694a97f3de1	Photos/IMG_0610.JPG
e2b4925db817d3cf47e60a923ea6fd8ca7f4ff47096f9d076c4a1fafae76752c	Photos/IMG_0611.JPG
c8ce5ad1872f027876c0a8279416b1e3d35f3366f686ddd70ebd32cc1a1cce55	Photos/IMG_0612.JPG
b90eff6ab293eca809495f22cae35a8e6420be2dbbe678e35d86ec6885ddc4ba	Photos/IMG_0613.JPG
cd2dccda3dddf76a33b8e00991c69057fbab3a9711931d5b4eea10efb48cc3bd	Photos/IMG_0614.JPG
6d00f058baf3a4e85d94d7871b951fd77c6c27e40ff23a468ee11cc8f3490dfd	Photos/IMG_0615.JPG
bb666abc15f87ff8325ded2d86bf37adf008c24952f44cba655428adc6783605	Photos/IMG_0616.JPG
119391266171b104d0df4a3a0cbfe965d9aa11d7884a2966df1e468c943d3a66	Photos/IMG_0617.JPG
3978687cfe0188ef23615181cefb2a1c3553a109a7a840f27c37699332babe9d	Photos/IMG_0618.JPG
f063b8c2e1c5cf39e328dcd06b1a20e682d2c17a60ab3ffa349925d2d00a8d68	Photos/IMG_0619.JPG
c1a22c841ab76c345714abee76d084ab59117b3b625a93f4fb31ead88cb1b089	Photos/IMG_0620.JPG
785190426ec8729d489aa5b4b5f0b5a302590e47f3eb1a7dc1b3ec35748f47a2	Photos/IMG_0621.JPG
0b02c544310466aba24bfbda4cacb77d79bafa30f8e720390e0e77528dd2bf04	Photos/IMG_0622.JPG
1cf42d8e3cc7e08b14da9bd949a54cceb97c0c510431c2154a33334d47fbf7bd	Photos/IMG_0623.JPG
0e1bc7d5434ffc30ce65df2c5f277cb97d6e9707b7d5e9ff35e84c5a255535e0	Photos/IMG_0624.JPG
9b1852980bb5a4c74a71d70eb809cd86a360c3681d2360ed7e3986f67ffcad95	Photos/IMG_0625.JPG
2e3d51817687445b0c7ae1f6a6715d8891f62a08a242581482b0ab27c87b71dd	Photos/IMG_0626.JPG
0b87352d77ac6ee03b3d2d52d23f2c4999d4a6f376064dae32358df7c347fbdc	Photos/IMG_0627.JPG
8609f326eaf03c2c46b935a2b5910db045a4b1379351d012353eac42d5668dc2	Photos/IMG_0628.JPG
c5933ac67225c6cadd821d1300118d467875eb7fbe88645c92004894c7959e86	Photos/IMG_0629.JPG
97a4f6c89cf1db34be0e00e6051c2c167a807bb097d2e0531b6f750c99876177	Photos/IMG_0630.JPG
e507cc86d0594a6f0d6659ab15a60c7f154e9abb452734464ff14d793b209b37	Photos/IMG_0631.JPG
7caf42e0a6d7a8426dee935959a9310d9df9d5b0e83a07bae992b8514cbcfeb1	Photos/IMG_0632.JPG
272eb772a6a287c04ede0df313b5f301044b2dd6c028c208750650638b045f41	Photos/IMG_0633.JPG
dde36228da718d396e36bb44d1e6dd473f743132b114c73043c8e895991fe005	Photos/IMG_0634.JPG
c6d1a273d4c1bca8e80a76af0b5240d5d70a7d9f540083b2fdff15eada5bf7be	Photos/IMG_0635.JPG
cfa6b052c67f4febce6555a98b9a5f95f1721720a2eb485b45480aff322c0da5	Photos/IMG_0636.JPG
f7041e07bd4249c43b56037468780d77cbf98e42961c4253ebea52b9ad447fcf	Photos/IMG_0637.JPG
f59d23d012db54ae9cc9ab2bb04e4868ad5a09dd8aab6e9d383d4e673eb14a89	Photos/IMG_0638.JPG
36d933afe0caab2a541ba3bc5917c8f5bf746262621020c174470d0cd8f87f4f	Photos/IMG_0639.JPG
ba13552afbcbdd4118e54a97fbfe8c16a6d3cc387b2f34e309dd11bf90f48823	Photos/IMG_0640.JPG
6d611ff3de33adb26078f8f0803b55b7d0f368c043ec1c09b0a8ad76c3a054be	Photos/IMG_0641.JPG
ffe4a0eb8ca975016cd763d1514b064304a2d49ddf77af9dc7674ef73c6999ba	Photos/IMG_0642.JPG
31d6d1caf0e3bd9d5262e3e2cb8714c371571376e5c323f766c68a141d22e0c7	Photos/IMG_0643.JPG
789aeaa65c8ef1a27440fd89ad11f243dab112d314d7ff2cbc53acc1057ffb3c	Photos/IMG_0644.JPG
dc2c4527c026606e45ef4ce9552824b542c3f73e17f2494f8aee8e4e69a2d7f2	Photos/IMG_0645.JPG
1b0f50077371936af2a9967964a2f02ac59301593ec5f412fad3f3a291402540	Photos/IMG_0646.JPG
c717f3930521c558b74fdb7c9328af4fe77d80f4d4d2d72b1541215150552d46	Photos/IMG_0647.JPG
ca4a266b695c0ac835c06f3e00cad2af642767ca66ef62cab1c37629eafb5a32	Photos/IMG_0648.JPG
6906c38d5ecb577f55a8f0056186b00ad92265cd9befb7b5faa19fc94a9faa6a	Photos/IMG_0649.JPG
ddb538a1356a4d4a675289bbee056ca01167d672e037b8836831dfc0516a1bf2	Photos/IMG_0650.JPG
c36b041f618b7444a100b54b0f3823a9cf8b7d0f7db79217175237517c0c45e0	Photos/IMG_0651.JPG
26adb70477d04cb03ede070523f7d04e9df317d771e7e6b21a829b4bb00dd764	Photos/IMG_0652.JPG
69aed156cbd3cc98401ea5e0d02f3a0ee7a459ff4c90171a7eb75b35de912ffb	Photos/IMG_0653.JPG
f9aa535f8a71a47db7d44da4b28086cbbbcc8952abfdf1f5242ded484f893c3e	Photos/IMG_0654.JPG
5d416e9cd47ce90c718dcb9dfd1d613e96553a0d39adb54575b3df74d64547ec	Photos/IMG_0655.JPG
f5e07ba1962b6a2eff75d01e493c2bfeb2e15caa6d63b779fbb43c3dd4087221	Photos/IMG_0656.JPG
f3ce9e6cde432e53c6267c27d1dd24f8c5dce09d7b2e608d6f41c2ff5a1620a2	Photos/IMG_0657.JPG
7864cd4a93eb233e99dd5657d677cdf775eaa602511506909eaf6d208574de6e	Photos/IMG_0658.JPG
c67b6a6e5ff7d821213b0cd5fad5ec507744297777ae8265699925c4713d17fc	Photos/IMG_0659.JPG
295a8543d99849992b2fee27e4a7f813acfb3379f11266e29d64dca428a97892	Photos/IMG_0660.JPG
ea3e56cd8f64ef8134ffd91a3d8488f6ebfbaffa213d4ef35be045b90deabe5b	Photos/IMG_0661.JPG
8a5133be051b50f2334594bbf8961c9f56d4d16987dbbc958510fa224b6bf5e7	Photos/IMG_0662.JPG
718a1b3708e15f1d9118a50c8a76acfcfdb1d12b0dc28f371fa104a06dea6163	Photos/IMG_0663.JPG
eb03131c3e2bab6afa901d59bb02514196d81b305d082f99d024357243c935fc	Photos/IMG_0664.JPG
20edfd4d221427b59875a6de56d35207d3551f13e38cce712e245096722183a5	Photos/IMG_0665.JPG
f006da61079e93312943d7a2b69c889bc71f479ee57d6e534f005e6c9897eb82	Photos/IMG_0666.JPG
87ea1314727b3bd66e81e4b588635d205b306adf9bbf2a11090c1cad33536f3c	Photos/IMG_0667.JPG
36cd6834c3ae8874803d0515e8f4a7da1201fc49dbc844bd407951b9945eca2c	Photos/IMG_0668.JPG
63c5d495f73c55ac6c34664c98d26504db797d8b2b8423fe1ed5c444cc9fc0ff	Photos/IMG_0669.JPG
03de8b546707e6f80cde32584f728597459aaa20343f66319e621289aa457f95	Photos/IMG_0670.JPG
2082c4c522ab0e189c01849f0e473808ebb61c4cb2eedb81e001a96490cd4c7d	Photos/IMG_0671.JPG
2bf853621717ffc92e0acc1eafb74198ad302da15911e8067676f914c612fa81	Photos/IMG_0672.JPG
efcab5fad1690e92f5ef052397e8bf639546f6e84813322f9772527e272c5f55	Photos/IMG_0673.JPG
5c3405fe9128dc6f34ac8ac52d7d633704ba58fb7c82e45d12562a78049d35c5	Photos/IMG_0674.JPG
d396597d10b0ffc6bad0ea75aa67bf9bd87365b200e0458fdd9e13a9efdf2338	Photos/IMG_0675.JPG
a8510967d9bfcec24549c77fbea88f9b0e35f13f2c68b7cb03b22dd93fae0bed	Photos/IMG_0676.JPG
4e69b752493ee4b5c7f1f55690c5498c9f6bddf33ed9f65cbacb4b597af8702c	Photos/IMG_0677.JPG
6a32bd7d6e819963a776361eb90c3ab446aa93afe1c7766f2bc0abdafee4cf01	Photos/IMG_0678.JPG
44ba14a31c3b5d3f58059c99e4ef8655d45d08427374651b8aedf1debf3e2857	Photos/IMG_0679.JPG
07788c62db7aa7eabd22c445925e1b7968514d5518f6497b58148dbb5e8d0d2e	Photos/IMG_0680.JPG
0700e7bcb9005f3304a533eefd41c830afd0d5e907d4e8d17c38a49ef5ce2064	Photos/IMG_0681.JPG
b8c92dab0e6ab62ee3c8aa9edf0af67754ac0500cfb9b6849139f575f8f8fb07	Photos/IMG_0682.JPG
d9b1776c23f99f8138fa562376465ef710f86d2f753c5cf9b9063ad1840ba4b2	Photos/IMG_0683.JPG
fc7aa4475d43029789f66f0029764780cfce691acaebd2c4396be8b40b1d8f76	Photos/IMG_0684.JPG
1d26a81e43743b17e31e3432b116c69b71bbe345cb80c37a2803c6075002c0d2	Photos/IMG_0685.JPG
239cf2bd975234887d778ffeb7c8b858357ef8194742ca8af46556c5fcdca112	Photos/IMG_0686.JPG
b757c8dde925132e99a1299107c9a4cf2873964cebfe084ce2c7cc10c3fd6483	Photos/IMG_0687.JPG
1ca25de1debbcdeb5bd2141c39f50763680e7353f74a517e49d767e58f7086b8	Photos/IMG_0688.JPG
b4c4e3f6202927641546802a61e5423092b19c949e5bc8ee05d3caff87bb08cf	Photos/IMG_0689.JPG
19894dc9d819a305bae58e487a990287df33203206ec47d37e261305b9ef7027	Photos/IMG_0690.JPG
479720b3c25f71f2572456016ce99628afdf03db7832f5e37b42dbce4639339c	Photos/IMG_0691.JPG
c02caebafffe5323f55b0dff81e900cb48b23fa06f34d8db598609a18b66e911	Photos/IMG_0692.JPG
982d929ebb2d87aed90a6b63c2a32da8f46b5846bea41623070338951725c04d	Photos/IMG_0693.JPG
def32f81a8fff0999ea866d7e0140b328790416c2fec4715bdb723af1cd08aa1	Photos/IMG_0694.JPG
0a4ac214ac13b4eacd2859122f48de2747c15cea90c2e0d89d984a0321d50a41	Photos/IMG_0695.JPG
7ccf43ed9552d9f5bd6c1536990b2c316de01fdb054ff876c3a1f19381aee4df	Photos/IMG_0696.JPG
3eaf9e76bab3f90b5234c15dbe42b497bb8c3700153835c971e0ae02126ac778	Photos/IMG_0697.JPG
495027c44e7b91219748719cb2b6d5b4cf5f62e7236a5deba74360553a3d1d69	Photos/IMG_0698.JPG
05e02bcdc1279337f366762332e35166402250d24b5627870d1010a55f5bf969	Photos/IMG_0699.JPG
3d6f6c6960c90d87f066fc09ef32195f054d6ec08bab5fc8113b4a5add005f3b	Photos/IMG_0700.JPG
ec7fc14199bf07bb780ad5778d63b9b7550246ea6e8df9c422b7805a5091835d	Photos/IMG_0701.JPG
40c393f18ccc21379bb3b6f45ea8ae5b0270a52bbb5b466c56e634cf971b7746	Photos/IMG_0702.JPG
0d983803001aeb28913016138fb2f1aec0107079327401199298501afc68b86a	Photos/IMG_0703.JPG
8d9b1e700f1474a07e2079c85f8a9cbba3d788bf24bfffc33c14f2f38440adb4	Photos/IMG_0704.JPG
1f5f54ef2ad7b4d2a8dd99a219cb31e6e89fb3c9c0a3f3fdfe01a5b9fe547939	Photos/IMG_0705.JPG
70634b2867f6b6043db6df2ff88f2c3fc575b09a3f5d1bfe1c4cf76ad9407e33	Photos/IMG_0706.JPG
ae42440a5ba29b1c1e417e9384e87f4c6407f4eeff376aa5e0f3de5913985fe8	Photos/IMG_0707.JPG
cfdff5724905a692a95f28e70b0010c4a6e15a2424fcac51f4f265391a7723ac	Photos/IMG_0708.JPG
983703d086810911b1b52ff06b00d24bceb2373c07b9eda220b0bcff1cc52202	Photos/IMG_0709.JPG
3d97bc92c26baa563423e0d99e1d7f9f1b24a9d8811ea27a19c862b5267c94dd	Photos/IMG_0710.JPG
5f0552b090a65c0ba5689bf03b07899984f74dc162a2566bc2167a33318c12b8	Photos/IMG_0711.JPG
98e7259960540023fdddb90153c1cc038785b5395763fddd1995a1c23125c59a	Photos/IMG_0712.JPG
a7048a7b8db0636f1bfe68f86c74e51d6b99546cfad1de8c83a1f76018fc882a	Photos/IMG_0713.JPG
0b55ae5352abd4f96f8b00cb05ca577bd148d121314faefcf07fb869ddafef30	Photos/IMG_0714.JPG
2af8bf97b180c18475064e69884e5dbc71ef4a47f192ae21f8ed522b494a1a5f	Photos/IMG_0715.JPG
9a128ce3b17d53eadbb5d791fdea538e0ca57657d88b2fc5314a879b200ba1df	Photos/IMG_0716.JPG
e023169594053ed8088e3182542c68e194871e746cb3d7a8b538afa0494348f0	Photos/IMG_0717.JPG
b69f117ab8c1fc216d361769dcf75392575b7a6e4773936436006a3479d9e063	Photos/IMG_0718.JPG
de99e314036519b20ae0166fda10f2f67130288efa9f093bfbce037852509b5f	Photos/IMG_0719.JPG
3bba72994918feb8b76837dd9895543f1acf7ae68654750a9b98a053a5eaec2f	Photos/IMG_0720.JPG
eaef4c121ee894b9976a3a34daa93b85f23a3d827d0a034f5cf61dfdae0905bf	Photos/IMG_0721.JPG
c086e7721ee5be4b5f39815622e6b414611a26ad7b21fc3980aba8a7fb8fb0f8	Photos/IMG_0722.JPG
7fae158ab6ae3e4e8eee612ff14236896cddbd4323779885c6501b9429b79731	Photos/IMG_0723.JPG
13a22cc8ccf5709594f8409ac184a10aefb79816e181bb5bdf7020ad698e113e	Photos/IMG_0724.JPG
bcbc3bddbe328d3329c65e1456454f6471bbd219f41ac51a622f792929a359a3	Photos/IMG_0725.JPG
5d38b0f3accfe4403b8634e48393250396218578d87fd6bcf481e17b5163176f	Photos/IMG_0726.JPG
6314d2b5d9860b04f3b0ad47a21501acfe08452205a940a930f5317d1ea1748c	Photos/IMG_0727.JPG
6ae7b2d313ba0fb524d4080b28ad1e0f471db19b8c70b85ee1485894a8ee96fa	Photos/IMG_0728.JPG
07ceabbcb51bf5584e941c90ded09d0db94779bea25e727ce4aa724d32487669	Photos/IMG_0729.JPG
0397f86eab82c4b23251b8f9292d76b532350a97b61c4b5f9057c41c561767ec	Photos/IMG_0730.JPG
40657cef8c49c36f825856a3afe6d9c02f1c23793d68be995c2657b252332a27	Photos/IMG_0731.JPG
59a2d2d070bc5d04996ebd6ba182b2699d62800f7ca82a5f3a50c7e9ee6c8b7a	Photos/IMG_0732.JPG
504a9fb715c7d2f8e9ebcfa345b87a5b5061358f36bc14ca3d9d358cf7835286	Photos/IMG_0733.JPG
e427955c22cef3bd2878e5315ba37f36b19a229f1518694656a6e366245a1714	Photos/IMG_0734.JPG
eafdcceb7f613ac7750d11f09b69a5998a8c5fb51392237e085336b8b30194d3	Photos/IMG_0735.JPG
e542a3d05528992a67912831e48c18547117fe894537bc46e5e941e4fabb0bda	Photos/IMG_0736.JPG
0ad9f1bedf4cdeb384b2a2459ee205212b8db06fc5d81f17ac7d4c7ffcc59021	Photos/IMG_0737.JPG
58a1b9884918fcd193b431c79af887a0217c43581ec7b4f3a863fbe05fa389e7	Photos/IMG_0738.JPG
51f63515d66bdd36b9ba7a53dacd21dbd24cc7c3bc6ddf191944199c1781dbed	Photos/IMG_0739.JPG
01cb0ba9e1932de16457462a877e1057f00d94f90a8d4f40efec6104d6553ac1	Photos/IMG_0740.JPG
77d934030ad9c8ef9953840daae7a854423acd3591a9ac87e97502bd0ea99408	Photos/IMG_0741.JPG
d488915f62ac639b282cd16bacf65a0c4b9ff519ec745bdc46c8b9308794a979	Photos/IMG_0742.JPG
40bec054e5b3fc574ab3571d288fb7d8e7618e8cd9185fe373f0850c56e96594	Photos/IMG_0743.JPG
ddd4b88e704d058b8f65ec5d00b1e310fe34cf6e7d4aa2600fbaaa2d80a013c3	Photos/IMG_0744.JPG
df2f6b7fbc784c9e84b1c25b61ff084e18eb15b303789af7d14aac9e6ae6311c	Photos/IMG_0745.JPG
e98ce647b94ed9af8d936cca68f6a45dce3f6e0da23baa40b1faf0310fa5eec6	Photos/IMG_0746.JPG
4d0529e21e66847fc42446d04620b01dc783848c461a9d742940ca18b95f2097	Photos/IMG_0747.JPG
d2d9eddfe84cc9d48456bc789ea984ca03d065a1fa09f49436dea92fded94cc0	Photos/IMG_0748.JPG
49ca86811cab6a4328afbd10a66ebc3cfafe33a454c22718b3e46efd00ce7790	Photos/IMG_0749.JPG
e84d94470751e7bccf948306e9d4f747e33c01ed70c87b95e4dae1cf19f3f1f2	Photos/IMG_0750.JPG
f090a923e9c8ea49b081b93d1bbff514665250b8a325cd782df4adf0d7e56ca2	Photos/IMG_0751.JPG
369530b2256c8c814538e65b01faa08d77490c9395163bcd717ef69830552ac4	Photos/IMG_0752.JPG
be94ef6a1b4d9a535281b7529843685a8586c78afecbf824cfb6fab721e32311	Photos/IMG_0753.JPG
15ce8da99c6c16e506527112c3208b8fffc2f6cc832fb23c89348fccbf05e3cb	Photos/IMG_0754.JPG
8f5743d0ce5e1bbfad1a3b7053ca6dec337c0b35a866de3f35dd5fbf4a713a44	Photos/IMG_0755.JPG
57e39e329d4416d6966de2f9dc0dbc3555edc17a5bd2a236f75956c6b7e9cc4e	Photos/IMG_0756.JPG
31600ba818823f28c174b5c1a6de307493ef76be73b4f56624dd0290806fc737	Photos/IMG_0757.JPG
641011cbf7efe410ab438b96d27e20c5d026e3f1a8e0cdfecef9c9a0f1b16c14	Photos/IMG_0758.JPG
81f5df0d151e236872d4d27930b4dfc1248bff9dab4468371e2a5ccbf0e3e992	Photos/IMG_0759.JPG
7380ed1b4f7af43c5361915df3e9f89962d5e463bfb0ade23611c8ec16813768	Photos/IMG_0760.JPG
c367f1c342ed95992ba8f940488c1ea592fc5c8459e6ca64647ac815947d8c7b	Photos/IMG_0761.JPG
48d750f85d9fb4e4140dea277c0b406395285cfd8d9ef443817298d3f48c1716	Photos/IMG_0762.JPG
e32378f85a3bc37292c201edd22832e4815f8f76798afe7b6b5e3a3c28099b5f	Photos/IMG_0763.JPG
221007041309875a1e2486a4516f8820788fefdd273b112f72dd60500b0dbe8a	Photos/IMG_0764.JPG
27322cac634e80fa3a5b413ce089bc374560e694df929ac62c74988a16a6f938	Photos/IMG_0765.JPG
ab0fb7535fff2455c0740db1923782ba857a0ebc7284b905573756f96d4626f1	Photos/IMG_0766.JPG
b57b8cebd2fb100f16854d964d0fbb88a514809ff44cde4618361609697dbbb9	Photos/IMG_0767.JPG
4bd8a5b09067fc308675259bbe75948e41c0ea7e93a9bb766dce5155d222ef67	Photos/IMG_0768.JPG
5818a1c0757232be588bd5b6f44ba53c644702de6e158f690492b556b74996c5	Photos/IMG_0769.JPG
c2ee9b75e8d1ffcc1a2662ed839564a8ee675dcf96d77e26684b364043d1711d	Photos/IMG_0770.JPG
a030b87cd1dafb2445e341f482a0cc5dccd89ffc1840c6a4b6fced7fb0452935	Photos/IMG_0771.JPG
25abf5dfef3f5809c7e59fd790afcc69fa9db0e616b288d3b07de5dd1513559b	Photos/IMG_0772.JPG
749c90739e74a6ee20ac5f639cd2dc5cbb5e83a4ca3095389843581c80b70d53	Photos/IMG_0773.JPG
20e0a64a9105dbd37e4a65ef59dac2073af149a19bf9425d86c79b65e2a3563a	Photos/IMG_0774.JPG
33ce32b5471e3adbc0dc5042c9d5476828449f0ed9bb3c6ae985bf6f3409a2b3	Photos/IMG_0775.JPG
1ea9f77a79d5b28741bbf196b3b24d6ae96e98f3a0d92396e3119fd54e757262	Photos/IMG_0776.JPG
d1192f1a3befc6b6dccf8d4998a030c9e194f02393270999c4691e34159186d8	Photos/IMG_0777.JPG
c17392e3ae2bb3bacad2ad54ffbb86b153868097f0e67a5f09cf2cf76c0b3c06	Photos/IMG_0778.JPG
e5ecb7893323ae40a064e609cd09c550714c30ee47e9d08e44addae41d6a2f51	Photos/IMG_0779.JPG
ecd0e4970dbae5f417daf3a0d1c3802a4a3070cfa30602786c802de791dfe3cd	Photos/IMG_0780.JPG
d15c75d301ec5bcb2af628995a27c17c0af7d51c31093b55f41df9fefe038fb4	Photos/IMG_0781.JPG
40ed254b5488de28b976889992d467441a720e1cf509643bfe4962fce2f6c1e4	Photos/IMG_0782.JPG
affe35a89e507df481a51f9f0d8f227f428256b5f5c5809a70961ff8a9ac09c7	Photos/IMG_0783.JPG
01d2e6177a00c8e2c6454796e8f0276ba7709c71bbd95f0d9dc53a6558062c8f	Photos/IMG_0784.JPG
7b2e5dd8baa58e71fd38ec046e6e8409e088d2d820de7275f684b954f774c2bb	Photos/IMG_0785.JPG
d56787df06d1ae545fbd4c898aafadb1990c8b99dd2318f1ec3b3697f04ad29e	Photos/IMG_0786.JPG
9145049c003a9e24c7eeacae7dc2bc0ff48d633fff7ea38587c24c56d09a8f71	Photos/IMG_0787.JPG
509f8403049fa4e15f06aaa40d94ee3cd824556713f0c99a556196d69a77638f	Photos/IMG_0788.JPG
57a1a23e22b836d47df7c90fab6048d83a503df1e2efff79e2d190653b2cdbbb	Photos/IMG_0789.JPG
c8a0a00bac8f3f1e6ef74641ccf759b04543e1f51d1922b45df2ef5f6b257e6a	Photos/IMG_0790.JPG
2884e31822a9f01ce2dd59c31e22839e3f97b486d684612679bb901c68bf503c	Photos/IMG_0791.JPG
23f212f8e7be0af636a70be003d047b2980f968919fa2b80ad8c35bb28d04a9e	Photos/IMG_0792.JPG
fe7dca6c6fd46aacdc68c5aa58ac7afcd76b96e443375ec11086e9c20ab1f7eb	Photos/IMG_0793.JPG
cb2e07e73da8cef7331f69c13c068b7199bdee21eed9be21bdb65bb28050389e	Photos/IMG_0794.JPG
6f151aa0eff34458980d4fd9e9b5154e28988f9a995682ecfa7b4fb8f4f87ac2	Photos/IMG_0795.JPG
97187209dea6ec53b931e41efe729d9c710bea1d1087c53fc8588860c100cbb7	Photos/IMG_0796.JPG
19bae186fb93df96aa600b312ad1b13121a3dcbfb456a31bfd64398a9a9594ee	Photos/IMG_0797.JPG
b1d17287c664fdaaa9850ba797e1c4a91f9685711527632c68f4283acbaa9e07	Photos/IMG_0798.JPG
99cff917e5639448bb1c9bc91d3520b35bc2da5eb68e99feaeae31457bacaeb7	Photos/IMG_0799.JPG
349168e789c1fbbb01e9a36c8f752d93bfa3c4dec2aee0175f49ab23b6c610d0	Photos/IMG_0800.JPG
0b368b1f4009e9894176dbae885259208c1078c1d03161bd149831763c78b76f	Photos/IMG_0801.JPG
7bf0e75d2f6017b3640224e37b2d4b5c96fcd5221c69070d815c39babcb466c7	Photos/IMG_0802.JPG
8f23bd9c1e69e9c0c84b2898b9b7e45f2933dda56317c1f01eb883d200daa361	Photos/IMG_0803.JPG
bcd134c5da6ed621cdabeafe0143c45801fbe4979ac55b0ed725413d15f76309	Photos/IMG_0804.JPG
b9a2830e648f20065847335d2f249327cee499093cb77c9585aa83f2780f0992	Photos/IMG_0805.JPG
1b7a310a4244c75dbe35742cebf9ef6ac430dbaaa64ec546437d2cc445b4b91a	Photos/IMG_0806.JPG
3b7f94b3f4847c3e10a08b1b0ab273c0fef3ad62340ccdf061d63db6366ec9fb	Photos/IMG_0807.JPG
6adb8b5003a57df8a5501dcd8fb7a3f10f3be70a860a46d522bfe55401e7ffe6	Photos/IMG_0808.JPG
fa011cfb767144b1e69fe50be99425dfd924985e5f4085abfe0f38bf7344d2da	Photos/IMG_0809.JPG
dbbca55bd7cef54ce13bbee8df8b6a2d69044f3dcfbf719a844067b1ecd2d42e	Photos/IMG_0810.JPG
24689d2eab3f24d63b1f311832c8243a5234d77e246728376b05756c326ab625	Photos/IMG_0811.JPG
505155d1fdea338618f2aa9b8e02f4985e5deccfaa2c5faade801fa227ddf537	Photos/IMG_0812.JPG
477ee4343f2da110b947c720a5cdf6aad8966776b3ea899f134bd8cb4f5fc2df	Photos/IMG_0813.JPG
2b5470577ac4753e225c17dc0af36f6fa8c957451d7dc8b2ac3c1b88f37096be	Photos/IMG_0814.JPG
5b1fb1e026a5418a1b723671f8c8cf46a8033b40c5748f6cf72256e88f8b9b41	Photos/IMG_0815.JPG
8f12a37be4d655cb0bb6c44b2422c44319dfbca4856f80b5f97dcfdd1e9ab2fa	Photos/IMG_0816.JPG
c4223917e5f7f4e19863a254b90f678a8c1546d2de9c1da62032cd1b9ef89684	Photos/IMG_0817.JPG
149f63540f53734010587fc9be76f014dd449fc0bd3f9aa32b9cba8087760264	Photos/IMG_0818.JPG
ae5b452a3f739c74314b9dea5eb17b257afcebc8f192079c325819d89684c5a9	Photos/IMG_0819.JPG
88345691b003ac3a36b5c9ef6b673c5e5761dacc7c0597e1149c0495eb4a6622	Photos/IMG_0820.JPG
0591b081d4641e802a327456d16222eebf60d3851e91acf5b318a6a87229046c	Photos/IMG_0821.JPG
6df8c5f173b8ebb2cc3943641ea866770fbfd1c46f5044be686af704b7a2cc03	Photos/IMG_0822.JPG
17f9e1e1d911983739c1862da3f1f47bf4e1b52602067036de31985346effeaa	Photos/IMG_0823.JPG
f61808a6a7062f1f0b0133e919337ebd9919fe54fe9914e01ecdc25fd3475f47	Photos/IMG_0824.JPG
6fac94ace83e739a3786b7438efe8327e9e0f692dfb665dbaea6e0c8f3cb92db	Photos/IMG_0825.JPG
8fbfaa439c187c049d6c637ca500e69381e5633188b5d21e7c6a374c0262ff66	Photos/IMG_0826.JPG
2660acc6d62a27640fa38f60cd04120d5311f435b62fbb26da7a7109d8c4ddfe	Photos/IMG_0827.JPG
bc3022ccadb9f38d05f28137946d9be56df6c6416e176bbd2256c3a316cd517b	Photos/IMG_0828.JPG
8f073000591226eaf44658bd285c602c9655167ceca7edf1670810fa66fc0feb	Photos/IMG_0829.JPG
9dc12f26882ca7332a9e506c055f3e761fb9522e6887f2e9ab806405761440c5	Photos/IMG_0830.JPG
5a94a08f5ef0653a9ce65035ab24ce96a2a46b482d962e60b7ddfe2c4f2a283b	Photos/IMG_0831.JPG
bf1ebbec4d50dffdd6c917eebc190b497c055107675251bfd3b0658279c2d9bb	Photos/IMG_0832.JPG
00b2e5b242c0ee598999868c31a0deab5358454b09b61c40bab317a27ce99bea	Photos/IMG_0833.JPG
f5e010ab07f18d646dd9bbf642b6bb44ad2390b7e7e3f319937d2185173b1115	Photos/IMG_0834.JPG
ce1f1902a726462df38479eefab9437f987c78771b77a132d317eb3c8a5636ee	Photos/IMG_0835.JPG
3814ce62cd17a8371352795f4e8e17cbf26daac9a827c9d648e58a03feb34c4b	Photos/IMG_0836.JPG
ce0c9da288ff8f425a6707119ce9fcf282d6742691acc3e737f1fa9ffb0f1171	Photos/IMG_0837.JPG
443fcb4ef03d8f1334bb5bf6aa16177161aad06408ec3366284093e0e405a8c6	Photos/IMG_0838.JPG
a00aa6d45ae34ae81720ef658ecb7c96683469fa082b4c322bdfe6980b080f79	Photos/IMG_0839.JPG
c11a46dcde9b8100ff612b31f4395bb7a20154abd15536b1ab21d488ea70c927	Photos/IMG_0840.JPG
5a03aeddd0f69a868809d7a230cc77027f84153ac433ea5530937e334e01e249	Photos/IMG_0841.JPG
bb130d71f8a2ada18324bed041cdeeaafaf5c1f5aab62ff8a96984d44b51d6f1	Photos/IMG_0842.JPG
aba2d16029171f3c65925122f83c7a32be5d21badf1409a77f6fb2481caabb05	Photos/IMG_0843.JPG
1c6f2fd23cf36bd45f88f349b0e4a52c31445686d9125776605a3a7a241eaa46	Photos/IMG_0844.JPG
00b1bc6a96b4558d4b154f11628030e791be7f0f011100b105a39d58b55fed6b	Photos/IMG_0845.JPG
50a44a4a1833dac1947b111749db98f48b5a73602887d506522d32d553f278e1	Photos/IMG_0846.JPG
c138d5f0c7c7acb79874677dd0b099888aa35cedc4adf5e587df47c4404c6541	Photos/IMG_0847.JPG
1806c03c3d34563e386026f0d90eaf879dd4eb08c9767757eb0671ad0e288886	Photos/IMG_0848.JPG
d5827f7eb0baa655613ce71e0269b027e8af5fc6749f89321f843da06c077880	Photos/IMG_0849.JPG
3238936fa7c204116d5f6d250c69c5e0a0d2052f4fa70bc2b1b965128ca99d7e	Photos/IMG_0850.JPG
2288a2d481da27d4c634b06b0c239b0fe0579111b8cf3c074ed367b21f989bdc	Photos/IMG_0851.JPG
b4052a3cb54de76b44714491bb228f3f10ab3ea25a7bc551a2c1fb4b48cfc51c	Photos/IMG_0852.JPG
612dc7f8535a22c0550d2f74be71cc2e43e65a78da90d07aad01c6664e87ac81	Photos/IMG_0853.JPG
7938bde3750fa7968a7266b84ee11e09cc9c696a254f55b5210e7ce542b47b9f	Photos/IMG_0854.JPG
adc6287ba276aeacb00160f934af583be5492f88373ee3faef4ce5047d809949	Photos/IMG_0855.JPG
fc03bffd965a3454830cca71d7c8be0de3fe7663d9da3fb28e2d3500999895df	Photos/IMG_0856.JPG
6c557828d41acf4f305744326aee3b6a786ef5c4906bb0f2cdcd8933c164d2b7	Photos/IMG_0857.JPG
b3de9b51e31a5a4e0bc52a1ad78345b2339478ed8855f4f0530002c215c88de7	Photos/IMG_0858.JPG
66ab9ee866a6e5f328c4fadf08752ede7b21a30d85c1e8b0fba27ab22bafd72f	Photos/IMG_0859.JPG
b1ef054abbf50b2183cc78f2e5e679a4ce93ea406de2d32bbff610c98fd35f1b	Photos/IMG_0860.JPG
9385ce7bb1a986eb3958a09130242df94b27d11cf3ddce5aae092b55a37837b4	Photos/IMG_0861.JPG
33fb9e65116d314e3d32ef27ee7533152195e7d4b7c182292c424b6cdbe78033	Photos/IMG_0862.JPG
90d8256aab426862dc40098710699dbec5c8420eb100891ee62e6c4bd5514701	Photos/IMG_0863.JPG
3cfbef9af80a70ac3f658cecdfdcbfa98372fffd3b3b7661a8fee4ae2cb41aec	Photos/IMG_0864.JPG
510052abddfb1e3cc092c1794cfd3af4bc867f142435d82c61ad0f8b2a2c1236	Photos/IMG_0865.JPG
06063af9f83d9a96f622ae94cb2008bd5a49827249bb46468a8e4a9170eee067	Photos/IMG_0866.JPG
2b3acb2ddd142c1235025c2b0d55e4d1f8abb5fc4accae24c43c84f03bb314de	Photos/IMG_0867.JPG
b796f28e1c2b7d1e4e0d6933b25686f4c7c6fb69d31bdc6d2a9b846c6443c2bb	Photos/IMG_0868.JPG
568f50f65aadadc4acde7bbae03ca61f00f33ffa4acaa67413951bb6944ee06f	Photos/IMG_0869.JPG
03fab994505fa7ef8cdc5e2bcb7fd169b7ab039a884bc8f3b2adbce19d53b222	Photos/IMG_0870.JPG
6a9a4eff1fc3cb74cf68b14b810273ffd6bc0ecf8e7c5485b55311391f9757a2	Photos/IMG_0871.JPG
43f9f4447000839199e97cda5d1b34236a6358e4a80a609bf3ec92f8b965693e	Photos/IMG_0872.JPG
44a5f7b8786b8347075d0877dca652b00746b3e9171e71a14592d6f85676f564	Photos/IMG_0873.JPG
7e3656e1e13b49acd3de336bd9a36f3138239086f2d59957b498ad700ca5865f	Photos/IMG_0874.JPG
1fa9e486db1cb211f85aeb0531aa2eefa175be5e471ed65714113bb8d19b7f50	Photos/IMG_0875.JPG
7a3d2d891944839d70d1653f8c737ef49d7488eb27d109473a787c56bf2b82e7	Photos/IMG_0876.JPG
a90fb2fe6bbc81d534b3576b2ab0780d94122807f4a4a5592734bf8c020c1668	Photos/IMG_0877.JPG
3f4bc5c04e591884587d92310a5c1a02056bf216cac10f42a1fbc8f2a17e812a	Photos/IMG_0878.JPG
d6a233e1b5d677abde6b0e0e69dcb7c0c7bc4a6f5ba0a2680d944d778e1a3f71	Photos/IMG_0879.JPG
6ddac216b0e4f87fc1bb83f289254bff607263e1615b78274e38f1298cdfdfb8	Photos/IMG_0880.JPG
48b5ba24ce3e024efcf5cc678cd35ed1a320e466c0dd3263d1de2d6f07849efc	Photos/IMG_0881.JPG
468345fb2dd2a02f7f199878c5044e39178e8ddaab3b0462832cbbb9b1ff8545	Photos/IMG_0882.JPG
0ee059e46e13c4d0c38aacd610b21fde1644381f9d7ee63d1c693527078b175a	Photos/IMG_0883.JPG
86b9227291df939482dcffd84a423d988bf593c6d755fb7ed54316795271fed1	Photos/IMG_0884.JPG
9331de77298948f71de38a21fd1119ee74d3f1880de242d7373566610c0734b3	Photos/IMG_0885.JPG
3c4a787ce846cbf041e2a8a8cdacf378ed1d51fe3f22506b528cae97afff7773	Photos/IMG_0886.JPG
dbfed7a579608d4dedb6da1dd39c0aa08988f3d388669eddfdaddb1fd80359e6	Photos/IMG_0887.JPG
c24a77b29ed82c85fe623681dc2e83d6fcf8d48027339e1479a63884e9d305bd	Photos/IMG_0888.JPG
e9e027020aba7116b1289a35b78506210cdc3f2d0ab9333fea91d34511fbda7d	Photos/IMG_0889.JPG
28b22b93cebf76c796a662068588481761541d644b20ba587fc3673aa03f0c82	Photos/IMG_0890.JPG
fe3fcfdc67f0bcab66e66b95f318ee4250a3e98b87d7bfb4c670c289dda1aafe	Photos/IMG_0891.JPG
f54fd9d773dd625594317e8c53738b59be461398e944af737cdbfa45687f568d	Photos/IMG_0892.JPG
d852cb4ac2b886644cef11d63e169c1646266b7b9395d24076168326f52db697	Photos/IMG_0893.JPG
99e55f11b4085a865587923a916fe72562c574b40d4697af1123d8f14ef10e4c	Photos/IMG_0894.JPG
19abd759de05e42f7d7ad69a91f8f7071cef6460f54816de0a424a001f7b4f98	Photos/IMG_0895.JPG
f1dc291c10510afaebd6a106f490f2f322bbf9dd5df33b4448115c019ad41d10	Photos/IMG_0896.JPG
4b4c21f77268dd9a3a8536dd998fb6a3b2c78fd181cacc385aaf05d14b6e1cb9	Photos/IMG_0897.JPG
525ea422db83e069abe32e9ea82849e4204f17a1cb09cd451195416620acccc9	Photos/IMG_0898.JPG
3d0730459bf9339926867a2e33d0809af77e5c7104ea56e9d36c895c4cb0088d	Photos/IMG_0899.JPG
f2aed3977ec980c75e60698e810008fa3e17f7217240147618b46d7136e4a412	Photos/IMG_0900.JPG
688d3f585bac62843412fec23f984499ff70bb0edbaf77b5b87e1280b9110886	Photos/IMG_0901.JPG
2f046274513567838358ab002465e5a2a32cd06281d537df2224e26bed41660e	Photos/IMG_0902.JPG
dd6dd1373317336b99c16734a9d39543f2a8e549ee33a336f128f485645659c1	Photos/IMG_0903.JPG
404d04640a113b8623e45d682d382be8ba34b6ac379e2a6f5ab32125e866c271	Photos/IMG_0904.JPG
cd06cc80db47546a865a4ac21753af13e5f4edd506aba144a70e49e5f8d8c248	Photos/IMG_0905.JPG
0849d950d46b935c255ea761ce1f522bd94e2d952692964930445eb4cfb2b7dd	Photos/IMG_0906.JPG
b4a2358ea82189184da3bfa3ff02be38e4124797fe8cf42359dbe848db7c22b1	Photos/IMG_0907.JPG
9988b6e46fc664ddcd99dc0ebfb24b5033fd77f1a3e8bab79f890f0fdaaea052	Photos/IMG_0908.JPG
01fe17667e757a9e37ebc5d74fa3eb62eaa90c5ff99b6093a66d79fde3e48eec	Photos/IMG_0909.JPG
aa491489accfea7b018c1379a0e2a5f172a6508aab0204fb71193cf2c25972f5	Photos/IMG_0910.JPG
3e18f1b7b160ce56df9c2d18dc827e8b0bd0d1c89c2720b838c839dec08770d0	Photos/IMG_0911.JPG
d7bbbb0e4877ffc8275bceef7fe4b94a16a486f6f29f82dbeece885428b866a5	Photos/IMG_0912.JPG
3dfc89640ffaa7db363707a3d80339d6efc481ab268b932b79f126696a59d730	Photos/IMG_0913.JPG
75c08e0bea77fbe704d58a9c2a456b4ca0751cbf0bc0d3a8fc0f9bb58f81e983	Photos/IMG_0914.JPG
47e0802073ace37d0c2ceab80c331c89a2f24f0ff5124ea9a8efb755efffaafc	Photos/IMG_0915.JPG
e7ecf1e934de2f8456e2ce3684075336e130c0d7ef624eadf9a5578de6eb9edd	Photos/IMG_0916.JPG
c0dcaf5288e7b34c55f225d7ef289e8c3e1e7e7bf02a7e1c76d1c25ffecc1bab	Photos/IMG_0917.JPG
0e212d31949f760fa0c1a64cedbb45aa6f2021999ac7ce94a62df9d1790e0b0d	Photos/IMG_0918.JPG
138d25a64bece368041ccbc57fd3b0d8d6a7690b490fdf7668b9c6a46d5295e9	Photos/IMG_0919.JPG
2a24c64a4a45ff7fe16253d917a362893fa69a4a1dc8fb8466f5fa1e00951676	Photos/IMG_0920.JPG
c06c0d9a621087ad935373e684b972a6305a1deaf7d5e5be11965d499b0b77bd	Photos/IMG_0921.JPG
e6a68dde08f5fa3c17d3915cb40668fa5ce84b78c5c7d7f2d417781955538612	Photos/IMG_0922.JPG
4f8f70ac744175b8a3c2a429029efd48af61b47d9ff752ef899cee5c58b07951	Photos/IMG_0923.JPG
72787798a2331620095fdd0f731e07ec0f53ccdc45f8d86617f7fe6ac4c5cabd	Photos/IMG_0924.JPG
07f1530b480f7c541b3e31491b0d31affb2eb797267ac09271797bc04aa03d23	Photos/IMG_0925.JPG
a9f481cd9129d706aeabe02a2f04719eda95c27021ba73a88f7e705b882904e2	Photos/IMG_0926.JPG
4181f99a43ec965587fad551748c510bb8e1f1aedd4324c4651e786e03990c32	Photos/IMG_0927.JPG
172ffd50446a246ea4adb7a241d3bc3bbfd40d6cad7ca9f382ce8ea2ba6ca400	Photos/IMG_0928.JPG
5ced7e065d74f70b20e6ed4984bf885c41f4112216704ccc8031c06364a377b9	Photos/IMG_0929.JPG
aaf034b59df2d92e91a92cc6ecf024543c6c3a9d6653f1a669e3c63faec7580e	Photos/IMG_0930.JPG
b50b70f7062ffa09c34804e57dab147f9b71c1a58e1e4d71ee315a72d33af3a4	Photos/IMG_0931.JPG
9931bf3eee532385b61b6c444f19e04fb0bece4f2af34994910904ea38ed74cc	Photos/IMG_0932.JPG
cd3982f70eb8b75082a4c442cf9e9cf99445f6c4a64cb89bc69c40c50049babd	Photos/IMG_0933.JPG
4b22e8ee37f8ab131d493fd521a5f8a819a8e52d0aa6bf6dd6d9aaacb74e6bc0	Photos/IMG_0934.JPG
2bb1a3414fda5c15f20e7ff62d5e41034de7cd39a71e624a2f87151e2703d25f	Photos/IMG_0935.JPG
4658f3edc9abc122794bfa2410101ca2442fdb95717e05c3f0df81a323e3debe	Photos/IMG_0936.JPG
0471b2cffaf19b5a9c240f0a3e93a5ad77721b4f45e1ac0dc6cb057b09de5476	Photos/IMG_0937.JPG
84a5198b8b0fb4eeeb681fc5200aeaf25a327ae8d260f23f3cdd6f289082db29	Photos/IMG_0938.JPG
730551db6cb7b2dd1573c99e6dad7f003e95cfce22b74fba96c8eb9e32e313c6	Photos/IMG_0939.JPG
ca2875fa5f6ce0daa32bd29ce4c2436ab22ffe818863b8dc9aef3acc20fbe463	Photos/IMG_0940.JPG
f998c0279ae7a6b39a055999f94f57e7571eabbdbba4311651201d13744f90ea	Photos/IMG_0941.JPG
30104186a1b199954ccde3c2143c401b0c7cde5d42648e678627d4f5a0b1aa14	Photos/IMG_0942.JPG
92c0b64ffb365d57b7a4010d2397436d0d7976f6844b56a5d5b9d5c4e64a7f50	Photos/IMG_0943.JPG
7e95416e7e2329fb71eadbd2e836f27cc427f04a7a7ef184369119651bf3a7bc	Photos/IMG_0944.JPG
c232ae538afc2839447cd1944e34703a88343c5e43221d62223e0fdccabb7663	Photos/IMG_0945.JPG
740c51a1a8ca6b7c2ca3521351169c8a848524bac1ffd275fe2bc828d8aea7e8	Photos/IMG_0946.JPG
fdf0dd2c7da49961ef3ffd1ec5a56e566516d090b1a248ca88820b905499fe32	Photos/IMG_0947.JPG
b79eeeac83207e8c035d4699006004354e5fc982d26f2063259f944d92c70ed9	Photos/IMG_0948.JPG
067029d6dc8a2b52e91b2c359c2e0314ed70b63c236c9e4e945c0211f9dd2815	Photos/IMG_0949.JPG
876d888741d4bf5708d59d2abd32311720f704c6c5129c21efdb18a64682a9cb	Photos/IMG_0950.JPG
da5e5e1c667cd19b766d3f3dc72939d2302232b56ab0af00ca57f02562cdb2a9	Photos/IMG_0951.JPG
161befef9343bb93785cad3e3958bbd6730d1f4936ba918ed6288c7c1287e18e	Photos/IMG_0952.JPG
82710702f7f41f474bac10536ed57786a7eeb2b08f73e5c4e4aaa1be083394e9	Photos/IMG_0953.JPG
6218cda7e88a2461c3a5ea669592c6acd6b7386e889eabb5214e7cee31933951	Photos/IMG_0954.JPG
b288b1cb7c73cd67ffda629cd375e7048797c0c339006561955a5b3abddaae42	Photos/IMG_0955.JPG
0702bd80bb375ee87261f505236289772f6947bb719f0dc5986f33d896090243	Photos/IMG_0956.JPG
97a9a9941e17957b5c3f726f0a72c5a7f661c8ff5d38561c82f379dc589e66f5	Photos/IMG_0957.JPG
b6d7038671803fcdc5b1de9220de9eae13c812d2134676bc6464042fc3b6295b	Photos/IMG_0958.JPG
7fd4fc06b7fd890067f7ae0839c8bc618b7418f184fba297efcf7cdde62dd859	Photos/IMG_0959.JPG
86d6fc61e653f1debc7771cbb431181684b468ae096bed3737c142ffc4a9a36f	Photos/IMG_0960.JPG
4b5105015fba57325532ae11eeed5f1446689ceec1cd47f9918a97ae64e6059d	Photos/IMG_0961.JPG
2808c128a939eff7feb84d8345a3a8e47836feb907e68dfd3e0e5be61ff27179	Photos/IMG_0962.JPG
67acbebbc4e1bf3e680f703562a99a018353f91e843722d160100f8c5b8abba8	Photos/IMG_0963.JPG
f3abe84109df7572d83bc2bae8b5d080c46117f65454ba1f5fd61d3fd63995df	Photos/IMG_0964.JPG
800f15b9d1094a3755a9081aef56cfb53cdcc38d76f5f50e63b57a5b000b036a	Photos/IMG_0965.JPG
97f9b02a8cb021b94fa5ecce6ee3bb5afb90f8caa1fcfe4bf0e614a1e30cd918	Photos/IMG_0966.JPG
109575b8f2035b208e5d1b3f4624bba73b27757209ac02bde6ccbd84b8e0f459	Photos/IMG_0967.JPG
069be9f2e56904ba284888137bb62836aa8fef1d2faceb03931a761c52974adf	Photos/IMG_0968.JPG
42e11736a86ea9db289def56298a1b76f55deb436fcc8c4574c38b124470fac4	Photos/IMG_0969.JPG
ff516f7c45993e4a9277ecca868be9b8f212ce1a84e805594d9b827faf6c7b01	Photos/IMG_0970.JPG
770889cb92087070a3a94c73582333b6521c3d66f73f6cde97699aab25078ed4	Photos/IMG_0971.JPG
b2ef5e35e4f9454a19b1703b809ce2bf48444d2569003c7538d6ac071c219cef	Photos/IMG_0972.JPG
9f07b84bc5a06e279e464f484c01fdbb485eb88b97bbe082a9f8afe53f9bcacd	Photos/IMG_0973.JPG
d77352dbab8986e3db289feef9e998fa51155cb8f69b43bacd548dcb595ea682	Photos/IMG_0974.JPG
6a7a1270686c9a46e224c1ef9871e62a5bf0fb66e3d8089599be5f74e6cc508d	Photos/IMG_0975.JPG
99cb810b654e8cc11e71b3ddb521084d3c42b90fa58742df77ec82d79aaabcb8	Photos/IMG_0976.JPG
939e17ddd9c26d223db30338eca93b57cadb3e47db8d5ba7755f5ee034bb29b4	Photos/IMG_0977.JPG
ee66e27b159a9063391219af6616aee3f533185eb553f24e03ced5c13a78bc2d	Photos/IMG_0978.JPG
099b03f2837ae0dec2d1ca06f6baa69ea68e3850440014eefdd914bb4869fb0c	Photos/IMG_0979.JPG
3af4bf294b77b6af5c543e719c42378249c32e411f3eea2900f541e1d1fae2d8	Photos/IMG_0980.JPG
29feb05375f3aba51ac7abd002919c3558ee34bec34a27b335f5df1534a309ae	Photos/IMG_0981.JPG
8dd74a4958f9c3b723dc64d7ff933f291182478a647d100fd9454e79a144dc42	Photos/IMG_0982.JPG
87a033d144f8c70fcf22ce13036457a3e6e5876e105a191c07fa2f8f7319aa2a	Photos/IMG_0983.JPG
5f34ee4a50f45ecb838b91090fe4dd2e38fe9919a3d89d470dfb08cbd39c1c5e	Photos/IMG_0984.JPG
515376cfea215b826915a0779dd550272c08614afe519dc16f8f4e5aed13d2a9	Photos/IMG_0985.JPG
4e84680b6708e87c3bb11ccc0d0059478644726af23d6a9c93a193447d7bd151	Photos/IMG_0986.JPG
493e592e27d85f8cd7ba4dd34bb693a50279c56c1fa81a0adcfde90f61a62a9f	Photos/IMG_0987.JPG
b29efb68156cd3bd32e18d18a26ac5c7e161564cc974a54794cb67ec62b0c239	Photos/IMG_0988.JPG
8a647e2ddeb4226a40f9479c67cb497a639434ec9af0477fbacc4efb2fd892e0	Photos/IMG_0989.JPG
193306f1db6cc4d42a67a06bdd36e91450d23b407bf7d4a53e687141cc9591f0	Photos/IMG_0990.JPG
4bb879a93749ecf78dd44044e456bc59f8a0326f51537f00205e0e36f90988ad	Photos/IMG_0991.JPG
0187a17973113af458d5c096a41e95936621d23705a0d29fb03cef5ae8b88fb7	Photos/IMG_0992.JPG
e4f0f40a3a95599e8621942c4fe6a31fc133e441954ae319fd6a2aa098f25037	Photos/IMG_0993.JPG
fa93106f2cacbba44326608adc9e5fa6b33275934dc605c011dd513df814e328	Photos/IMG_0994.JPG
c2f97daf1c32e48167d0dc4e7b1988cd811fff17aa29033e42f8e322d0c65ada	Photos/IMG_0995.JPG
612ef27473f073b9ac55ea104b0f7b92113f271af89e6c27e74a4e3a7a2c08f9	Photos/IMG_0996.JPG
efa71be29223a59cb5e4c84e6250184717de0a65ccad97dd59ed066b2d7ef548	Photos/IMG_0997.JPG
7599ad6eef5b3ab8c8b8ee5be397d624bfef7250018d25aee417d10f5e0f9d82	Photos/IMG_0998.JPG
cca8a512adc87ec7c9b80e421f3d70ab4e31740200bc4f39a719d18a401bbeaf	Photos/IMG_0999.JPG
e94e3f27dfcd680cccdf69c6bc6c2611aa33b9f834c5e2bb38c44e5495bd96b2	Photos/IMG_1000.JPG
2a5dc4e140983e14c203b299b04ac636211deed363ba9e3235d175027c017392	Photos/IMG_1001.JPG
2f31fab8f84b23a3c05bc0b8a552571c113e33d80a574a5847c8aedf10956dbd	Photos/IMG_1002.JPG
4e58a5039f8699b040535fa1fc4e74dc6e6e7df5f62af3da47e230f078cebd94	Photos/IMG_1003.JPG
0a2c521a490c9e57d4eccdeae8b48b123c2f39a1179b0edd922b2d35e56db226	Photos/IMG_1004.JPG
644a311ce52fa1fdcb644ac9fe9089326f93f4cd7db8b22789c92fa4d0afce74	Photos/IMG_1005.JPG
de2b034af7083c40b35d11329a62b11e8defd331108b8e9df58a588c435e89c5	Photos/IMG_1006.JPG
ef5a82b5481e090f61664ac2b80a106b324859b4fd10cdec755d52eb4f184f8a	Photos/IMG_1007.JPG
002dd3943afb3b3ccaa50cc1ae9b312bf3a8f23af312d4f8658c1d96891f7bad	Photos/IMG_1008.JPG
abc96927c0feaa4c4f41017eff140cf8c4bcfc9ba9dfd6a4ca17d504df6c5b3b	Photos/IMG_1009.JPG
421556b0475af7affcc74a88422564d39e5c4d15256e6be2f0eebc1ac50dee30	Photos/IMG_1010.JPG
c17c83aaac25f86b0c4822c5d656c28ad9107d7663e3e932e27e987af4bcf511	Photos/IMG_1011.JPG
6349f24293e4bfc9069bd3f2083b4a55301c2d27a53262e9a4a86ffbb91d8212	Photos/IMG_1012.JPG
50dfbc7b47b6fc5c2dac02e088d8828282065a69730e4b3c7cab24f914701aeb	Photos/IMG_1013.JPG
f0864808117c495c92ab54a9fa3ee642c483a13c33ac82484d300480ca24e34e	Photos/IMG_1014.JPG
962c46e4770a5225ea6293cc7610b191681868b4bcc31f85b555ead2cca71e2d	Photos/IMG_1015.JPG
90dbf5458d31435328f95b1f26adbe725a412f42503c86c8a7c4928e608ea088	Photos/IMG_1016.JPG
e7e64a3e92919047fc9b23923416cab9070fa3aeada9d7c11a746ad3e64ac1aa	Photos/IMG_1017.JPG
6c357082c4d8bd604fd83d9cb5d7dcb166dce5becd41f45e772331264f34448a	Photos/IMG_1018.JPG
b31605abadeea1183e9d21be8a98fcbde25c6d41d08b5fb1db7ad050088c44a9	Photos/IMG_1019.JPG
c70c4f2b1eb176fa65b6854289aa018cd4a43a2626ea929977c2eeb5cb63037b	Photos/IMG_1020.JPG
b6f99c0245879aa8fb248f84b15686b85ce19bf81383cbbc1eeea5d480aa46ec	Photos/IMG_1021.JPG
e94cab8349dec33660ecbe935335de85eb148d7415ef3d22f5054fa824321231	Photos/IMG_1022.JPG
a2c9ac31c40e5ce1b31f113f9f2c18a24937ce1c9a1d27e965a580c4c4210c0d	Photos/IMG_1023.JPG
66386949230f28e33e6c31048799862e8e11d84cd473dd463c1de430e78d8a17	Photos/IMG_1024.JPG
676cbf3dcac3e24bcef8f1a8f50065f4e8523a0eadec941ed20963317c064693	Photos/IMG_1025.JPG
8b5714a0604c2842258a806d0df767eeed77d5779021855e84f8c859b1c7c0ae	Photos/IMG_1026.JPG
355f387b6408b7bf204cad10b70a6af305a07dff4e4dc844c0d9cf7e32f8f4b1	Photos/IMG_1027.JPG
ab9f6abeccb7bb7d37247863d6350f3497aa035451962cb494c0543719b38e14	Photos/IMG_1028.JPG
8798393739bd3c59781432f24293a21537456477e93f61d1abe7e68e87e9bfe6	Photos/IMG_1029.JPG
10810fe72ceaf4b16d4fc5acadcb66b25fb31ce27ed0e8faa15811f890e61547	Photos/IMG_1030.JPG
e2e44e6a473204002153d5a132759645ebb82d71dbc988c1eb46fdfba656336c	Photos/IMG_1031.JPG
36860f38dc83807c1714eafe9d0c1a6c1493081b61c9b6e37b3647abb67e7769	Photos/IMG_1032.JPG
70b42bc4c7b7ebe96586d50b3fcb4f52bf2d3fc36d537baff7d81f78c8ee851c	Photos/IMG_1033.JPG
92424b384a995271cc351c59ccaa10ee84e5450ceb806b934af3af5fb19fc700	Photos/IMG_1034.JPG
710dd5a860d48ea1bf4743db9596508849faddbdfc711b2147d44057606f5d32	Photos/IMG_1035.JPG
034abbeef2709384390e43518dfd4d86e6af714bde5206527e5d88318aa523ec	Photos/IMG_1036.JPG
d635a0def3cab5b8e35bedad612b23ed3d3b47ba0801e8bf59d5be480ce8a700	Photos/IMG_1037.JPG
4127acb103d332789351bbc3b57489b8879d5e32560946a61a0baf7eb8c61022	Photos/IMG_1038.JPG
12eb4ccdb1745a8c72eba71d3b25a02c78e2336c9e6a65dc6a773f2f7463a595	Photos/IMG_1039.JPG
4a92468319c0ec72d0b136cda3a8b7a877b762c7beaaf1b5c212798cc822f29a	Photos/IMG_1040.JPG
89048c02cfa05f111e4219798a6c78332ae684edd38bd4a05d3583cc44abae5e	Photos/IMG_1041.JPG
195dc02854e4f2e33f152f75e4219be85b45634121ab03f6ddca57f13cddc53a	Photos/IMG_1042.JPG
05211e890d5b182b7337e9084764f63a7473e135fd5d8f1d06f346eca5614923	Photos/IMG_1043.JPG
74021952c6a4a38ac63b22385f6e35c684b46371a8d78c9689ca218c02c5d9f9	Photos/IMG_1044.JPG
f56a37121d260d05c55834429cce545ba85f6363f9ea32210eb1b45e25050686	Photos/IMG_1045.JPG
ff00002c95b3bdcab95a65bb9de67a455db0a9c61334f8bf0076c875f5111a8a	Photos/IMG_1046.JPG
fca4833adacb0083a43cb4fbe0dec958270344f1b0305660b95185d2d4b18aaf	Photos/IMG_1047.JPG
f85483ff4cbdb880595eecc1e5da81e2e3c5d9dcfd5e554f582f5076ce80dc4a	Photos/IMG_1048.JPG
1d19a7073ef017bfeef5be3da804a49746581f9da417280f7ffb5a562d7e629b	Photos/IMG_1049.JPG
d26f44fdd5464915e16df95462863dc68498831eb836d77c9aa763987846e5e6	Photos/IMG_1050.JPG
8cc2860002a44db49b448d29de42a8396abd020ad49e36dd90f8c31340c05c23	Photos/IMG_1051.JPG
047f7e6e465f6bd2ab60f882e7fee59acaf6c17b6db0ba2f4ecb5813584e0853	Photos/IMG_1052.JPG
00b9f07f36cfc74a18e4d467f20a9c8cd7cb1d24213598a449ef34248f3e11c1	Photos/IMG_1053.JPG
f0a654c0e14b01751c518434569db4d49b598fda3b2b91540dba5d8a4940a558	Photos/IMG_1054.JPG
8d8193a2c5f59e1bdd302d899168b7518873868fe65e4f68a76af75915ee853b	Photos/IMG_1055.JPG
4c846fbde24320cf72e8dd82f727e575afe45a9300c59edbd4e99dd5d0bf211e	Photos/IMG_1056.JPG
1c073ac9926e4d7cebb955f79c4afa87e55f2e4b20c6d9a5e2a6f87c25135ee2	Photos/IMG_1057.JPG
89bbbd08b695d98a4471d18b365cb1db87c14165d61c8b5cbeb1a4664f7b0fee	Photos/IMG_1058.JPG
bf115e55d80d5348b598eb4db84ceb7f64badc441e058cdecb41c2f3f4d0d356	Photos/IMG_1059.JPG
56e73f599bf2e3e1864d9e612dbabb81189736bb653a26855632f1bf857aa7c8	Photos/IMG_1060.JPG
2851aba5c289b17210c1392cb476da2a79248cd423a0e45f1821303a6a2f3eb7	Photos/IMG_1061.JPG
82ff4cae6d9b9e639f0ed20680f99003ce5c6d997a49018587925679fab70f6e	Photos/IMG_1062.JPG
e4fd1e0506c375f0fd3ed679cce8b0d7b8b360f990cdfeffa4a8e597d59d192b	Photos/IMG_1063.JPG
6d791d7dbcaf09e594f69c08193c95b3a7d46f43a56d2a39229fa50b4449cef8	Photos/IMG_1064.JPG
d670f887ffe004a60d3c088230d001288e9e65f7ac8e866b58d872c0a695d92e	Photos/IMG_1065.JPG
71c964e9e6e2038f8c734bdc9c9a106d667ad491761dd38f4d9e07d1685612b7	Photos/IMG_1066.JPG
5affb0c1a35ff58ecb3f6bb0f3bd4db82950750c8b71d21cb41a0b4ec8d02759	Photos/IMG_1067.JPG
e91bc89c832b5f1c8b9cac4b9cb7860c6761e048dcbbe46743d55abeb0556ceb	Photos/IMG_1068.JPG
64ba2d27bff679167d8e691244c1364456a94f566b1393742fcb6be60a2e286d	Photos/IMG_1069.JPG
df9d41a380a9d6b189f097b2d0ef918173149d29a35039175c0ad798c7b74dc1	Photos/IMG_1070.JPG
889e03b91f2d672c8331e398d92ab8e6d40a7a6015836b35e0bc0ce895b36372	Photos/IMG_1071.JPG
d97b4d7f377ca83ebc4e3d50e2534e793e82f84be09f5280a94280108e2b4d0f	Photos/IMG_1072.JPG
1f096347380a082ce4ae26cc7eeeefde90f8e7d562894428fa0b644ef4b96629	Photos/IMG_1073.JPG
7c24ee60c1236e8cc790b996ca7ef5fa7e9b0a4596701cc01485f3bf72c3a875	Photos/IMG_1074.JPG
3e09cf520a251ce3c99c04e2771b6f2c61d8bd51148b356272f193d59357b8a7	Photos/IMG_1075.JPG
8b525c83b5a84fb01d1b348f9f457ab50fae616a3ddc1125e3bf109338e87cb2	Photos/IMG_1076.JPG
889719c159ee2da8b3ec612a2c5df72ec670d4285cdaa541b4854904a1de46dc	Photos/IMG_1077.JPG
397a8f87a1b8230d921dfb3c25ccd9d9335c31d3412ef10acafc27f2b67c47fd	Photos/IMG_1078.JPG
300fe76253f8ee7d72a052168c6c96d067c1d88bcb88840f2b24dcb1feadf3a7	Photos/IMG_1079.JPG
c3c0b45b0473ba4f2f57163015c762df37363573573c176b0135c38e79a0866f	Photos/IMG_1080.JPG
b51134caf36d17e531aaeb45f74edf88adbbc066a8eb871031b87ce711d8ae33	Photos/IMG_1081.JPG
5a1059422ea34f9c4a70232fc2e0fc30a51b7d4af15d90c07d09ba8c859bb2bd	Photos/IMG_1082.JPG
51c0cc98edb0de6029883a108204f6ca86f8fd016e9ffc40f6f6ffba6b6fe8fe	Photos/IMG_1083.JPG
d57e09afc8cefe871cc34a2dd81f652181f8c40f3026ac2b124b3e8de140ab99	Photos/IMG_1084.JPG
40808daeba4c2b1b0fcde438b373131d0cdd7e8cf629b53aeb9e1ba33787ab37	Photos/IMG_1085.JPG
dcaf5f94a5b634487365f2d3ef60ca52bab11a2fe9b06d48b611a47e27c88994	Photos/IMG_1086.JPG
8dee2845ce4b28cf02a76e2ea5b42f3aa2df546ec1388119c34daf0dd57ee3da	Photos/IMG_1087.JPG
0bb45ea7c98b5a5a661071aa6b65b21986ed3cbac74b78eadfd2f131058f3439	Photos/IMG_1088.JPG
d4049a6db18d7cbffd95960e30535e46b4de13646c14eef61ea5a5d58a18be0c	Photos/IMG_1089.JPG
f2a8f89e0ca1472eee70ea6110966731dd8e7f4955f230459ee79c497647c538	Photos/IMG_1090.JPG
a40e1103d4ed6dd0a5cd6ab9771c408a19ff309afcb7c0df8881373832354d50	Photos/IMG_1091.JPG
c3c8041482add4e70afa8864be606b0b36e53b8781e448ce0c46b0398ffac6a8	Photos/IMG_1092.JPG
3a8a24e37c4aa99f05eee54684931fb330c5954b1cad5dc1429d6f262b4ccaa4	Photos/IMG_1093.JPG
37afc6aaa3804657a657f37270e241068a23a1185e4e06d92361927e42442bee	Photos/IMG_1094.JPG
2a20b701ac586e048f38f037b2f0f3fd06cd5595c1121bbc4ca2bc96bdd8aaa3	Photos/IMG_1095.JPG
1b2133ae949eee6094fffe694a79c08a59b8b19c2e5ee9fb6bcf24a5f641eea0	Photos/IMG_1096.JPG
ec60f43387eb4bd09733febe418e8fba4321e0ca1f1524750c9a26f4900df7c2	Photos/IMG_1097.JPG
de88f7faaf4d01afab3fced831b06f08df92ccb861332b1646bd80c881921568	Photos/IMG_1098.JPG
3c2d94d6f8200e5d7205dcc64a7a227e161d1238e9a80e804b917e907dc0814a	Photos/IMG_1099.JPG
e6c81d8cc8dd4c543524997b66ab1ee9589423ab1ce030e8ff3ffc77d37f058e	Photos/IMG_1100.JPG
97872b314b9ec873a4cc5d8844a4ab5aa4c493f34ee4ccae8215dcdccef84c56	Photos/IMG_1101.JPG
82d43e62a1eabd70c25b3074a4c4d4e1f8e24bbdbe604f77561d099d218410ab	Photos/IMG_1102.JPG
44e42312c85b1794743a41ddf23abca31e79fb59be6f5ad73577c1fa188c2de6	Photos/IMG_1103.JPG
07b075e7c0908bfe9ac0f00bb3727bbdf26d15fdc69ef0aaee36271ff92ae23c	Photos/IMG_1104.JPG
5b798ecc8e726f8ab67a7c87fb378097e744043fbfded8d4db93262f8359e5ba	Photos/IMG_1105.JPG
54bfec18f752f3b53028a8146dc1c789794cf1b805efa18689ed68b7cb9cd8a1	Photos/IMG_1106.JPG
c8a2c7f44c6427e0f76c7ca27e27441488ae13dfb2dac7827ea4174513f1e0a8	Photos/IMG_1107.JPG
fec6f310c8a6c4e7c21b9de245bd1f06fa2c58974df09ce45b02140d064ccf21	Photos/IMG_1108.JPG
dc84b9ae38d0f25256ca375143a2aa6a3944b746bb1e0983564b213a6244bfdf	Photos/IMG_1109.JPG
dd0c3c7b889379ac6ea1d89bb6a28fd4d22f7516b3082d5fea0a8a446c87b2af	Photos/IMG_1110.JPG
ac3e0f698dee478cf766038d90619adcd08ecc19a6f8e11c5a705a916ade1c34	Photos/IMG_1111.JPG
ef2c02f9844f2dd9182a714608d499e63fba07a95b017c82c1ad1a9864b0f5d8	Photos/IMG_1112.JPG
390a951471b353b5e222918c9d3752d8d67e9de07d6d5305f629469647e92097	Photos/IMG_1113.JPG
22f6b83ec4fb6c1981fcbea1e82c5359df11e5d70ef50b264d5edd29d077643b	Photos/IMG_1114.JPG
14e44b66387be4c0dd2ed7e43b06924e3018642e0ca83bf0f4fbff28f8c346c2	Photos/IMG_1115.JPG
2f4f0690544ef518de8c61c3b2d67ff6fc1e512d335a1e6d2ab544e311c46b2d	Photos/IMG_1116.JPG
3101b3f2f1a6989c97e29589b66d2219da2c0ef7a78c9e1967327c592fa53af7	Photos/IMG_1117.JPG
8267a4c39a9d9093b3fd40305202b9ff5d586cc96ed318cd9402b830c8dc2bb5	Photos/IMG_1118.JPG
7178187166b421786003c4973d436d371e0079632dab2b48ecfd21fd339c697a	Photos/IMG_1119.JPG
58bef4fc8f1c378793e60b645b9488ee4ab9b1156ffe16c517b2cea33f5aef66	Photos/IMG_1120.JPG
bcdeaf2327dc7c7ca02f347106f0ab5770e9b6936889683178c1a6b6a13afdc3	Photos/IMG_1121.JPG
27279646d28777de69d2b4be4d3b830c42864775afcd56faba87e6d5e1c69c22	Photos/IMG_1122.JPG
f825de72bf8f099379e3921b7e8adb08fd1a1af2b4112443ecd42ffaf58a38db	Photos/IMG_1123.JPG
ad2d641cb8364ca41b1e83bc9279f8a7d4215e72997ae70ed580d691a2fcd39b	Photos/IMG_1124.JPG
a7dbb663e286a53c86f27531b13920401f03ee150b41c6d68170023692b892fc	Photos/IMG_1125.JPG
cd6a5f4c32763f12e15dae9cdb2105678578fb5a3965c4cfc23e489b2c46d124	Photos/IMG_1126.JPG
e827913c7bf7b7e163dc0bb16f6e7a04847e6b87dfb150b0fbd8e274b1e71bbf	Photos/IMG_1127.JPG
7ec78375c8966639e61a1a5884a5a359ba351df7691244e55690e44bf1531e31	Photos/IMG_1128.JPG
681e25fe90309f6dd8ef7b2b51b18540af4eb109d75a5ac6328c9750a69b29ac	Photos/IMG_1129.JPG
c1c0e8fbd6f28a87ff11abaa9c3e4dd567ce1ab839dc15769c9f00038ccd1059	Photos/IMG_1130.JPG
8da78286f4a46c5049704f232be937ae78c8c44b58e954dbbac45c1f753d0734	Photos/IMG_1131.JPG
a8c0f0a765b6c49b1a1e1184f4dddbf6b26e2a169ceb2beec6a7230aed31ef24	Photos/IMG_1132.JPG
594c513bec1ac6df45c6a7fa201f87cd23edc3e5403c0ef2000c2d32313f0f8b	Photos/IMG_1133.JPG
1cf8db82a1a9c2f2c5410565eefd7873e37b434f3582cfebd3615fca4ee048fb	Photos/IMG_1134.JPG
57534b89b262d84afbbd09ab7d82ac3019ec8bd6f611998c59e99633f36016c9	Photos/IMG_1135.JPG
fdf1bbd5ff095198b93ac6adda35596c73b1d1212d32aa8d6ccd7a1df1a56f94	Photos/IMG_1136.JPG
2ba6d7bcce33fad95794ead5eccceda53f593f12a9ab281e81a60a1c2466ba06	Photos/IMG_1137.JPG
44409b57c5814a5e345be8425787fb2c46b105853a2e2df4ce8333ca59ef4aad	Photos/IMG_1138.JPG
77e5866ec298a4e0fdd56da245c9e920bef31d29a166341671dfeebf25c3a963	Photos/IMG_1139.JPG
410a6cba1c788ca7d3ce1f92044d9317b5687afe2198ca09c5f06151e9cc1d14	Photos/IMG_1140.JPG
fba8e747beb6f7f261c63367ed02e2026395285dde4c2b5f0e1d4920f3974c6c	Photos/IMG_1141.JPG
0be55ae8c511049f59e190beb73760d08d1a048123793613a9770401f4f899fb	Photos/IMG_1142.JPG
f9413dad7eb0f1b79bb34811f2a80ece564024cf7b7497fd8471a8c4e2045735	Photos/IMG_1143.JPG
8eeb5e299faad23c986f11a5a2d8905906aeb8554b3a32ecdf7209282555fc05	Photos/IMG_1144.JPG
7bbfaa1da10d4932007b0ba8e0109a42aa2acf98cf855812d56c6510b3498870	Photos/IMG_1145.JPG
5dcfc24d3b038ddc2f057702312811bbab5665b3b9ce3d1b071b55967f4a8172	Photos/IMG_1146.JPG
6b3d085f43654302a3db4e595395fff2402a980885835856308efd1da67531bc	Photos/IMG_1147.JPG
7fffe539d33f58f4e6981c166e66f9c1cf3de0c3e1d25300def9145c2ea9a76e	Photos/IMG_1148.JPG
1d9fd631c73865b26eebbdedeb5a233132f2437e81e73cf2e7d4f551e41b84bb	Photos/IMG_1149.JPG
61a469b5bd6c22dff6087145c1912a32aa2a6184578c4f665234dd570055fd5f	Photos/IMG_1150.JPG
45a7c5c0edf200ac4b4438ea2d7f8363cc5a99cbfad318882ac8320b451b3b22	Photos/IMG_1151.JPG
a05bbc1a89e1219404c43010f2950258449ef216902ed56258605229b8888500	Photos/IMG_1152.JPG
579fb28dfb98ac608df92b80d7de27f3a21a96075db66952b509a0a6b0fbff52	Photos/IMG_1153.JPG
d82b93b1a202572d4408fe7e55ef63d1ead37e855f4d607c57fe0f0e65334aca	Photos/IMG_1154.JPG
0e0c7420c54991e047323284bb8ec2b8868c18d4d77854c4906fec74cfe8ace4	Photos/IMG_1155.JPG
525c5d5c7b4d70fe53068e79d295f2000cc3b1d7feaab7c44aa57aa96efaac61	Photos/IMG_1156.JPG
63cdc71cb80a66a433d228695b0db3eb5352e8306cd2a37d1676f2608c5c8719	Photos/IMG_1157.JPG
2327236db0601856829034874432f43797fd996df3e8993efcbd11615383a1e5	Photos/IMG_1158.JPG
eb5e2b0a619e6248dd56ab85200c18afe316d93da20ac2ddc31aeb58767bacbd	Photos/IMG_1159.JPG
02379fb8da03c8579ae74c36a72183c4f82398a9f77c7d7b13ad40c688c55bdd	Photos/IMG_1160.JPG
ef515e66c2632518b0cb34eb602d7ee7aa1ac2e1cb1841fd0742d2e20790bfa0	Photos/IMG_1161.JPG
6ac6456ab5fc91ae93733b1ddc69e24c06f034b1c5a56a34e9d4bf98028aab0a	Photos/IMG_1162.JPG
cc394880179159d232b0d519528e3237ede30f3d47ee942ced98a2874292cf28	Photos/IMG_1163.JPG
3eb6065640316b56150e835f333c6958d7716899be6af9e066ab05308b8c5b89	Photos/IMG_1164.JPG
f2d537b08e64c070f24376aa77378e32a9cfb274dd28a64b1a41e90990b420c9	Photos/IMG_1165.JPG
41af99729d4a77ccb121b8968bad7fec49be2b539df9d4520573d233be4090ec	Photos/IMG_1166.JPG
e59baae306f14e71d885a216d94d152002132230bda2fb14361a0101927849c4	Photos/IMG_1167.JPG
86dae192edff9404858547481a8a84b20c0afa4b3acc23ae43c493510d2357ae	Photos/IMG_1168.JPG
2c1e5dc077e79cdd659b1793f79b99c87a4ea358ba3e67812bf74819cfe04a38	Photos/IMG_1169.JPG
642b008f403999700bd093f0eef00349cd5bff54422ef0bf4ebfde484bd77e26	Photos/IMG_1170.JPG
0993e532ecc06698bd57ea3b38736a8d64218bc57cde9cb1680ee9ca3b16071f	Photos/IMG_1171.JPG
c3c04f6124d5f2fc4bf6346f807953dd35f5dd0dc5da6d8ae792ddc7c841498a	Photos/IMG_1172.JPG
0e78e59f1861514f7fd33b083d8f554727a2ce3a6a4d3d3687f68969d9161413	Photos/IMG_1173.JPG
eca55a17e99c04e240e66049fd25927d599332891874bd4509f7cbf38a4f087f	Photos/IMG_1174.JPG
717799d8e21e237970ba17bc5c5d3fbfb61b71c09e202b9da7eb68c72a408412	Photos/IMG_1175.JPG
9592bb2f8713b13a4f12e132075b90e1f40a993e4c90735e597d442c6405a7bc	Photos/IMG_1176.JPG
7856d9a115af45cda9322c9e4d1282f0de9b5761beabda9f76df2b8ec3ceb4f3	Photos/IMG_1177.JPG
6c28d01156918e826d4f2c9dd1d732970586cb83d5a804f18d1d9f98e622ccc5	Photos/IMG_1178.JPG
fabfcc8f10e8515832c31cc8a68f0c3be97080874b7fa799c1f84cadf2a0f808	Photos/IMG_1179.JPG
a29af8b4630f90f160cd3655ecacf5bbed75139b6c60ed0ba305ec0c002fd937	Photos/IMG_1180.JPG
38877122f5892fe8771dc83b87787837c264c26ec6d5e55154d141cc8c4fb55b	Photos/IMG_1181.JPG
f3ab6ba79c626388b4072417a4e6a38a05a9f81c62303a7a934977d46b1896aa	Photos/IMG_1182.JPG
6237cba342571f688c297eee90a9aa4e85e09afd21ffe6ed60b565056524bb89	Photos/IMG_1183.JPG
ee386ee09b27a09d89dd1f7112bb23d109514f3de903a0c0179e0a4c0cbe2050	Photos/IMG_1184.JPG
b437f42252e4142beca3a6d7720593cb3c49777d0b469026bcf7d09ae31b03a5	Photos/IMG_1185.JPG
eb7c38df892ffed2f8db0cabf029db962acd22470f7c69602762853f986f8cc0	Photos/IMG_1186.JPG
3a9ccb4df535fba1a21993a2dda97fc2eee3d7e3bf13523bd65e1c0acc12d3b1	Photos/IMG_1187.JPG
b88ee29261c2c7edbb56cf8d01b5af55012b53301a959068dc93058c47b0894d	Photos/IMG_1188.JPG
92f162bc4ab64a3b4e645aec0a568491e19e24d88a5ddd9db3e85891c4f3edcf	Photos/IMG_1189.JPG
0d824eb9ec56943d9c988ab718f2eb686cd098fb4781089a6368ee0ca5dc1887	Photos/IMG_1190.JPG
c5117204804eec727be7bdbbe385ca2f836d9c0076f98e0d7b686e1b1cde0ef0	Photos/IMG_1191.JPG
e5fb4a96ea42c8763d74b1782db980cf83ab55b49716682b92a83f7e244b7bad	Photos/IMG_1192.JPG
28b84de4062f8b823e533076e9ac320100e68fab2a44adfa9f2af9a90b4b4653	Photos/IMG_1193.JPG
54944de2cdaca41ba80915fc7941d91a05519fb41d1a6ed58eb3958d969365a5	Photos/IMG_1194.JPG
70464d69458bf827797f27097e577dbf6f8fd2abc812bc2199667ec48567fc24	Photos/IMG_1195.JPG
6eb6086f52910b7670ac56061f06426b6fc9e31f42d7e891d3bca30fd7cdd3a4	Photos/IMG_1196.JPG
fbe8af95bf9b7a1e48b98357928cf66b09c451544d91594909c9814e151f6a77	Photos/IMG_1197.JPG
b5ea25354bd6c9b77105723001cba13986341019426c63edb7a956ce46757180	Photos/IMG_1198.JPG
4b755b32056fe84a32c55992bcb78cc50c851e33ea936c81e13dad03a1bb2dbd	Photos/IMG_1199.JPG
2c681a035b803d0b4d4130a052768fed69471cbce7d776ddfc0097a405e5b0f8	Photos/IMG_1200.JPG
9eb7a9c216f8f8f7884eb2e7044b8e900e900b82e62d4967fad682bc97c61fa9	Photos/IMG_1201.JPG
fd7f96237802da3fd58f1d586ec09241a7251166e71d2c00633b861258a47e32	Photos/IMG_1202.JPG
be97f6ababa047936456a9f8ce6967a9e1ecce10cdd79325746e927e95186147	Photos/IMG_1203.JPG
13e8ae01000f0dba1db576423800b9a47453285a482897e1d0d00ae5c42fad82	Photos/IMG_1204.JPG
36c1459717f9f5fec60ffab2eab8411beaa28bf0a1bf728e98e72ec2b802170c	Photos/IMG_1205.JPG
25f15723288bc5411eeb439feee7c1c2a5390587867eb616715638542c39ebca	Photos/IMG_1206.JPG
6b0902e8ec226ab0c43f21c4eaa801587f0c711d5cbc07a3cf8693825494ea7a	Photos/IMG_1207.JPG
9433034ed559fea118ff3742b9f2216af6948e39ccdfdf796f25d700da4abdda	Photos/IMG_1208.JPG
4945d13dcaeb2a2073c74bf396ac1aa100424968357b17f27cbeef53226e3b49	Photos/IMG_1209.JPG
3d7ff0d5265e74b5c96ef2c6b96b3e18be6ea37c4d35a0d347eebc94dbe4e3d7	Photos/IMG_1210.JPG
b2c7548c8726bef869be230eabccdab887f4f2e0a34ef6216adee5e7e953623f	Photos/IMG_1211.JPG
7c9ba0941bba334a3a502880da735a5c0f6f0fe70089f6b107d4c20bbbedc3df	Photos/IMG_1212.JPG
afda9c659d15d6569ab0ae0e862aa0c9e0e786ae5ddd0fe44048f4a538b5d3be	Photos/IMG_1213.JPG
135797c16468dfa9eb1aee39c798d96fc9b7ad31dfa3a31ac8842be3b10a009b	Photos/IMG_1214.JPG
3b5748b6bb815baf9e14ed86038ec5329d0aa07b8446de859a21918e75fbcd43	Photos/IMG_1215.JPG
6b9bb811b88a4afc44268781f26e2a85dd0249725f8e27389dc9f521c091ae78	Photos/IMG_1216.JPG
6714138ef6c2a7b998613d826bda1874a99e795120ff3ad4718ccc8ff43dc46e	Photos/IMG_1217.JPG
371dcd06f8532d9de0414d9dac73c7587432fcecc33270e7b4c31b55192301ed	Photos/IMG_1218.JPG
f4f3c42e34a8fd1e23c48243826038f7664c77231b1b32a5e7ce4b0fa3841735	Photos/IMG_1219.JPG
779579ed13327f0d1f75fb71a5a7d46e6ffa18e30edbfff52c6da664f653bbd9	Photos/IMG_1220.JPG
18855d0361eeea0af73c8e618e868b94de489833e9e9ba3b7ee5df3d8c7a0046	Photos/IMG_1221.JPG
7b5ee4050bb3f0b0606f4947217c1b6abce5d75733000d0203c1d4fad9c28f8b	Photos/IMG_1222.JPG
f3a87672a051853964bcf3edf3f7d1e40e6e37d13724508653d0097265448d2c	Photos/IMG_1223.JPG
fa22236f46565bb591959b03c3a80030f583ce37c8f8d560046b15429a03022e	Photos/IMG_1224.JPG
20a7884104d57d5fe7e980b81e72df213bfc968d9b1107484a1bec9b275aa6b6	Photos/IMG_1225.JPG
95383bddc29b9054c7a60a75d61c17f3892aca5f796eb571c7bebaa42e65c6ef	Photos/IMG_1226.JPG
e224c0c6f8042f7f52bd343781c2608728482c56de4618f02dc63baf1bd7c278	Photos/IMG_1227.JPG
63bae983917632c117a9c9f0942ae29721dda49458e4ef82859d9f6b88cbeb8d	Photos/IMG_1228.JPG
62282444b443827b7c18daf66ca32664e9c7bba7791e2df2858cab7e19b93ad9	Photos/IMG_1229.JPG
95b6049cd67c713b5a85807ee834b9be53d841feed4852080ac164c89efb5976	Photos/IMG_1230.JPG
ba7ab4d0d8cd21d689230157c38a7810176ffef68748b815483c60813eb85cea	Photos/IMG_1231.JPG
82e9844d9b75136555d2b2e3af7dadb0bb9a1f16b42a39e8d38fdf22d278537b	Photos/IMG_1232.JPG
65d31bd7b9c4e27498ddc15f8d919dadfe273473526bed6b689f6e5c2214a11c	Photos/IMG_1233.JPG
acc62ffcd8c3f66a88337eff3cb8d0f2c93ec388cd94608fb03045946ed8a68f	Photos/IMG_1234.JPG
627d978655de8dbdc64bc3950cb9a85f1ecab848f34d7ae1663cca499a888174	Photos/IMG_1235.JPG
ece8b37a4469fc766d5f6348f032cf8cf2f8a6f8a8a4684651c117731b93d06d	Photos/IMG_1236.JPG
4245ecea2b1138dfb80fe5a8f99daadae7f33f4717ab2d3b2352ea7857ff0dfa	Photos/IMG_1237.JPG
8edd4b88542d2295800cefeda5ec1bea8500e62b78ac8bae7ef2a6bf574ce3bb	Photos/IMG_1238.JPG
d31d6321d3ab5c0390cd6a82ab85258fbf88f20505eb5c86a65900b45288826c	Photos/IMG_1239.JPG
fe391820a10c87ac2c513ced5c6ec3c6a676993d07b9cecdc7beb2ffd7c22aa2	Photos/IMG_1240.JPG
78751593d06dd3f57a28fed48cff736f5d71a07db462d48e1ed0c030cd3dcd79	Photos/IMG_1241.JPG
2a096c8ebaa71a333f7cffae2a42302497f046498e47714f583540b32effcf7a	Photos/IMG_1242.JPG
91ce282d1a4862a72f910cb48db0df2f4a01a81f6f07ddbfcca119c903233b62	Photos/IMG_1243.JPG
0ab90e859abc6b6dff7a49aa06971d8100dd1dbb2e9258405ef6f8e671ed8ba4	Photos/IMG_1244.JPG
f8b8b501470e5904c6feab39147197099f6b9f260c9e9d403756b11575d0c9d3	Photos/IMG_1245.JPG
12fa8f39cdf75a11981e18f4ce8a1f2f834399baa816ea78338b4e366aaa347a	Photos/IMG_1246.JPG
31bd16357067e0ecebb2c6d58dccd7564d111b4f86b14b04aee525f07d9aecd9	Photos/IMG_1247.JPG
c7be7a69e75f391491eba452c43b49c6cc5ca5a17cd35ed1bab8da9ef545f9a2	Photos/IMG_1248.JPG
15b83f97a22f1bc5bee4622c834fb37bfa296a696b552779fde00315ff7b56d9	Photos/IMG_1249.JPG
db9ec3af707acf7c4aa049e283691fc2de4f0e073317b91d5831a32b4b37dd04	Photos/IMG_1250.JPG
a4ab87d1b57bc1975d4091ba782774740a73381051ecbb8c1f7b4bb01541b7d9	Photos/IMG_1251.JPG
14fbb1af32f47da8fbc48e9809dae2c857acfa6bc2b0eb807eaff59552185bf3	Photos/IMG_1252.JPG
666fde9c0415c9dd5a9fbbb0210157903418cec03b3a38581aecafa22390e723	Photos/IMG_1253.JPG
51cf688d863a8f24acff522ee79cde2c888edaa70edeffaab869c4244e388bbf	Photos/IMG_1254.JPG
44dee0b3be666e3db27a3b2eccb473538dcf1a1ab5f0fd156cb52623caf046e9	Photos/IMG_1255.JPG
dc6f50716ddba378d4e63cf22b0139a908d386301f0baf6b29f744c1e8cebf7f	Photos/IMG_1256.JPG
461dd475b3192fd67c8b730e0942725e0acce9f8852e0095730ee2cea9619878	Photos/IMG_1257.JPG
84e74cfaa576851f7968b8a61ec04d44b7b5a85acc14885bce9519e5dd1e638d	Photos/IMG_1258.JPG
dbbe45bf296f73044a096129a18680b30d0e387dad250c778bddc1c192c8c76e	Photos/IMG_1259.JPG
8d5ed959e17417bc4d95ab9b64993c24b52f5fd0174fdd0bf13f5167af79e808	Photos/IMG_1260.JPG
1a8664f34720e2a8d5239b3645c6b34aaee3a1eaf974f49b86592039d03dc811	Photos/IMG_1261.JPG
c2ac371055407f3e4b7de5ac287dacfa4c4222713bdbbfa2378fd9f874e373fe	Photos/IMG_1262.JPG
c1a08dbb0cdf1f5940c84213393a04ecbb86bae7e33205f8a3c7b1940305ccfc	Photos/IMG_1263.JPG
975a0d4a6b5fe941c7bede97b70bb6f9e12a84919f9cfde3859293b89d9e5474	Photos/IMG_1264.JPG
f6b24fa7fec7b7f24679fad1299d2cfdb40817275e83fbbdcc3800636901b346	Photos/IMG_1265.JPG
d220b23519e73083f3d2c16ce22505bcc7b3c627120505441bc8c8c8aea891b0	Photos/IMG_1266.JPG
4b449601eddc676d4353999c206d5dd9571af1fb1a797aca6ba1b39fbd118c6d	Photos/IMG_1267.JPG
b6d177044f01e554d6f8b96a78e9adf139515e9396547ae939623f5767571f9c	Photos/IMG_1268.JPG
aeddf2e15ceefdfaf4f6395b3cc8e85ad2d3faa091b4a3578ad3dbb8ff0b2a9f	Photos/IMG_1269.JPG
ddd40f0805917b950c802b3ef861962ea4b2d285de12a079babb5239df874579	Photos/IMG_1270.JPG
6e1df7c954af542fa8ebd1e5566030ad9c36bec4bf64ad926a78fc7e3e6672b1	Photos/IMG_1271.JPG
17dd271738a11aba3a398b7673a7d0b8ee14b9caddaf5cec871b70dd91690fce	Photos/IMG_1272.JPG
84d099471961b562c77ba33ac883d9b16f9a48662485f7b8c7179412a35ce36c	Photos/IMG_1273.JPG
7c316cf1aa3992be1edbe090d0290cfcc1ac2e334611e07382e9f7d43ec4ba1f	Photos/IMG_1274.JPG
a26a86ab6831299150b4cb018bd312606d17c24b2d70e8bef83dfa1751a62b9e	Photos/IMG_1275.JPG
3f5fbb396d72c449d3b3a1f14cb400a2ca8bfe9b5835db128deb915ed1aeb9c0	Photos/IMG_1276.JPG
b807f8a30a26275d2ce1668c498b74946c14889a402557e889b211a0ff445ca5	Photos/IMG_1277.JPG
79eb9dc2f3b09bfdb0c848063f6acff52a3dd9eeace36d2eca504084311577aa	Photos/IMG_1278.JPG
2c5d052b078949e6c6fde36c1c67b1f30969e7dbecbf0a3dfa23485c3def1dc0	Photos/IMG_1279.JPG
7719f2dfa2228342dc5c3a9e262f1400ffaf25dbed947d6b62fbb52ceff07fbe	Photos/IMG_1280.JPG
e5ecd4eadc5bae0322172b0ca7e507f09f68e5f21bb94ff4ffc2a2754bc4e142	Photos/IMG_1281.JPG
aa6c5abe50e2c4aa643dfb895156a1f8cebd7df1cccb3b5405e3dbc6e3ff4206	Photos/IMG_1282.JPG
fa360f87e690e5308ff530b43849e010406e4d28e7fd7d574861a22fb1b05503	Photos/IMG_1283.JPG
16750f0c83a4651d74c641bc84e520d0160141373f9fc919584d8e30a3ee4648	Photos/IMG_1284.JPG
8abe4c98aa068b0867c5408e02a3c08e1fba355c514049320f3623be22b3d2d3	Photos/IMG_1285.JPG
17df819885f9e6af2bf1cb7627527ca6374cae45d5c4f62cb4d5d8b4c3e06510	Photos/IMG_1286.JPG
2d1a95bb2b51521ef4602bf94941e433d6c0a5139616731cabc5c0a27e834721	Photos/IMG_1287.JPG
f9b73825ebfb5ba01a48fb477af010d6f4f9db6d63e192abb06b05451b091dd9	Photos/IMG_1288.JPG
8ba2ce9ca27b65aa5280ce06d571e93883bbacf0ee7e7512c07368165668c887	Photos/IMG_1289.JPG
400cada74809cea124e18bd6adf38e3f78241165f44cc696800e68787099b6c9	Photos/IMG_1290.JPG
3bdc184d59a186e3b09c1ec034ad450148a32671c5611cf3c1bfcc33b7721785	Photos/IMG_1291.JPG
021e13a0d1f93973cda121d2ae22e3106c25a6d842ebbd363aa98c9245ea94f3	Photos/IMG_1292.JPG
7761fcd70be22661312747262e7da1a00fc51d0504dcbdd237cdc98cbf460d98	Photos/IMG_1293.JPG
28674ed55cf642d5bb8a6e1308f131d9eca49c0c886c8bd4f3993eec3fd045a4	Photos/IMG_1294.JPG
2a63b83c041c30e1d08062a62de9cc5fcbbf208c5eb29c3045d6687c1c87a094	Photos/IMG_1295.JPG
4b09be369f0b4b8f6f8f0b27ae6e1d8779a7c4197960b464b436f33a2f543f21	Photos/IMG_1296.JPG
e03905ed31fe882abefb044f4d13fa285cfac0b38a13d128f77b0c1bd65d809c	Photos/IMG_1297.JPG
1007875e6a83e306a58c3a423e56563dc2285aee7dccb10bf457913ec3b409f6	Photos/IMG_1298.JPG
69cae02c53590294ec91548821d9c0107dfd90eddb9e684c47e33749208ec876	Photos/IMG_1299.JPG
31c75e64a5abb4c38962d55e11dc4509f54c09cb0224e2be4617a40a11c989a7	Photos/IMG_1300.JPG
8c89880a059127e728bd42bc75b0ef11abb82287619ca89b675049e61003cba0	Photos/IMG_1301.JPG
d0100bd5634fcf3f857502e79d29d90206844890dd4dc5fdb5f5febd779a034d	Photos/IMG_1302.JPG
4605240e027c0a9d1fc3ac4680b1c04fbcf3726cd5cd7d5ad43fb828ca465465	Photos/IMG_1303.JPG
df2784edf694cedec2b562dcba0294e78e9de18887eec605d072c2c7046464d5	Photos/IMG_1304.JPG
9c9dbbbd22a024d7aa399cd4e0cd15d22ccae69fd69a587559dbee1cd56170fe	Photos/IMG_1305.JPG
0c0ac9572244175cb5d930cf94c5a8dc3d8ab12dd320453328d0f31ccdbb73f6	Photos/IMG_1306.JPG
4d1e53d2b9de34a33c67c7bc95ccfc00994471c6299a2d3487160c6fdb3d3e47	Photos/IMG_1307.JPG
bb37b072be216770ee26f3b9bd0a04e95f095948b45a561692772b0213bac220	Photos/IMG_1308.JPG
490a60f8101c45341aa6d8b2112840d3c29d2f24c759a7316a36f9506838ac94	Photos/IMG_1309.JPG
940efa5af383dd66badb1a328f820ff42c68f1e0db6c54b3fe4fd55d935eb713	Photos/IMG_1310.JPG
9c96ef016ba27a1ec7d578b9f6c48bcdad991849eda72e0a5c7398a24dd2623e	Photos/IMG_1311.JPG
7629043c7e5ba37dd5e2ffc221c3150dd7d5474a055d194bf1d6c74d50b61ed1	Photos/IMG_1312.JPG
fe8e866009c097465f26228cbab741318f9cb3691948727ed95fc904436e78c1	Photos/IMG_1313.JPG
c6925d267461cd07f9092d0a907976a19fa6aa72b28b5bb219931f0435750527	Photos/IMG_1314.JPG
b5102813ab55143565861afc6db1760f61fad81b39b58e5b0a31b0cfb7d5e883	Photos/IMG_1315.JPG
c8625cd13817324882cad7440acc3375c719426b38de28daed3880bf814e8652	Photos/IMG_1316.JPG
7984bf11534e1c39eb3992a0b77d0f293fe972b92838c554de6ca3adda77970e	Photos/IMG_1317.JPG
ce4a6de03fd6b3583db7cdbd98123006b318e8ca8f2bceee3b2c110eb935a5fb	Photos/IMG_1318.JPG
751637595212db675aac9d75abb43b0a6c3bd170ba740931c270cd376093f6c9	Photos/IMG_1319.JPG
755b155e9982f6ce7a9a44cf7a21f18cec2a4f7f34c381a715c5e83fa09cbb42	Photos/IMG_1320.JPG
ee84691dd7a12c4a713a317c7e9aff698091212cc38606389a555674fdec9d21	Photos/IMG_1321.JPG
ded3328cb39b3a8c6cbf920874a3481baa5e6569fd8153c2ad7bf5f8872c50a5	Photos/IMG_1322.JPG
c3a3da8a8c81645d94deb8c0af5f3f423b611e15a099995038af45ffb614e356	Photos/IMG_1323.JPG
702b1e542ec0cda703706ed3e46563a300280edd0a6fb607e505fec3f706d44c	Photos/IMG_1324.JPG
b2add3f08cf6087538a54f19c559b9d9a0d27ead0e9c60393d94117a53f5aa75	Photos/IMG_1325.JPG
3276acdadf661a614ed9c96dbc8a52d2aa331bd585472b88f1ad1a6858c8357a	Photos/IMG_1326.JPG
408cb9fd023ccd5e55c64f6e4a07e1990a43fa961c834c614dcb571efda65b1e	Photos/IMG_1327.JPG
00ce752893de03007096643f55fc2f3973153e4357bc6fee9cf13b3951a8ba0d	Photos/IMG_1328.JPG
773744875f48b08ee952e76e739d42f7873bf2912e5bf0b8d1391dd2a077d96f	Photos/IMG_1329.JPG
d81d7c7dcd91a1bdd8029cf72b208066f9369cfd77ba2b130bbdc2a17c39d8be	Photos/IMG_1330.JPG
42227577feaee4d140841321d6b1c537afc1cf70bb2db17493a271d0994af2d0	Photos/IMG_1331.JPG
c28f5c80a637d4f8dfeb07a4c660dae476b37a02784f3343c3019e30ad02ba67	Photos/IMG_1332.JPG
62ffd3ac24b551d230eb2c3202a3c1207bb81a2627269268f14b4b43cb755a68	Photos/IMG_1333.JPG
0499fa71e45995bd56b7098a7384aa1b8a184a8e635e87e7accedb7fe661f807	Photos/IMG_1334.JPG
25ef195a3b046b8c475239c6569a00928890676a576f430832d41f73aab8d859	Photos/IMG_1335.JPG
ca3ba9c7df16d28919529c85527d5ec27e6b1812fc38c491797a8ba413b1d4da	Photos/IMG_1336.JPG
f260ba927e1f08ab89f5eddd3b942cdb7aac5bef9988ace3593ad29a0c3b2600	Photos/IMG_1337.JPG
34295214ae7cd2a4bf0190fa531067875d212575c9690ebc21bbb8cd3c8cccf6	Photos/IMG_1338.JPG
4ab286af84277a1c4af2da9d3cdf590093cc2f0f6a3daf5c6b15366c9a79c89a	Photos/IMG_1339.JPG
8ee82613c8b2326b14d5bf98a23442addd53f501a8f443e58feb87c83f21108b	Photos/IMG_1340.JPG
2cc8ecb3feef50ffcc81f349c197dd5ee1efbc6b45318c59a86af80d7f114cc0	Photos/IMG_1341.JPG
c33d8db524899a581da69103de3dd9f004e8b746a35ff85f395201176d7468d7	Photos/IMG_1342.JPG
12422cdac1a09bcb7d7bd617c94caca8b2ac12d5395d6c041f26240134c3fd5d	Photos/IMG_1343.JPG
424eed456bf548cdd54f2411b25cf6a3dc62690b369706ee9c19ab284b0553fa	Photos/IMG_1344.JPG
72722eef66e17f3fd7a81f4ab35e22c885eabce82805f728d6edec34daaee475	Photos/IMG_1345.JPG
fe58fff32eedc68121a4920a180d0ceb89789ce6e62717a0619503d87c4a1bea	Photos/IMG_1346.JPG
3daf5362249e00d134ad0fecc7a1052cc9cb4ff99a61dd8ec118cf579d938577	Photos/IMG_1347.JPG
e141931777c2f951b05bdf25c8e991764b93f6e88ce4f5408fecd3971a2427ce	Photos/IMG_1348.JPG
68011b8c449af70313b5b5a7bf428227f06b5159baa42dbebf84b7fd7dae7c73	Photos/IMG_1349.JPG
1a8bfa9aac3d948964c5766c2851fa7c15fbba532e41e6faf4147c32552c8e60	Photos/IMG_1350.JPG
6c3e52995061a43ffd138f858031ecefc51f71d41186fc633d753a681a4a64fe	Photos/IMG_1351.JPG
3054687ece28dad1fb154840ec3f52e6192a0cd7f37d9d54d381939bbb69c751	Photos/IMG_1352.JPG
ec8dcf67add1a2e8e41d8c8e9344d3f6ef10f452dd4e802607a999aed6fb711c	Photos/IMG_1353.JPG
948c461e7ae06071e2d1069945df5b622eb18a6767a2196b817c6e2d9984e13a	Photos/IMG_1354.JPG
2b0a858ea9329f27926f44babe1d4743c157da2dc1739497f0d3e24ca9afced3	Photos/IMG_1355.JPG
0c906efc8fc3344655ec421e91d4ba4f4e239c34e63fd28b316449e3eced64fe	Photos/IMG_1356.JPG
b7c55ba080d9bbb59836abc9037664f1291ed193cbdc40cb00f01de73d6d9ae0	Photos/IMG_1357.JPG
927f9e2cf0ded8d2545f576ac723a6d4a783feef9517e957b03e8515022f2ef4	Photos/IMG_1358.JPG
53b40cd283f6efeefd815d5c2661931ac9cfc01f33f99e1d20e4f395b7e6df35	Photos/IMG_1359.JPG
ff6632401b41c1fecc56081fbd95bbc01be37dc1afa7b5d1383774bf1d747faf	Photos/IMG_1360.JPG
858e3876a28cfc163b87c651e40f92fd71e9fded055ef75dbb8ab3e5019a1c19	Photos/IMG_1361.JPG
16ceefbb757a3bd2af3ff8dca6abefb9f57985b1969838fbad0364c629681a60	Photos/IMG_1362.JPG
dfae5a6f651908fca180b079ccc628ae5ad890b20a4e432efd1a78cf2cf40a60	Photos/IMG_1363.JPG
fc4ea220c0c5d0dca6c6cfb356698053bb5cb84d39a8c7e5c1d30394db482aa1	Photos/IMG_1364.JPG
e8af92f23f5db297cac1af08fece52c3288c3bb437dea4087ebf8a4d2d30b9cd	Photos/IMG_1365.JPG
b2274a515f2c6f22dd67c6175938a55e19578306fef88e93ba5166b7843b6bef	Photos/IMG_1366.JPG
96d2a8fd04186f92bd83ea8d717f7b03c6966f18ce2766c7ec475128eda7568b	Photos/IMG_1367.JPG
4f70771e2bf9d77a999ab627509559f5d0f9b59dc8cc5884117418ca53fa88a0	Photos/IMG_1368.JPG
136dd19314e7dae376907a4b52d387f184b4f7cb5bea52cd50d15b73854c30dd	Photos/IMG_1369.JPG
3dcdb4f75b2ab34eb1533c5233fc21205415c35fc16660a8370cfe7428866d27	Photos/IMG_1370.JPG
7b4c02fedd30fb4de99b30a6debcda883f804d47fd52e24049bf73e513c20634	Photos/IMG_1371.JPG
fb6bc43ace767edf37a7578fe4933401739629e11771346a7f2e9f96a015cc93	Photos/IMG_1372.JPG
342c5ccc0231a7d01b20af73f07f9309cbf58a5a24f83394733b3ecfbc31eb48	Photos/IMG_1373.JPG
06121917c0d3fe4d0207fdf307ac6f8834095288a22ac6b1c2d3c82d78d13210	Photos/IMG_1374.JPG
20c778422a0d36029adfaf20bc2f9e765637c079873dad7d8081cdcbdaa674a6	Photos/IMG_1375.JPG
6238e97f735b93b69021d80e30e3ee082244cae1ec8d9315fc997148d69e7aaf	Photos/IMG_1376.JPG
ae1a0e7995cff604acaf24db9c8740980f8ab2d4c2e4f2614bec43a5bc8a2060	Photos/IMG_1377.JPG
d0fd2bc5ba1f1ce2ef8afa43824952f552d86d628c411d1b2d0d24f264f865d1	Photos/IMG_1378.JPG
21e4fbc5af7366be27a23c8e3a236223ed691bd98bbbdda16fc0f51c93fa5dd1	Photos/IMG_1379.JPG
3166a71941e695136d58f636aab8431cfd57b1f4fc501887bf27582038bf6c9e	Photos/IMG_1380.JPG
f70e490e2d8ca3807ce849455055f0e29da76ca4b1deb47e7ea0453b406176fd	Photos/IMG_1381.JPG
17d135030ba5a5069671c8db49184f0d5de92554c5e5fe6ee145b7db407430ea	Photos/IMG_1382.JPG
ca3e90302d4440abd19b63d9ff59b09862bd46f71c38819746af08bd2ac37c9f	Photos/IMG_1383.JPG
47488c8c79ca192b1b2954cbe231ccfa363bc9d6f4efa7334f910552cab6bafb	Photos/IMG_1384.JPG
07dcdfeba929ea050dec070edaa6138919f25709d11a1df6d2eaec4aac35cb14	Photos/IMG_1385.JPG
312ec9ecdeb183bc0c181502d96db013b3abce9a8bfbf39fc463f4fa2c0e526a	Photos/IMG_1386.JPG
b0b83cca70cbbffdcf667eaa729d441914f4315ae7ed649815f77492f6d95d2f	Photos/IMG_1387.JPG
469e02149fcce5ed9ca510d1e333acc6e40557d52fada79941845e29ea401aa6	Photos/IMG_1388.JPG
e5de0c129e1e26ef7192046ec7f6adac3b25e74c00524151cb5ffef3d64e6b61	Photos/IMG_1389.JPG
3fe1df6fb311078e13d367bb741d1883a02c864671b4761906fd1924a9b83eb0	Photos/IMG_1390.JPG
ca71e9d33b87215373a9ad5eed68816337c4df2bdadec54aaae44fa50a74ea42	Photos/IMG_1391.JPG
b2a5a4950949ab320f6fba514e2c641bf2003498f99188307976ffdb473f5f76	Photos/IMG_1392.JPG
e6f72b3bc6b465abc1833d1e02240d65cea52628729a585299e2783e7f3a9916	Photos/IMG_1393.JPG
e23fcb3be1c9bd211277c6b920beb2907ff164af5ee97244c07a69d023a9dd7e	Photos/IMG_1394.JPG
e20c523ff12883aea4b6fa1575fed6bd7f6c23ac894931707ff32942f865729d	Photos/IMG_1395.JPG
309bd64c51932bd9b44067e7d3b8ba2a0df0dabdfc5a134d46eb74eb54fce35f	Photos/IMG_1396.JPG
78d9e9f752916bda7ac8638a106a70156503568c74e38de334cf34503e4640d7	Photos/IMG_1397.JPG
a52a782ac3c2bfa523244043d4468dc7475372beec945386554b86e86b69c871	Photos/IMG_1398.JPG
2da3300e6a7757bbe5d101b75fc2157bb02cda68f2fe0cbecb08862965fdeae1	Photos/IMG_1399.JPG
bb298e1f3c3bded8a8ff89866ddf3716584dc6017249620de78081788a2eec99	Photos/IMG_1400.JPG
aa5da6dddd8048b251ee13de68dbb52c3cdca984c4721e308a3f75ff468e2d1f	Photos/IMG_1401.JPG
0b0b8f3e74f935b4dba8954b9a8270d4aa73ba4eb24dc0df71f7fb51e781e10d	Photos/IMG_1402.JPG
37c1e8d3b56c6c83f3497541e8f24c9fab3854113b5b913a3a4b9830105808d3	Photos/IMG_1403.JPG
e5aaef44afe1f998e5dac44c47a111b9399119b2b26904eaf2e2120cd575199f	Photos/IMG_1404.JPG
e4c9f26ce4382c9435b8d056edc90972714d409707c6f83b92367b39acea4e95	Photos/IMG_1405.JPG
9f5e74e68fe18d430ddfb08c62f1dfe826e54b90a98da6f36eae37a5da513e74	Photos/IMG_1406.JPG
ff0512e8c276e5e1d6192e25626d603e4abe094566aed89069c1b9b4ea995675	Photos/IMG_1407.JPG
02562b74e3e27ae6d7edc6d2c0a8aa05a93e2edf8e1c3338efe2d781337f3dd4	Photos/IMG_1408.JPG
dc5de3a0f94e6d4caa9ca971b8335940b80516ee0d8785391183edb4ba5e8185	Photos/IMG_1409.JPG
c7b1177773fca682ba9a05216aff6c6026a52334cd2df7733a56da2a559d3759	Photos/IMG_1410.JPG
6f80374022c6b58a1651462512395e750b29b62986ec8806db9ef7cc889a9986	Photos/IMG_1411.JPG
5d8ae98383610141a0f6cf693480858499e222d3c65363ab34a6efcb793e6c6b	Photos/IMG_1412.JPG
54ab2b7e793b95cc589a6400d652597f67c56d960afe76e79ad0a7fe0d580fe6	Photos/IMG_1413.JPG
c808b4cb026a98880095d4ff00bb40c5e8ff8b7eaa790a4af0c29cbd22e9eeef	Photos/IMG_1414.JPG
00c81cef66ed3fc94a31d9fb9c82ba6e28c148fd114cc639eab4586f3d257da1	Photos/IMG_1415.JPG
5a11c4619787fc23cb66aa54ea50e01b5e87b052aeada4255bb7554fa632d2e1	Photos/IMG_1416.JPG
ab7c798c01661113ff43a0e514a1f8fa7c92a5ecd987bc1386f775b491f2d983	Photos/IMG_1417.JPG
7fee9456057ff706f47b87ec40bd4e1145683b3ad07f22723c82831fdd490552	Photos/IMG_1418.JPG
ef225fd8232c0a2723bace051477df48c37615352320aeff8bc7518e7662996b	Photos/IMG_1419.JPG
50c4433773379047d7ef7334762241865eb781bf8794575582d93d3b10a4d72b	Photos/IMG_1420.JPG
d79ad762b3f6e7a8a5f3de7e9f76a2dfa5b187b5fd54572430c5e31a72a9eda6	Photos/IMG_1421.JPG
72a9db4a83241ffbcc4301b0f97615f20a79445511acd93e1b984ba4586633ad	Photos/IMG_1422.JPG
665e653d967be00376eaa699c9ab4cdf53a1b824299c6b36e7b005d28c9589ef	Photos/IMG_1423.JPG
df8cdb6831d8e305c34c38574dda018ad45eef6ac11041613c796cbb74c94d47	Photos/IMG_1424.JPG
eae86623b56c235ab92b913e2e1482712dfd6961211effa473ee1ac0db9b4a01	Photos/IMG_1425.JPG
4862f735f7648ae41f072fa5d8c77f57ac6d8d9cbb842697bf65a1b328ad76b2	Photos/IMG_1426.JPG
705731cbc060ec2eec0e240b9fe7038c976759568fe6309ce15467ccb74191a8	Photos/IMG_1427.JPG
1e6a4ee96e642dd7f344b373246531b180f48eaac4c432612d6ec385d91b4c09	Photos/IMG_1428.JPG
7025d7a15267a6092cd52390ff792f085a6aa4c4faac627a3a7ba4f7d34ae2e0	Photos/IMG_1429.JPG
b16b06e656514c9b56e328165bac51a54410902ae1ce98997aa1a76cbd785be9	Photos/IMG_1430.JPG
f602b57a853504786619c3a76bf7c77ee99090fc3be6f0a5febf38826788e5c9	Photos/IMG_1431.JPG
a359b751259014a5cdff425b32d4f28154c30c70cd46845ad6db6b157a015092	Photos/IMG_1432.JPG
d1d293b3a34342ee71470521dc31116bf56834a52365dd0b7a70c9040d5a4cad	Photos/IMG_1433.JPG
5ba12aeaa077dc999eb51eaa4a47b5e63f307a75c22ad0b3f6a6744db8d0e8eb	Photos/IMG_1434.JPG
6e4c9c7f0b4c0c22ad640cdd046c86d836f5e3dea8a609a91593e6b61a4e17ce	Photos/IMG_1435.JPG
1e707e4005a3a2b68275551a6c231a8f2175d53d33ebd381c5f01fb7659e6ac2	Photos/IMG_1436.JPG
eb0e5e86509695e76461fc6c623152940755ce26c19fe062fd01845d3dbfdc82	Photos/IMG_1437.JPG
98a20b76188d0a7348caeed3b5382f1fd66088f33ece634a0741fd2fdcb66738	Photos/IMG_1438.JPG
b65bf52acde579c733bcfc6ca4611669fb81f19f15b6a14a64d452cbf5f259d3	Photos/IMG_1439.JPG
1e95ef038c3ac0a59def35a5c0111457df7befa3b81b1f0f364b82d76afbd51c	Photos/IMG_1440.JPG
537ad1e677589d77688747e9bfd4b10d1e13f971a89b3d9255c17e6d1be87263	Photos/IMG_1441.JPG
b97755a4f91a128d4d7482943d7ff82010b8323e6f05b885f45660bf77ba212a	Photos/IMG_1442.JPG
393577161d6ed9b524e9d908654f9169c3623f918e893ce5bf167ad1e299dc4a	Photos/IMG_1443.JPG
8b2f35cc80b030fd086b366835bb96ba6e9c733d21e81ee276e3c759e729b901	Photos/IMG_1444.JPG
7e4c1a24df451582a645973f0b7d80e9048ef5c47cb54cdea9c727ba61be37c0	Photos/IMG_1445.JPG
dcf476866ce6de0414c30cfd6b6006b897d88bd1e8f4ae08dde0c450d86dd0ec	Photos/IMG_1446.JPG
90434b4ad558ffb7dc65203c83849d6d28e6d27af8a1a527f2e8003811b9c0e5	Photos/IMG_1447.JPG
07e1a2807680c8803b046cc27345492b9717e6d374f82d4fab5a9661101c55d2	Photos/IMG_1448.JPG
4d67a27de3b074c6cb272e0832df832c421e321bc9fa903ba82d17b2271d42aa	Photos/IMG_1449.JPG
245bd03fbf52f44a4bc088052117c21747be5f5f4372ee27b891a34800d6ce59	Photos/IMG_1450.JPG
36c29ca249a5de36cbf107bf47e2c9c9ebcb2091c4d930fa25b00be8d40a712a	Photos/IMG_1451.JPG
22222bfb312ba8fc00619555ac950188839f74f9d7a6d0aade7a99127c4041dd	Photos/IMG_1452.JPG
2a3a0e258736b2831a9398c4140684aa4a92da4db13cac55edb95eef148d5ee2	Photos/IMG_1453.JPG
f5375b7eea6ddcd05b1771266b3ae6477003ec5d46b52a9fece79f1e7f44455b	Photos/IMG_1454.JPG
df030cbcf4efece2209f23281db0b17647cce06832192145b70c125fba04c047	Photos/IMG_1455.JPG
1e78264b7115bd6dc1a21106b2607c7fbe3e9f4e102588ff1932c3c85fce07ad	Photos/IMG_1456.JPG
4905469c82fc991cf0ec4bfee75f301119aa3d8779444d7ddaefe550d4d5b3e3	Photos/IMG_1457.JPG
c5925266f205391238cfcb008b0e81698c525c691e9b859a49368146c26321ce	Photos/IMG_1458.JPG
8cf39432c79b0a062bdc8fb13d7c918342f984b8c9f12ddf98bc9ceb9bb31602	Photos/IMG_1459.JPG
3a4e6688596bfa314caa58ddfb6c02f4670934f15604f9454e784a71cd292789	Photos/IMG_1460.JPG
bc8d5f50b59ad6b8965bf390536111ce663ad700d5d4e13683da4925c8948cfa	Photos/IMG_1461.JPG
c268ab6b82fbf14e83cd5ebb20572bcc508bb3e0100a9da92b027dc85cd191ca	Photos/IMG_1462.JPG
a81a00d653b1f8cedee197a3526553c3b3e00cfb8bce89a85a429eb8ef059d4f	Photos/IMG_1463.JPG
e82a85ba2f1c8e39b49919be78a1e456dec2e6d8a6a66cf33e6355aa41b82d5a	Photos/IMG_1464.JPG
5150ae0e1b8459e50d2f2e8c424c729ac3750862172aa54137f107d41a42ed12	Photos/IMG_1465.JPG
3b1b81b26d8ea175426b24d860276a12428f1ff1166b311d8e10a450417dd664	Photos/IMG_1466.JPG
d0e998b0073dfc943d87c372cbdc757c7f392bc63c737ad98cc4ab8a8821f8ef	Photos/IMG_1467.JPG
48d7d2250d94ff36ac2a1466cd2baabd9c76e17a23f33353e2bb8715b6bd57a9	Photos/IMG_1468.JPG
dcbd736cd91055d3c21aed4f516dc4bc0f838ab8cd0195a8140d7d78af1079dc	Photos/IMG_1469.JPG
ca55e6143c67b1153c2098c1094bcbb211635b61c0be7952e222bc4af71a64fe	Photos/IMG_1470.JPG
4b8eeba43fc84e671fe2bc8f34ba3a7e76c9b7ee45f19648388276ff7f0b8a25	Photos/IMG_1471.JPG
e73c08a6de8829b37f5e447578f3d545e744bc05a9e612e18d124f875a548e66	Photos/IMG_1472.JPG
b15dff0e34862dc5e9c81a6bf43a2d94c27d1f3e26fd0967075aa1e0ab94dbb4	Photos/IMG_1473.JPG
685d76c6cc3be07b29c9968ff6d6b3abaecede85a7f68802a6464411fc8443d9	Photos/IMG_1474.JPG
2c94eb0e710b07c635785ebc3305d1e533469a5f5bc519692c2f50ab0c76f405	Photos/IMG_1475.JPG
91bfa37e828d50eb3d72a9f45cfdef2e43fed1df09b41b8394934df4fb59934a	Photos/IMG_1476.JPG
da0817dd5f620f8e6947c573cf0f38cd3565a64002fbf70840485c7485cd8338	Photos/IMG_1477.JPG
0e05219179bb7c60695639158ffbdbbc14f5172e7be348de44e9ab9fd08e75a3	Photos/IMG_1478.JPG
7957ca830c5f4e5a2a4908c7a119ac99510b78b043120c98293760658f5a9025	Photos/IMG_1479.JPG
f360c4d698fb7a22adfd712244300154151e60ac843cd02f8a30a2f316c0850b	Photos/IMG_1480.JPG
25ba1e62e9f0bd0da657d6e390441512e05c1917953a280f35e00c6db8878255	Photos/IMG_1481.JPG
e54586994cde57872f0ccb75b3231b0491f7f2b3340884de19baeefc8b2abc82	Photos/IMG_1482.JPG
a937d6e9059b63299037cf3ea8b94574ca55471adba85b43efb0c3b6e74f1f7f	Photos/IMG_1483.JPG
47fc3ff6186469cf8e40ac4d04575c3b754f88531d4a16d3e1bbcc07b00c88ed	Photos/IMG_1484.JPG
c4328528ae0433e92b11549b828db6cf87f0e78893881dc7ac17eedaf1afafe8	Photos/IMG_1485.JPG
73dd49a7ad70bd7a0fd10e34cf6935a402e17a7fafab478a18228ecbb1f51a9e	Photos/IMG_1486.JPG
30b5f79d792720ad47a5fdfdc016b815ab2a4f992739817ce18893d701e8dbe8	Photos/IMG_1487.JPG
43d87c2731c88c0ce6753f6418de468862a6e6f81b2eba9e14b450421753fe06	Photos/IMG_1488.JPG
4d4cbd5745ac50da2fe7635ec6717c6d1af5f627890263bb45aeacb27ffca4c2	Photos/IMG_1489.JPG
e31181055367c9486c3ec27ac5ac7ebffefc8ab5dbfa34e410431fd2622babc6	Photos/IMG_1490.JPG
3ef3552fa5851f871760a64c3887fea4aa84b0fc4aa6cf0d01a2c3f75ef26c26	Photos/IMG_1491.JPG
bea47abe33f9abee4c6ac8cbac3631faa037db7668bba909d7d9413bd165c1a5	Photos/IMG_1492.JPG
961da8a7d72d47124d0e4b3a480600ad80c97e980aa2e5a78914978cb2949aa4	Photos/IMG_1493.JPG
d025f519e418d4c19b9c9754d5effc312baa02222873ffb84240e070d87bb258	Photos/IMG_1494.JPG
86ce11f8c057a093c3daced536461ed18b7c91c1467dc147a2ac8161fc72d4a1	Photos/IMG_1495.JPG
d625543dc6f2f96db344d9248358c972687f5f39b7ba1322330ce0ce9f43e05f	Photos/IMG_1496.JPG
671be405c9b6812185428f8006a9be39397e85e89b94e8d73bc276a833d419af	Photos/IMG_1497.JPG
50c40dda4a43cd338717b7df90658c56e5126426778a336073b61c5c2b3a4e50	Photos/IMG_1498.JPG
8b1803d274d3f8f34e6a931a457248eca3c6e11e593f79ff62553584370a7d8e	Photos/IMG_1499.JPG
43d456ebfc7dad8d6dd7f0992421c80116fb7182fc5c6377dae71e2a9b019307	Photos/IMG_1500.JPG
748097b63a6d681ae97ef04fea1ca6850d3bc2278ba2ebf615729a695f5eb35d	Photos/IMG_1501.JPG
ea47f8d3de891df2e16c8dad5fb54f1392ee4f3e9af1027bd20451f6e4bcbdee	Photos/IMG_1502.JPG
5c7ca004e376b41ff497234133205ceed40019f549bd07aab0c71bf3c2189cd9	Photos/IMG_1503.JPG
8b327c0f0b6430fa6465ac342ef2fc4b741e445e6872616a143e3ad1d09e4f66	Photos/IMG_1504.JPG
65b5e0865118461f8d22f3b4e73eee5400aa66bc558172f1f0d637643ae0b51a	Photos/IMG_1505.JPG
fef977b4b69d30c3151c79c8dc0292778a3c2a2f9adb46ba635732d8195cd241	Photos/IMG_1506.JPG
b7a33ca0abd19992becb05eb0ab6f2427695c2d08a9abd1be97b18bbdd278144	Photos/IMG_1507.JPG
bb783b13c09e456a2f49ce02514323ca7ba92bb033e2d2c1d2c66b189a8028c4	Photos/IMG_1508.JPG
ec59ebfa352df2e02c9fe4e2746ae6d9b5c08e61de007854701f3de113183def	Photos/IMG_1509.JPG
69bb34c9abc26b48d418813275437968b31e2cd2a82b5c5da6dd9605d5d8add1	Photos/IMG_1510.JPG
349f8ce0582b27ba63fec7400b82d62f40ca94995e8c000eda73f5f172eb0ef7	Photos/IMG_1511.JPG
af8f41e1bc45b87ffa0e45713919b95205bd0edc670e583b5d79aee27b352eb2	Photos/IMG_1512.JPG
ae96e4961d56ece489fbe82efeb050850dcd2c2a4d186ce8926a083da01fcdbc	Photos/IMG_1513.JPG
1e4e4dfa55369522b8e30989dfd7299c5d759319642a6d11a8e288c048125480	Photos/IMG_1514.JPG
67056301c7218b319833756cf1dbf52d3a38d67bb1ef7180d42d20fe4b8b1b74	Photos/IMG_1515.JPG
51ee4fa1e3e14ca66e470cc84c8463ee1abdf0e4ad4c3c144d12f0b0a3112195	Photos/IMG_1516.JPG
5416062e1b22bbfc1676d17cbe1d3c27e4856d313a65e2cf308d2027f251e65a	Photos/IMG_1517.JPG
9d13ae127830ea804e1646f9b11d68afe92f82c7c2c99828617f611d2e165d69	Photos/IMG_1518.JPG
e1b5ebcbe72b145ec87487cb79676ed772313eba79674288791bcd1ff65c862b	Photos/IMG_1519.JPG
21cbbdf0cff87a915c367c85c12da93d632ef0fa9037e6e54136545e753ef7da	Photos/IMG_1520.JPG
4fd9cd2ac7405ac807523255cef9fc979106b0c25b00bbeff2f37bf3c21881b6	Photos/IMG_1521.JPG
78014febe7d1cf91f1350654ddf434dcfebbe29f5ee9867bf06d16a059e6c4f1	Photos/IMG_1522.JPG
3978aaa248551a6d3b874143b20f4672763e744b53d60cfc4f23436908f73990	Photos/IMG_1523.JPG
0d8318af913d480243dd9c9dd96eee5cea78db0bf605db6907a128b940c3baf0	Photos/IMG_1524.JPG
facab92d01f4f2653d5c443ff9646f42c5f2cad16e40f5b308f4c83838fd18ab	Photos/IMG_1525.JPG
cbb16eea0e8193d94ac50859d8e86f6c1b8401548228908df698ce8a15e74638	Photos/IMG_1526.JPG
ebb9591d22757d131187c60e3ef50f88cc1994ffdd0dc65c2d335ec35287e937	Photos/IMG_1527.JPG
58de223f5bed3e6708f3613071ef5f9a508a48cb8e13c122e1a62db5b8ddf498	Photos/IMG_1528.JPG
4cbc916ae81d8ae05fbb2541e802ef26c5535d63c51b9d7752c20a0ecb5572ba	Photos/IMG_1529.JPG
5eca465bb16ba72fbc095977d5ed460d90a1866f81e6f41e647cd17986eed1ae	Photos/IMG_1530.JPG
aa180190bcd2eddc16ba9d140535b09a2314d471782bac1fb3b8bb64ff781e11	Photos/IMG_1531.JPG
54cdb5b0779ec904eb78ca58cf026ac62b3470f13c7cbfb2cbd004f45e227526	Photos/IMG_1532.JPG
3a25a176d198b32afb29cf6a63bc6096f89b72834affa5f179eed6a27e165eb9	Photos/IMG_1533.JPG
346b8b1c0d48ec414fd1b8e4fb016066ee27411a197138e192459da9cf6e6051	Photos/IMG_1534.JPG
2eb346a9eb7a66291115690824db93ab0f5c46e6f032f6c833a9aee0cad503d0	Photos/IMG_1535.JPG
867b332a55fc968cc60cf421ca1922ad6deedd6f86ef5f2212da0d8d1994616f	Photos/IMG_1536.JPG
a9fa657a05cd235ea66ccfdaeb324c55a50bc5a5b320db96889044be567354ac	Photos/IMG_1537.JPG
df62aedec78d2078779c50e86aa4c367a0dddee43ddc0907b997eb3e31511481	Photos/IMG_1538.JPG
2f3ee84af2b6268aa92a8bb44b2bac168d14f264116769edecf4a3808f46c457	Photos/IMG_1539.JPG
0beb0e9db7fbd467a10a4777f2711791732f4c27917ef93ffd1b0c6710e159d5	Photos/IMG_1540.JPG
14e4c07eaeee7befe1470b4de1be521dede9fc2b6f6fd3402a8b2eb433e0d302	Photos/IMG_1541.JPG
9ed8d20fb04d3ff6c30043585e1d02fc62a42b64d3dc2158c1cd42f04483d421	Photos/IMG_1542.JPG
e970693e4d4309a1fb67c12c302ca3ee674374b7a755a992f5eca331801bc8cd	Photos/IMG_1543.JPG
85ff8518567ac37fe381908a31cea1b2cfccbd191c98ea40be16acbef93d082e	Photos/IMG_1544.JPG
7f562065e3a8ffaa24dfb25838d35ac0b2fa1e3fdcd02069ec38876825b5f2e3	Photos/IMG_1545.JPG
8a2f66fa3b38d58504168a8ac2609f29ca65c1b859cdb75a55681911afc9eec3	Photos/IMG_1546.JPG
ed9ffb9f84f5474b7d911c7daca32c3b1cce6538afa6c62cb8e9240404ebc69e	Photos/IMG_1547.JPG
077d32b0aa2f9538f5a08f6f894facdeb0a4646593807626ecdd93820f0cd6c8	Photos/IMG_1548.JPG
fd95b610b7e69be0e70781af5cabcfe8cd82b14d44b70724e0c983be5177ee3e	Photos/IMG_1549.JPG
d3ed2d03cfd98ddba3bfda97cedfd7fcf3ee8ea78013f5372e94364678ec161f	Photos/IMG_1550.JPG
f71f22717a1feb90db9241ef005beae5de9538a9c43f01051772d3b4052ce00b	Photos/IMG_1551.JPG
889642e7308fe9abd012154e222c1065504a4ca138cc864f523a4f4145b7c8a4	Photos/IMG_1552.JPG
b1328baf01f8b1e3a79cb87725b05292b54c58c30ae110b86fbc9a897f4e8e94	Photos/IMG_1553.JPG
28db9fbe64c5d61e1140d3d6966a093d0ba4ccd853fda4e1b488378b6a3c09a7	Photos/IMG_1554.JPG
af351953608377edec978343d92779ccc249d2242039cebe05e504b6ab302314	Photos/IMG_1555.JPG
5343ce2ea977668ae3be42f735497de320df2051b2cb2f5845fe8e1ce20d8f80	Photos/IMG_1556.JPG
bf9a072ccb087209e813345354951139ef20388d34ea1ae4da5bcc6fe586f612	Photos/IMG_1557.JPG
c484730b56569073f61027e2edce56288174a8d1b6a37c9dec6391432ed26809	Photos/IMG_1558.JPG
3eddcc003019ac3078f350821ba13052f3b70ab4640687628bc69e85adcad12e	Photos/IMG_1559.JPG
b8ede57011e8522b010c6d8a29c9bbe23c4b46961cc8d00238c2219c09644839	Photos/IMG_1560.JPG
10bcf068cca8b8be3cb3f584d21a45d10b98adbbd2fd4377e64e6a410d842ee4	Photos/IMG_1561.JPG
f87086c89ad45711878c8d7fab7a8fed93f217570124c48d3d036a9075eca61d	Photos/IMG_1562.JPG
a2509f5793aad090afe7259ec3656fad45de8af6ee6dec2873d11d57b07b0eb3	Photos/IMG_1563.JPG
ed5ac4f18e20643b67f91129e03e942742c1788fe5314332383910973718d53f	Photos/IMG_1564.JPG
a478985942130e4df2c59bd1731eba73c0cbb2253282c4e333950ee7f698eea3	Photos/IMG_1565.JPG
3d0c6ad24bd2257f76dc6da69d4737ca974b4ead8741fa6840e9e83f0b232c1d	Photos/IMG_1566.JPG
4f8846110fce76395c91431e79ef22dd796cd003b96e2de2d76c7e9175700385	Photos/IMG_1567.JPG
61c1b4036fd5a74d7c718e613aeb58900631cf8d979fddf19f44cb1d079db94c	Photos/IMG_1568.JPG
fcd1db2016425c4c95a09a6c51633250e870e9d922bb9453430cd1fc585028ad	Photos/IMG_1569.JPG
7550f9aec49b0256a3167d4deddf6809a10c2564f5cd74ea920fe4ab3f22b86c	Photos/IMG_1570.JPG
f2e1ed9468138e3dcae359dca6f509b0c44dde179eb0d8d94ee13541fcdd1437	Photos/IMG_1571.JPG
7d794ba00bc24c42b82d2d928c377ace10361bd2b129ba69b9d5cf10917508f1	Photos/IMG_1572.JPG
b11d6b344d6757296722a6f09a7f9a23d633835df725f62236d4abc074cbaef3	Photos/IMG_1573.JPG
bbbc32f0c05b7dcab71c19e069c77afb369613a9b2350ae99a5fb59e3aee6fc8	Photos/IMG_1574.JPG
bcded2d4b8d363e7e19ef971888e3055755ba1bb41569862d0e4e5f51aeeaa00	Photos/IMG_1575.JPG
0e1a1d8be25da1d336bc822119a7af3c69b692b5d46254939e245ccb5e07f029	Photos/IMG_1576.JPG
9de5d52998cc0d42470a85d0a4d69cf86cec6c968a28c879e2a2f023be1dd87e	Photos/IMG_1577.JPG
e1d91a740f2734a84ea91599938f70e90411511dd54cf0a845a465b049aa27d5	Photos/IMG_1578.JPG
7506b3f3a58e129a2d304b2858e6f5a27ee72befb2a6daacba1d70ffed8d3bcd	Photos/IMG_1579.JPG
efd082b595f04d2a606fa0c29610c9cc23867ad440a63a47b6db15807528faa2	Photos/IMG_1580.JPG
cee76f0f469820f8347c0e4ab9f5f173eb0b21924d9e890886240f1833a9025a	Photos/IMG_1581.JPG
f6d2c028841e322b6af824fd15ab554d914128c6948c1c1764c572f7ea35ea28	Photos/IMG_1582.JPG
0187b6226ff7ab8e81f8b66aee55d10ac52ee2c97c56ffa95d30b65926dd1a71	Photos/IMG_1583.JPG
224f50dd86a963c17c0bfa24ce3e7e022e25c8c850f18aab118acc74bcee67de	Photos/IMG_1584.JPG
3c6b173f352e0267dced3601595c2123f6380afe95100e45d7c86d0ba97945f8	Photos/IMG_1585.JPG
a6410fe64fbb77d6e16fa50d754e14d45ecff9d311d1b0831f1b39d2518798cf	Photos/IMG_1586.JPG
20013d2eb7609128c5b35bd6f6e63406149329dc1cb5793fce8ceafb837061a4	Photos/IMG_1587.JPG
5d49e24fa23398ee69e2f02758fb46870e81ee44b46996443eb6a7842e3590b1	Photos/IMG_1588.JPG
204da288e36e9a413b4b7c6b0cab30184b3c338b453d4f0a63f031b6a85228f1	Photos/IMG_1589.JPG
5dd6741ff1d2194a9f95324ff2991357fd3dba2d1570c3f88d7c733d6237f127	Photos/IMG_1590.JPG
fe98bb5bc4e56104ffc3ac589158891f001ec3ba6eed61475711f9ed4da6114e	Photos/IMG_1591.JPG
46bc5837c4f67ba58cc50f47ad3e4b8d4c0e121322931494700ee2999ac52c64	Photos/IMG_1592.JPG
a936b3dbf002235a6b0736c045ae1a73d5b5695bc6234f79f6b648425752218d	Photos/IMG_1593.JPG
4dd1b7f217626cd1f109bfb44c5bfb4d8a6acad60c4ec64cca2d152e48d1ef61	Photos/IMG_1594.JPG
c61628471d69d270f5dd049f05b8fdf66c60d9f55db18e56b39dc7d340251e82	Photos/IMG_1595.JPG
8631166e6ea52e97d6e3207f5f9b70a10521ad2b753f726bea1e48ec61bb12f3	Photos/IMG_1596.JPG
32c63b85ef2af3aee04997566a4ba979ec65a29cfd8143d17342243e393220a5	Photos/IMG_1597.JPG
4a9966248cb8808de13c19ea36c42ec3641bdb6343e9fde1ee715d04a887c935	Photos/IMG_1598.JPG
75652d2ea4158bd04be8e6df0a3b59980228b526c69c68c6cefdf83fb759bdcb	Photos/IMG_1599.JPG
5235619c38f0972e0df6c1165136415fc1b2deb48c4f7426a6e6f8f1586fc381	Photos/IMG_1600.JPG
355b3015cfd4760d409b9c2739d176920203389f8de7f6a475584df0fdb95afe	Photos/IMG_1601.JPG
50afcc55bc0c3a8396a6d021c3ca4e065bbe3450e2126c87d2d3ccf04742e6ca	Photos/IMG_1602.JPG
367c3136e438afb572e162b5cb75605377de4ebbcad5995c61edcdf6ecfd9671	Photos/IMG_1603.JPG
fa5d484fc4dc6d3d6111ca66b5f61aad49022a740b6bf5ab3e7f22ae5816cb4b	Photos/IMG_1604.JPG
9e7c0f730d04825daf7f55c83e716f7d46a758086080b73a91dd185b3e547c32	Photos/IMG_1605.JPG
5edc18df718951499821536598bd13a09b594924b2accf990020a05501ad24f1	Photos/IMG_1606.JPG
47c6e9c8d9729738a086cb5eef858e919ffcca0f9fcc8e168ff459bfaca64d0c	Photos/IMG_1607.JPG
08da5f9da35194eaa87bc7049e85cac872594af46bff483d77b22b1e527cfa8a	Photos/IMG_1608.JPG
3e8c2f1e423ecd9279b224067a66164ad5947977433fd73f61bb140df54656f3	Photos/IMG_1609.JPG
cd1afee7644e1d8d6ea860cb75c900f3bbc8aa692b8c22a164586d1d208d77f9	Photos/IMG_1610.JPG
44ea6897aec72c0c4e9df960f400b3c3cebd2449a345b9b6c12d8a352d9aa7a7	Photos/IMG_1611.JPG
54a30c8695cf0e597c04ad4691598791f7fd62721c1c2dbdbc43ed8a0b057db6	Photos/IMG_1612.JPG
3c47a17b78ffa836504995bc6be516aefeff07b9bde5dece0175e686786554d4	Photos/IMG_1613.JPG
c417791f378ea7875d9ae18ddd90a22d8366bb9c1faf0772982f0b6bfbd219bc	Photos/IMG_1614.JPG
f626690a700bd106c79b61339f9cc4718f65c02c5aa5fd58bb827327e96a4f20	Photos/IMG_1615.JPG
268bfc83f2eb5ceecebb3d789a80ec85ff6c27e4ca7c633e2522ac60f8b25962	Photos/IMG_1616.JPG
8d8e2b577a6b3cbf2e31832f01fdf06870877dc31f37d137ae964ed93cf50ec2	Photos/IMG_1617.JPG
9dc44e7944f7e8998cba193d8b8ab92bacc35b23a6b50ee3b1afb6eaad36697e	Photos/IMG_1618.JPG
94d93128cf3693f08e361e86d0d78f09b8fc095cc4c239e9a14229926b2f3aac	Photos/IMG_1619.JPG
8f0c1a07a8bfd334aa0552b28febaf0922512565f6c7675a8b317512b5fc01f1	Photos/IMG_1620.JPG
9632cad94b8dbc3c734f0d09490fa146c425850d5a56ba81c6dccd64ff70b73e	Photos/IMG_1621.JPG
b31745194425bbf7bab50c702b7ae16a6b97249ae2696fcaf2e051f84b68fe50	Photos/IMG_1622.JPG
ffe175383a8349251c9726f83bf8a042b80c5713f3b4a28585ab97493d07f631	Photos/IMG_1623.JPG
08b6450c9fdb0cb51c15b28191038eec3dcf7d4f8d43ecd7865bc3abb29c3acf	Photos/IMG_1624.JPG
447b1ea9993a95eaa0ace2ea0681adac1bf5a16adb859881ff4e36eb5a0e3cae	Photos/IMG_1625.JPG
fcf3ca0a3fa0d116339d844e4ae69a1835a3917dbee5a938257168c55f1fbacb	Photos/IMG_1626.JPG
5d3d08ac6f0d8ade67932673868afff560f1d8b98f8b99a61fca8409cfcd5617	Photos/IMG_1627.JPG
cd5ca507e8ea1275e0ea1cb3682e05dd632770f3a04d06d537ecc88dc0b6723a	Photos/IMG_1628.JPG
7012fe3a52ea5fd2fed1bf71397004a957ec2f6801502da429e3a64b1b227698	Photos/IMG_1629.JPG
1bf62ec530ac87d1389729d2294abe751a558e1e5266c49d1721e9b65217d346	Photos/IMG_1630.JPG
4a8c1397df0063b02fa4176a5860618aa02a40e154506b559f01151c097d3e40	Photos/IMG_1631.JPG
99ee8a45047a08868caaaf6b1e1f82dbfca4e852df2e9e01fce51dbf99b0d04d	Photos/IMG_1632.JPG
21c351f568154be1467b3bc87095efb582840b4418ed5c2b453945d2ee902d4b	Photos/IMG_1633.JPG
56d7df2e0dd1b0697abe98dee0132f309a2341b899f7b2739e78a0ebe48475b1	Photos/IMG_1634.JPG
ef6f3eb60cdcab560a1d81a79d2030944295fd95d6809f82bc840e8853a90ac7	Photos/IMG_1635.JPG
61cd8b1d2a109eb903e6c3a7fcb6f2d069c35f461cc6dedfc6c491ae8dbc4f9b	Photos/IMG_1636.JPG
bbf27da4774e434a0c43ce386b5bf4c6c1c84458243b1e5909bd4bf41e6a22cb	Photos/IMG_1637.JPG
5616fdfcaa6f5acac056aa824c375972caa99b6326e9eadd0db8abf3d3d8c8cc	Photos/IMG_1638.JPG
902c9ad86b59982310b449f1deea5d88ae10a18044a544f58542e92d79339ea6	Photos/IMG_1639.JPG
0c31facaf69ce35a8e7dd591a210065df1fbfce1eef05a6816482a3d0b8c6fcb	Photos/IMG_1640.JPG
d9163666b1cd209366f31804729e7df36d5c6e27df62e45c9b32894b5a31b543	Photos/IMG_1641.JPG
4b86850ee6625b86a7e85d050f3923e5c83c53c7ec46fbc415e8c19734d55659	Photos/IMG_1642.JPG
b3564359cdbae0c2c62f04e579ddcb4c5a39e2139ec5d8d52096b4005c4834b3	Photos/IMG_1643.JPG
79e925996717127fbb77d6c26855af4a72f154f1c2329e8f8134795b885c2f3b	Photos/IMG_1644.JPG
7f66a389ef49adfc5fbce39f918f0302f1b264eba5e3decd036d091fb5dbf941	Photos/IMG_1645.JPG
6a677a3fe015d36ce22fbb3a6e0e6654abec596122802661faba939f158a6836	Photos/IMG_1646.JPG
10cf9dbedca950a1ded938c95bb5af6fb6a73605117b95e80bd00ba5f44cc780	Photos/IMG_1647.JPG
fbf31b7d8279b5203d84d0c353f29e3cb6e64e7dbbb7ee10a3ec9d5f4d374260	Photos/IMG_1648.JPG
21792ddedc43bda224823d721e09336c57275af95991db42f1fb451c52f1c859	Photos/IMG_1649.JPG
0f8f0328d03649e1e1cadfb691c8f3569e4bc63d067f50b2e07ae3e6f81fd8f3	Photos/IMG_1650.JPG
6ed51212269d5ecb4a4a7493912bced89a4ea21529ce4993310be050afe228f9	Photos/IMG_1651.JPG
d7cf5647e462fbb48e0185b60a1c3e42206fa94bc0d32880e2f9c6a6d477da26	Photos/IMG_1652.JPG
20bf329da290dc28c236a51e3eb1779b6256980bef05b7a03686006967eb5360	Photos/IMG_1653.JPG
41e3f324d4e8cfe062cfd999371965641266d2fb67041b366e255db62e4310e4	Photos/IMG_1654.JPG
b071fc58d31be27e1c400d3ce6aaa7f050cee84b0573708c79e0aff5e3f647f2	Photos/IMG_1655.JPG
8ba8f40f50a5bbfaecaf49c00a15b3813521fc0a1341007e55e0e38f418ffcf1	Photos/IMG_1656.JPG
14f28f8ef558343a89b1c1cc9d08866af6bc5dcdb1e1aca778357a29b04e7630	Photos/IMG_1657.JPG
c70733e6caafa8327ad0f3a1939ba1e383fd823135b6bdd2be5c24ea8ceee0b7	Photos/IMG_1658.JPG
0c96823814308a95c7e8a9b44bc25861f37185ccc4a34345988ba2fc6bcd301f	Photos/IMG_1659.JPG
5d5d40d8fed24c432e8f3e85c3a6bd267e49c5f228190f5e14ad536b9f0d7b7d	Photos/IMG_1660.JPG
eccdebf9e416741809c092fd2d79d0eb423edb4007c463a3c77fa683675f1e80	Photos/IMG_1661.JPG
39f610345e58e35be87d89d956b1279b5c2951f1081ed37119e713296c8208c1	Photos/IMG_1662.JPG
3093cd35ed264a332c71bf797306f0dba39fd3a5aa4b083a042169f8ce784615	Photos/IMG_1663.JPG
b7353be042f50b8cf738ce87bfae3b9bdf4d6a0145efbaccc355c9945ae39317	Photos/IMG_1664.JPG
35cbd68e51fa72ad45f2a1c77b61b26472b9fe9f715e4b8e877d2272ed965806	Photos/IMG_1665.JPG
6f4ff775d731f729f1129a9ab47970751db6569bda68e7241fde9b18ed13624a	Photos/IMG_1666.JPG
5edaa75c359d3348b6ba8736a43e7e0d5859d7275a659769f8e89acf70d5421d	Photos/IMG_1667.JPG
a164848e48448ba59ec1f21f8a1fac29833f3e63b05e4fde85a38a04085feb23	Photos/IMG_1668.JPG
5bb213468e8fae3b00bab9237611b25e4b48d142e7c4ff4bcfc931bcda1bbc6c	Photos/IMG_1669.JPG
24e566f41ed536ce1bc726fb15d80dd1228658775630ace7b9b3f83c74d97c36	Photos/IMG_1670.JPG
4df3c907df078d2516284f20704327ce901800c09c86bde900ae953b7ea767e9	Photos/IMG_1671.JPG
e6ac3460a44ee97c7bf2f2dcf475c02909bf3c1974f59b23dab3804bc284f621	Photos/IMG_1672.JPG
8532b8a23ae8c3109c00f829ff05fd9e45d8518b6b83a20cf27733bd8baa9b10	Photos/IMG_1673.JPG
31235f1f04f6e33185707ff8fa8fd13b543ec38343b1f48e15df52a329e900fe	Photos/IMG_1674.JPG
65a8772ba59b2a76df6d6804599b57312ef302e787097e3c515018b4a59d5152	Photos/IMG_1675.JPG
6215b0a670a08b5f2629b50b834ba5a0b60438785dbdd4c94fe9b027abbb3861	Photos/IMG_1676.JPG
1220e491f25dfe8b0e78c32d98957242922967701a7abbb65a1ded7ae1f4138a	Photos/IMG_1677.JPG
c19e62c974615a463a327c70f6a53a480ca45cb545fe0f74b5c47c22aeaa13d1	Photos/IMG_1678.JPG
a9d04b5347fc9269d0356f3a359d6a5b4b82f177171a51bcd83eeae00780510a	Photos/IMG_1679.JPG
5012d562e6906f678c5f0629d0bb6901aba3a72dfabd00b6058ce18327659d22	Photos/IMG_1680.JPG
88f9da15d472b366405256e2704412ba890a7c6fe1e22965ba2ac040dc1345f1	Photos/IMG_1681.JPG
12802301d48f6598271f6562216ba0ff0a9403a6487dbc63c8250d436d2a3463	Photos/IMG_1682.JPG
41b81df2e375f1a39b1119a9c5a07d46c8fb7914eeee636e7a217290ba6a0d9c	Photos/IMG_1683.JPG
552395280add4e9db1d5930261b5e4abd48c1386c8d19626188e3f9bfb868b44	Photos/IMG_1684.JPG
267eff6eb3c31bb8edbcdf5768ee2919cc3935ca839957ce47b20339085cfb84	Photos/IMG_1685.JPG
69403ced686a4647cd560418b6e6d6d6277a29d93ec0f0750ccef5af3acf3cbd	Photos/IMG_1686.JPG
f9941a9b84fbee1feab66f1f3f5f161c23634bf9741983cfa6041323faf9cad5	Photos/IMG_1687.JPG
a022f2ba093852f17115c926c6401eff8ddfd1223c125afee0a4cb822cc13994	Photos/IMG_1688.JPG
88b56e3973c73e2cb6083e090db8177c8ea0f044be538f48a8263cdb93fae123	Photos/IMG_1689.JPG
f5aed4973c849783da3c89399823948087087c56b72d1534412a764f9cb93fd1	Photos/IMG_1690.JPG
788cc6636ab564da72419c4922714e9ac6c665914d3edcc572e6c8e8243d782c	Photos/IMG_1691.JPG
4790fd7e9f823a4f1572723cd37b7779329e9403166170d59d193651653480a4	Photos/IMG_1692.JPG
bfe9433dd62b1c7a79399d38ddcf2bfdbff76f3d48a610437c612033b47ae9db	Photos/IMG_1693.JPG
8d5e9b69ad07b7c867aa092df1ffe4463580d5ec7fa3fbbc0b0f6bb94dd2f153	Photos/IMG_1694.JPG
edd9e152ff5f8cc0a353f013b747e0b5f58997740b0d9cfd096ca88aed52c857	Photos/IMG_1695.JPG
474a177855d5eaf3cadeb257a9e6a7c0becd64e3b91dbe08a3d6fc962d9c1131	Photos/IMG_1696.JPG
fc65f999f8d1e24b3528f8de544f28fe120b536b982604a7cb7069fa6fc5040d	Photos/IMG_1697.JPG
d5bbef1b5106341896b66788644a704c59777e4ddfd7b99974ee56305adb65ea	Photos/IMG_1698.JPG
2b343ecbe7f20dc9a425d55acd8412883ee54dfbf0187dd01517e3d875ca5740	Photos/IMG_1699.JPG
beb6e4135a5f14101fcca7c873d3facfbbd6083205e581e671626054d0d26611	Photos/IMG_1700.JPG
13174f75d08b9b5cc8f079fdb0461a7b74516531ff2550e1fc3a763131cd0bc0	Photos/IMG_1701.JPG
e2cb79709226883b5eac1ec4dd2f088f595caf2532d3eac0b4caa5422ac2b6e8	Photos/IMG_1702.JPG
aee0b56508c43361703b8d4257a4a8a547f2cc7e8f32e0666b9e068eb19fc967	Photos/IMG_1703.JPG
49fd316c1223bdc0e01205c1fa0588133652390adf378eab06f3542dfce172ac	Photos/IMG_1704.JPG
a30d633cafd3cd533daa78f1cbb41d0bd44c658a3c7e5ee742bccdbde8293718	Photos/IMG_1705.JPG
f4fda16d2d164d6a5dda633ac2c4117cd38e7175aa3d15105c714298f86cda97	Photos/IMG_1706.JPG
65f37800b8961298cb5547bb92472297faa68464f3cdab41b89a0436daccae28	Photos/IMG_1707.JPG
11114f959349726cab24e09580ed5b1853dbf53c4f1c6610e602252eaf091df9	Photos/IMG_1708.JPG
91a2d41e3bbe7de488fd91b6a98762c7e88d975c015156dc9be5d3533966dce7	Photos/IMG_1709.JPG
db057c4daf1d2a7ca01e66d2d2ec98f7e995774b6cdd35ddb3ade24f90bbba88	Photos/IMG_1710.JPG
b92360896679a5c1cea7040e189cef14f44b9e84eff5ab8ad39692033c6c8809	Photos/IMG_1711.JPG
4b2888bf10879a5933dedbf7f142f367ef40f02ca937ca3b04aa96e044629b6f	Photos/IMG_1712.JPG
8635d6f7ec226ea7f88aba430ee7ca75c6859179568e99e3f235b3365eac6890	Photos/IMG_1713.JPG
6fde6d0cd62ce6c634fdcbcac951c0fe8e76a19e99241c75e7bad4837471b47a	Photos/IMG_1714.JPG
c295f470e035a6f3d338b47690eae791e233b5b3f7b8507c259f0c579cf37996	Photos/IMG_1715.JPG
a34771ec562de6e4df4d17f74ea45b32c179987cfc51719259dbc10118ba1a11	Photos/IMG_1716.JPG
76fed7aee3245742d9c5e48df03ea04cfb7e8b3b05931effef321d9478249713	Photos/IMG_1717.JPG
e46e9aeadead53c2b211d471a153768dbf0fef774b813d2f3c2f8cc8b6ac9795	Photos/IMG_1718.JPG
71095592039c2b36c490b975a7452f65fe435e593b3e0f2ae538a26ea94f4784	Photos/IMG_1719.JPG
3b093d3745ec854f19acd18c47b9098da9205841d75df351c2fc8b5fb00f028c	Photos/IMG_1720.JPG
11fd5611dd106137232ec33b56b1e5f2072e9995b0c14889a770eae69c0c0888	Photos/IMG_1721.JPG
1c5c615ac28e86bb20c9b570b05350f5d6a0317c66af0a94981272a1972cf3a5	Photos/IMG_1722.JPG
06bb678d659465c3f1046e02c7531024c984e57544e19eeb663659d04d6bab12	Photos/IMG_1723.JPG
2a889a465ea590b38e592f9b7b76a688cea91ab85971d17c2357ed5bc74456df	Photos/IMG_1724.JPG
0aaf67d29f9b8784b357e81b86a3d819c0358073e6d1fb474ad0624d097d0d5f	Photos/IMG_1725.JPG
f024c8a28f46bebc3943a7e806f2d8d8559e78780fb79cdc10e0ff33bdce540e	Photos/IMG_1726.JPG
106b87cf86c5110f45fc2c47f27dd8a2757f25e90e7a20f801ebdaa7ebad5c2a	Photos/IMG_1727.JPG
142b7c23285ddc5f041810d6d581fb85cf4c630c7ed37c73e3b14637136603ef	Photos/IMG_1728.JPG
7b6be2994a7c1a25d6290a3f9663ff941e2358e2e8b5878faff51eeef1e7b13e	Photos/IMG_1729.JPG
32bbb549a615b4ae56078e5d7f4405308d772be9494eb5d208add367869a8134	Photos/IMG_1730.JPG
de0a6a99fbcc016be1a31f050098054c7273a02535939a596fdd348d3e704eff	Photos/IMG_1731.JPG
afa9ce03cf29e054ee6f7592a85308599d9b9f4dc6fbd8dc46ad0c9c03a49feb	Photos/IMG_1732.JPG
17543b98005a7de53248165022c66e9d33e29beb553daca113039d4084985081	Photos/IMG_1733.JPG
302ea7f5a0438ae484b9a9572f3b4010935fdb2177554d7d8cec7dde57077996	Photos/IMG_1734.JPG
f9a233def0045430853c374d6afb2dd039631e9083636a0cc73da094ef34a10c	Photos/IMG_1735.JPG
e00482d5c6df6225395beec1ecc4313770c2a6ae1cbc802135311f77689a9915	Photos/IMG_1736.JPG
6f6893ee173d615c41273aa955a129c017a3d581219a51656be8d1954cbf5a4f	Photos/IMG_1737.JPG
ad27780b3aa6d7f99facf2573757019fd3e2bca43280990f4f067eb71f666659	Photos/IMG_1738.JPG
b8bf17c0d1634e20b2f5bc291c490a9c1d22837eb4a4b8388d47622283e4dc3b	Photos/IMG_1739.JPG
19fa0c8f28282f0e528e08aaf6789a7d4ae154a95d7bbee46243bd4341839858	Photos/IMG_1740.JPG
dacd2b12429efb3597a94889d666d1f73793f8e5cd437a5f9f08d2c72acc2764	Photos/IMG_1741.JPG
cfa30313ed8f30c891792954708d6dfe34540d6766280c2d5f404648baae84a4	Photos/IMG_1742.JPG
f15f5d81f8282b77a6906496c452963af719b7d1760136f007948e9b70b641e5	Photos/IMG_1743.JPG
5e28e17704698cabcd5c6b4f4cc55c31217f66da41ac0cab4a9697f76170cef6	Photos/IMG_1744.JPG
d79b9340b25654fff4c0c9d050abe8d18f88633b67a4401043f396daf9ccadad	Photos/IMG_1745.JPG
f1191c79bedf6e9b0c2f91e90c530c49735886713074208c9ae8ced60dcd5f82	Photos/IMG_1746.JPG
05c0744f12754f88b95f81c8ca191be225fd41587d16893d5bfbd16328a273a3	Photos/IMG_1747.JPG
2ebb8bdf76f5eb9933936f272964d4b1af30d71622ad8eb88b5fb2f6f0760383	Photos/IMG_1748.JPG
d2c5622ef4f6e89ace5502f42e4c67daf7b4ce7f86ccec6a5c0bce863bb87efa	Photos/IMG_1749.JPG
4727566a4d8ccfb8aae7fa656d2fc360063ab5ac3414cad83d02f7b88bf04be2	Photos/IMG_1750.JPG
727d51885e4910ac9dcbf3ff69b71c3a30270bdfc492a2219d6cb80fae587e3f	Photos/IMG_1751.JPG
52dc2a0e46ea8ed23c2d1b9d12f5e60dc6a57fdbc1e3e840073b893de3d45019	Photos/IMG_1752.JPG
2cbce9b4bdd9cab76901302c84d2c231a95c436b20d4252fdd5af38233f8a7b2	Photos/IMG_1753.JPG
d417aa62b40eedc21f10dda362994891d791dc123340c333aa9aff9650976845	Photos/IMG_1754.JPG
0d7fdeca54ee46a9856992d426896c56f6adc27ae544637e5f9e1f7c9f0aa93c	Photos/IMG_1755.JPG
b3dcb925ae68277545916fa6a86c7875cea9b4a431a28874f9e930a3b26a9dbe	Photos/IMG_1756.JPG
4a34626e7965b6a58b6f0448a71f923d35dd3df3fa16ea2b33a515c3d5177e44	Photos/IMG_1757.JPG
93f713be946d2dcd21124a6479e880d6eab3feb8398aa8b3e5746825efa16943	Photos/IMG_1758.JPG
cbea4c640f4a876240941571bd98ec93b648388d49f1d1b26d780fd606d1b3ab	Photos/IMG_1759.JPG
de545d7a352d432d384726817e299bd50c0f90edda114a9b5429c6064455a6d2	Photos/IMG_1760.JPG
3a4152f7c8890e8d2d3b10bc1897704a922d328d3643d79ca8edaabb334f1187	Photos/IMG_1761.JPG
eb35f57675bb697e2b1b714e3d2a9e95b9619cd8c7280676b493651ca3239c02	Photos/IMG_1762.JPG
9327021225a6de52bf263c4bab262bf8a934f834046c216ea3a2f0789995fde1	Photos/IMG_1763.JPG
4cbe2b9c9ee95f85da5f8800affe25243add254c9bc7db862a6395bfc3505c4c	Photos/IMG_1764.JPG
5d685c288780d13118d352666c9d462c412f03299bab2cce9086e5b03545bad3	Photos/IMG_1765.JPG
420597a709cabadc89d4515acb0271c126900c214cd87b6456a95eee02f1df81	Photos/IMG_1766.JPG
000c45fe74b5381bd83c31e173c785925195320b0f73f278be11d6658456402c	Photos/IMG_1767.JPG
bf4d4fcd0f484c5f6037c891184cedc2cfbffe0616aa33ea3b6e19151e5480e3	Photos/IMG_1768.JPG
62d36165237e31c90693abf155b33399be6f83df9fa56f763603dbcc922cb090	Photos/IMG_1769.JPG
b4175ec72b24070592479907647019297af542c0184d541216aef9664c12542b	Photos/IMG_1770.JPG
2457ad4c7d3a975540ef341a3a420063d5085fba8de6f579c494840a0d14e4c9	Photos/IMG_1771.JPG
a3ff2067476f04f399621fa180a030b88ee2a215e677d5a180f5a5a277887532	Photos/IMG_1772.JPG
fbcef19cd804124bf011c959246fb4a031a67f36dcd688d3f478a65778a5da59	Photos/IMG_1773.JPG
ae1fc9259b6535ec6f6296dc1209a8cb6785abe781dfe92abfe3462734698903	Photos/IMG_1774.JPG
e074ee200d5f763d604ee2e76651b3279b2869cb35cff4d6c6a02e951ec5d36f	Photos/IMG_1775.JPG
94264250e26fe897853bf44a857b575469761bef1091ef4a8fcb8de59aa4097a	Photos/IMG_1776.JPG
eedaea2a3e8df8c4ab84fd99304ef8b3ecccd0c641984cbca41c6d59596f236b	Photos/IMG_1777.JPG
5fe57e4d940f85976d267b52a919727e75c3c331ea36d3c054f2e3ca7ff7b9bd	Photos/IMG_1778.JPG
19a1dd91f7c54861c118f2d541cc11b243beb5e9e0d5bc81cc7428e87679aa5b	Photos/IMG_1779.JPG
b217d6d8127bf63fb83dcd9ce7e3b2d67bcb9ea88e5f939531e90243a5643819	Photos/IMG_1780.JPG
4a36af77632378939aaec5ea10a614eb5a8b3ec51055abd3eac9611c883f7768	Photos/IMG_1781.JPG
2d5d1e5f3fa41476b0771329f2eed1b69c6c277861c017d91ddd644f270298cc	Photos/IMG_1782.JPG
2e3ec39ab8c9d246af6aeb03e50659211e9c4bae7098f384e03d54ee73ab660c	Photos/IMG_1783.JPG
ef72a1f43458cc84f62cc0eb9b405474bb019844d5a46495a25cf107db64b35c	Photos/IMG_1784.JPG
27e606b3d384e5bc67a2997c615b821961d5259684c0ff9a942dcb79233c393c	Photos/IMG_1785.JPG
9a29b1b4339a0b5cd5da1e6b5a4a50e5b95461106bba31bbe75a274f560c295e	Photos/IMG_1786.JPG
c32e97b97421c694e95eec8c4c97a4411f6192c7dad81e3f9392f3057debda68	Photos/IMG_1787.JPG
df9664fbd48556668240d5db96aa5951dc315840c1300a4d520c1d2f7caeafb9	Photos/IMG_1788.JPG
c32928b83afede7d0438ca6cbe8c0b0d3edcac666d4af43827aec71df84fe613	Photos/IMG_1789.JPG
e229a2d1df637725ea36633d931f83f1bef5a4cc87edff556f0ff7608851dd0f	Photos/IMG_1790.JPG
f1086c6ab7db6fad7d0b5fdd017516897dbd04950bbbb683afa2844c71a58c57	Photos/IMG_1791.JPG
bbffa63aed629ae3e301041ac992fdb87b6c5b076d01d1c90fd09ae291fd980f	Photos/IMG_1792.JPG
4e39af53dba191d01b5ad5c2cabd7fab14e559f7b6db7a821fd62ac5ad3358aa	Photos/IMG_1793.JPG
db5393ca9ac13fe018f128f7882a6c5ff025ce9fdd51c384c7e0f31ac238fcf2	Photos/IMG_1794.JPG
556fa5a35e1e79ff7f8160324cfe368b5185cc3c27831d5655ac211985d50994	Photos/IMG_1795.JPG
38e9069537d82029c51b34cf6fed9db09c6cc5f3e535a5cd52130b00d02d177b	Photos/IMG_1796.JPG
fc01465e637cf599b9c8628fa066a3767835728040713fb73885468f796532c3	Photos/IMG_1797.JPG
807ab4e6f9b76771f2cb8d128df6bc03e373b6ec495599e93579e239273e4f7d	Photos/IMG_1798.JPG
41ebd8d21d6b95bccabdb022abdd909c8208ba0ae93dbf87c54b626b35b7235a	Photos/IMG_1799.JPG
1e809ead2f93c70700f310d0e8b2f0ff1bd0d0cae5f172a1f4e6283d15c25dc3	Photos/IMG_1800.JPG
c328baf4801bed48248b0393d0ca8e1e67a16297548d209b01921f1fe04ef47c	Photos/IMG_1801.JPG
784d39fdaf26f14c00dbea16ea95f95d2ce8f606afe0daa733d3343c236db10b	Photos/IMG_1802.JPG
9e265b2c839678b60782d54c4bc7088a06b9a7362dd26eb2832f504df1e75f65	Photos/IMG_1803.JPG
b0e37eb2e2ed47bcc096c3dc98703243b622dd0fd0c82426be16ed3edd54cf76	Photos/IMG_1804.JPG
34d82210046e72251362980f013a036208ff11e8c039d7feb3610296630a658d	Photos/IMG_1805.JPG
8172dd928b8e16d52dbf015091e4b0e5330f31c6baeb632ebe7da95262ae17b8	Photos/IMG_1806.JPG
58939713009ea956fafa2f16408517c5efff57f7892defcf0c90b9b099a128bb	Photos/IMG_1807.JPG
ee23ef943aae7fd0da96cb28b8a27196821c6c9cbdf1bdf43899c54a1166d679	Photos/IMG_1808.JPG
56f6490bec659875e9aa01dc879fcc205589d6355043ff8b0f352f6a4e0f9e6e	Photos/IMG_1809.JPG
d980052ea731a97c357208fdf382e3d57b523eda4405a734fc96999dea18d368	Photos/IMG_1810.JPG
66947eefd9b58e23ebb9a49d243a8cf079ab405c2aa601dad450b0ae873d4149	Photos/IMG_1811.JPG
e7bf3eac9ea655c88ef1984b73fdf9049f4472507930dde17fd88ec24e575b30	Photos/IMG_1812.JPG
f9159ebb0e3b5eb795a63149bbe00db7c46763f4f1a4e51297040070ff56df3c	Photos/IMG_1813.JPG
f703e7d476a212684016477c8b5a8271a87e79919c45348b8b36e263524fe5f9	Photos/IMG_1814.JPG
200ccf17f8067fe4088677f51e12bd238ddf5b10229831ce543968aefd6a55f1	Photos/IMG_1815.JPG
b7089b996839fa153c9d90e1733d04ddc486d46fc467048a7376ad2d1943c3f2	Photos/IMG_1816.JPG
9a4b93671e9f4c0afdab46fa0fd292e8b339046e728c16217838d7f3ce407274	Photos/IMG_1817.JPG
40387f71797d911eca6c59d2801b56bceff9d4abac926dfbb724df9e7b793ea2	Photos/IMG_1818.JPG
c94932638dc9c5960430c474b23962587ac58dd08cdc01dde5b8ddfb39aeb7fb	Photos/IMG_1819.JPG
9a5b26af8472ec2541ec384cb76f12ffa0515b138b6a7e97cca276ca83faab39	Photos/IMG_1820.JPG
e108531988986b3ff4ab54a5321773909b08884bfef6d9d4579e481d06a91f94	Photos/IMG_1821.JPG
7fe46789ce8a45f9fe4f8fe52e9b328c1cf67a4dcd922004f47fee5e8766b59e	Photos/IMG_1822.JPG
b51d62adf52862af985164f70bb211b5f444597ced6d0a506551857f2fd0f012	Photos/IMG_1823.JPG
e6dec7c634da3bb67283e74d23c23e2bca8e570f44025d2b94a758f5f8df3b18	Photos/IMG_1824.JPG
d22356d1249db6b815e2d294bb8cf46dba1fa3138d1ef1133ab18951caadb5f4	Photos/IMG_1825.JPG
241c8ad8550d7215e6df6aacbf21d51e6e290ebc55a8bc6257b0f8cbeffd05e5	Photos/IMG_1826.JPG
0be34e874f27d10a1efa826f87804ef545c4664dd15e99757791aa3755d06a56	Photos/IMG_1827.JPG
60f06fbacc0975039df5ff94c78eef20b7478875fd4d8515a19c869335f59f7c	Photos/IMG_1828.JPG
33cd5d4d3e2cd264dcae0df833739f79201885808d537316e5b7a468d6b1c4c5	Photos/IMG_1829.JPG
e5281f9ba78d57d608766859d341c2eb9f5c5ce9a1000f4b8cbe6fd33e61ca6a	Photos/IMG_1830.JPG
b977e7f05f64cb4ca7f5f76773b0cfd29fed77bcbd7a3d09f3d254f935ff6264	Photos/IMG_1831.JPG
575424984f7f4d1634555749f3996b767ed5d606f0f1a9c9a3392e23e60aa1cc	Photos/IMG_1832.JPG
fecb1f7aa5fb45835fc3380b9a5901d59babf81d161a536ea98dd5c958d8165e	Photos/IMG_1833.JPG
8b73eaac630c7c55e5aebed559d8e9f8e567bfe710f5ee2fb831e86c1d7be1d1	Photos/IMG_1834.JPG
c2ac0a661775b32683d83012cc9f0a872cb526997e66b3fda6515c3a60511eb6	Photos/IMG_1835.JPG
0ea9f5a7692ec2c2a0df3b6918c8aa53887874eeddb1f4777fcfa1114844f32e	Photos/IMG_1836.JPG
562e084ce24b5fa724f43410657baf0ebcf670534cf5822433e7a1925141cf17	Photos/IMG_1837.JPG
8c7218db1452478e1d72ecfe9d30ab37c5a239951e7030b73e707f5d23c10113	Photos/IMG_1838.JPG
ca0fc7c49d5c5de8f846d6cd7144e25b357107ea1c5c567f4b0d3c1d8c7b4191	Photos/IMG_1839.JPG
d1fd899a792e2176f795cc7eb01637524a99e8218cf0b13e85c9bb81e9fb92ba	Photos/IMG_1840.JPG
2526ce7ce0a8a4b83193643ef89a29e6ddd9b028d0fdfe2b5852a1f3364cd6cd	Photos/IMG_1841.JPG
b270ac647368f6f5a873c99a5a44da584494aa06ad2d9e32897a14f86d2262f6	Photos/IMG_1842.JPG
0ed200861c7aeb1dd7d221fe067ae543f51bcf639f5073e7610e4db0fd919e38	Photos/IMG_1843.JPG
e9023f7c8f4c622a550557d68461bcc372d0a99cf83cf5543f117982058ce3de	Photos/IMG_1844.JPG
b979dea720ee7aee551f829bb8367bc6adacf77ddffe7bedfce44ff7ba55d7ef	Photos/IMG_1845.JPG
aa2558e5105a2d1bf89f0b47300adb7bac851f5ddc74e98142268e30ba92b2f1	Photos/IMG_1846.JPG
d1d51c634b1e12afb3d24b769f41ce566191f8dd51851667bcea3f31de160099	Photos/IMG_1847.JPG
28ae4683b5f0c6ee8a5f5630261c1e1d3a466e73b9af82c077cca14ef364cd17	Photos/IMG_1848.JPG
9ecab17edcf67f529e848e7622b5121943a2188452e96638512a6df6b95bdf71	Photos/IMG_1849.JPG
b6b64368a0bce72c9c3fac2e5e41b00ad8b7d10b3607cec712f65cd0ad34ae23	Photos/IMG_1850.JPG
6fc746e4cf768f2caa5bc01e4b23299226655531b311fce53b1adc5e2e78e91b	Photos/IMG_1851.JPG
82827aa98c4164fcfc5e196a49fcc4b5dac42b2ff54b77ede0612b3b684689be	Photos/IMG_1852.JPG
395294eef155050442b289e17d3d710ac9f69bd189947336fc848b8beb0e710e	Photos/IMG_1853.JPG
a47d305f2554cddf2fa2d9adbfa638093e43523a6f2b596203910c59ebfcb459	Photos/IMG_1854.JPG
ffe9525e7eae96651f824386d0e065f58adc9debcfb29da39f7fd04d2aa83942	Photos/IMG_1855.JPG
52191c696dd2c7480d5259ee333e2321c2b86208ee5f976abed84f7230533342	Photos/IMG_1856.JPG
1f04417bc7e6e9f87ccb2170e054fc68dcb2752b1d4659eb47460013e741a5a0	Photos/IMG_1857.JPG
dd44db4a29243d8103a29f1221004644afa933f8ec25c4358b19e9d28d61f45d	Photos/IMG_1858.JPG
5920ebb5ffcf5d5b78be49161a7d7eb7a575b85e7b1f32460ee10fbbe04f9fb2	Photos/IMG_1859.JPG
7403fd5fb8f68af3f8fe37d1345d0cc57403c177949b9a664492df233c7c3ca8	Photos/IMG_1860.JPG
f64b6817c0d804c666e9b0896d49ebe3a415100b24096c5fe270900d89b56e3f	Photos/IMG_1861.JPG
e4b51dcf2a1874caff774d0751bbf1f569d57350b74ee096957c6e12ad6119fd	Photos/IMG_1862.JPG
52662b5710963c6aedfa6403c92d3e73f06fae240cbf47b0ea0e4fb972851ad1	Photos/IMG_1863.JPG
50f492af4162a15aca2586bbc6f4cf4c973fc066cacf55f7ba511fddbd655ab6	Photos/IMG_1864.JPG
548280eda4982c63107115ba5269ac2c1bd14ee90556bed356150d837267e8ba	Photos/IMG_1865.JPG
dab365520784602a6952647bbe7613f0bafb78e769e06fa7de86062344e98063	Photos/IMG_1866.JPG
86ae9b572cd0392e7dfa9f5a20ab92eac143aa15bddfb0641a4829530c0422e8	Photos/IMG_1867.JPG
b6b1ceb3c2e66978f7625f1a55c32f1516dbb31c83eb25fa0867473cf2532a1f	Photos/IMG_1868.JPG
48cdbbb89aa8e278d817ccc3273ac1296f30d1dba65fa380e9dd8bd02b2e6e5e	Photos/IMG_1869.JPG
03816855fe5b05ef89f6c8da0ee44caa6e28b55d3de3feee82308904115c092e	Photos/IMG_1870.JPG
565ec005207b7ff97105fc4190590f1ad032fe3817c64e81ed50bbc82c1ea6d3	Photos/IMG_1871.JPG
99bf69c6c6d3f564d69cd2b1e92c45b661f234b69dd4f492223d05a7cf00c140	Photos/IMG_1872.JPG
8a269316e3bec1f0281491bb3006f69e8b1b745416f05cdd9d0334f9e97246bb	Photos/IMG_1873.JPG
f9b44cf7e93b7ca65d0948e4b775fa7fb98900b0af3745ded9402096a22be62b	Photos/IMG_1874.JPG
2cdddd05df152b8220f52427156fc2cfd0122a97deb0118d0802b043117b1a63	Photos/IMG_1875.JPG
aa06f57eca3f2d946c4281c11fdb030913b13cc05a30020990ac349aaaafb0a3	Photos/IMG_1876.JPG
fc323bb0998af7890e5721d8a40a4381f81f3a51ce30d05d407c6e69ab34a72c	Photos/IMG_1877.JPG
d584e7f8ec02004526fdfe663a2a051422400f9284d01b625f105587a3065d4e	Photos/IMG_1878.JPG
36955a3ff0ce4d0e1db8f8b7a8e118a172146b47d9edc49a50ccdf1baa941e9e	Photos/IMG_1879.JPG
cdf92f792a37fcda780206e1dcbc51fbafd9baf202491bf9e04604866bb7fd0d	Photos/IMG_1880.JPG
46f9ecc9e125428148e194ec0480e7edcbe39a5a043773989b7a514cdb623672	Photos/IMG_1881.JPG
d73841c405f93246f7f277b32a815b0f215ca1f8847145293aed33a9a1dea0c4	Photos/IMG_1882.JPG
81840ec9a830fb6b939d5de81c69b716122c91c0ff10cf6a53d76defa0f2c416	Photos/IMG_1883.JPG
d47a2e5b2502493233ca05aac8125b646481397cab8530b71e3d55ce7f37c957	Photos/IMG_1884.JPG
21ba37198f6d7213ff9481ca6d56619359d44deac1ec142f5fd4f254e1c2d67c	Photos/IMG_1885.JPG
a08656c90656bd1a1ba9d08647284edbfc2149d25c0607a7fdd2477b51254294	Photos/IMG_1886.JPG
80bec25d22cc5153dca2d38fc10dbc63a428bb7a7a094ed71bf8a6ecc699ea8c	Photos/IMG_1887.JPG
18d092dfb444f7c4f53dbec86a2018a23cb76b5798cfc59bf1a899d744237687	Photos/IMG_1888.JPG
febf8e2fbe6ec80996f4e32673067a29f3b5f62a980ce2706a3e92cac1a69b46	Photos/IMG_1889.JPG
06c188bec32cabf68dbff937853c1214a3645d4a02f959c11fc45f738ab9800f	Photos/IMG_1890.JPG
c053d25a0c4e7ba30797435e818200a586cfe65f158b68e12a29ba0270648991	Photos/IMG_1891.JPG
564980e726b4ce882fc34a8a79f72b3f2e31d0662bdc8dfb517dfa076100a8d5	Photos/IMG_1892.JPG
fbe6e9fe07323a3e5ca30c04bb076cd8838e21773a4ca95f3d0ed7692fc30e14	Photos/IMG_1893.JPG
b366da4817bcae8f5defd81e7743b5b72e445bd3d07b0f2faffd30bc630fbf00	Photos/IMG_1894.JPG
9176df954354483d2d939810d2e28bd0fca97d2f93fdb9485c749ed6fa9b1e29	Photos/IMG_1895.JPG
2cf1b8f14976383c04215788cf3f99e26d2623ee0eedea850e61c3ff5e0663a7	Photos/IMG_1896.JPG
301003efbc89490962eb7ca75e6407fab5b497a9b2a24da0d6bd13553cdb8ed5	Photos/IMG_1897.JPG
d279c7c8a22f52175d711d0c6629dde4231bc0238eff9ba6a5f7b37ded5d4bf0	Photos/IMG_1898.JPG
4d17a7419ad07d8c3fea8cc5bf1a4d83f02e961488184caca9d7583e2abc06eb	Photos/IMG_1899.JPG
53eb733e3bb1e416ccc0d019769076157c5ee9253f311368bcc9b01da8815913	Photos/IMG_1900.JPG
1217859f4e65613cc93a9d922a74b8c0c851b9e08a01798ba0ad95a12bcf327c	Photos/IMG_1901.JPG
9f9a12aa4f9438cf6ac7638b672975a957340493b5df880c0d9a8fe2b11ba218	Photos/IMG_1902.JPG
596d4c6f264b668cc7dee41fea7f2085ba3d22e38a161365fa63c4ccd2e46011	Photos/IMG_1903.JPG
6dbad4a4b7fb35f681ade78d253980b31f99b52d3b08d618824b567d1e16c996	Photos/IMG_1904.JPG
80b6ddbfbdcb28e6a3dd09fed2457b3899278446f47796c259f491d596b94a9c	Photos/IMG_1905.JPG
8ce8f4833b8675e04d4ab8d55b9fe350e5814b917f6f02423775a85920cf7415	Photos/IMG_1906.JPG
e524c713c33207b2cacb369aed9c2c608ad14437e41fcb8c5351b4eed3838eca	Photos/IMG_1907.JPG
7723ba6de8da208c5fde55f11d335f742a7d0728f7011099290f112800c98a10	Photos/IMG_1908.JPG
4143698f57b92ad48bd2bdb444eebbfd2ec013f69d3f6c8ca63e7d71aa8d1041	Photos/IMG_1909.JPG
a769b858e078f0798ed70d5b32e4116b6a9172fb9e2463bf08afcb1f402230a1	Photos/IMG_1910.JPG
8789212eccdde5a68e8c5c80aba89da87189b19935c6d2fc4d32e3ae8f779d23	Photos/IMG_1911.JPG
8090535623c891da937b9e6d4ac0398fe74b0e145ef589a2f429d08d819a9ff5	Photos/IMG_1912.JPG
d63fd1eecb3a1b246d1e66075d7fe8fbf73095a77fe9f598e2c9ff8662ea5f56	Photos/IMG_1913.JPG
c7e2a25315bc67c22454f832c8c4ac75e34fda45a43c2856ab3db7c379a04e0c	Photos/IMG_1914.JPG
0308ea843229d45df9e31d89614c0f0f1db33f1b4761d1135947888accde7e6d	Photos/IMG_1915.JPG
e4d0f77442ba11401c5ec75491599fd6fa9049f6a67462784df79536695b5175	Photos/IMG_1916.JPG
f2594f3f035ae86d8e57817fa5cafab7ada72686cae65943cddd41b2012f2a6f	Photos/IMG_1917.JPG
4b32981903f23dcf17dae285d5746315c63544e42a1b3a62d079a1fdf39f78ed	Photos/IMG_1918.JPG
0957b7a8fd31a3fb06ab6ee8a41d670a51d4ba2abc60893e0956f6796163a4b9	Photos/IMG_1919.JPG
0e220aa88939d6fe4c70acc35384f88d15268ca0ea0beb5da32fcb8756eb2528	Photos/IMG_1920.JPG
cb49a5de8826ae4e18574abeba0a06307652e8da3e7a8c3a564068853a13dbc4	Photos/IMG_1921.JPG
5999e0540ede5f5402b1a65ed4d4ea01a262f136fa3def5cc3f6a57f205a85f1	Photos/IMG_1922.JPG
19018e28a75042175ce60ccb49144283fb35a7d6b6281d2d8e6ac3fbe1620c64	Photos/IMG_1923.JPG
51eb9b23d0221408cc022ed3e3c7c9cc6923f5b43ba4846fb12f57792300145d	Photos/IMG_1924.JPG
cc06cf1e16926abdd7ca3decd4e88e0657a62e793d6261fb548d2e33130a37fc	Photos/IMG_1925.JPG
76f9276b803142aae2e0bc003e3c80901d76078311b54f206f9a5e8ada79ec97	Photos/IMG_1926.JPG
ee1f11df95f835895330e399fa51687b309f4791789c4bde9b5d1de9651b8e45	Photos/IMG_1927.JPG
ec2a7271bf54e9273560b2899f7dda2e7caedf17e1e342e86bf57beb9f91c192	Photos/IMG_1928.JPG
78203630ab8d8ead28f18ba920809c58a6c0495a478f7233a87492b89197ec16	Photos/IMG_1929.JPG
70229f0f0c066a9ad5fa285d678a1b06c0c737bee67e51f2952109fced10ff2e	Photos/IMG_1930.JPG
146a78601c03ba029d6182dab83181a110fb6f0016b6720d8f486dc0ed142d1d	Photos/IMG_1931.JPG
165dcbc7bff7a8ef9ad37fbba02cd580da783c2848bc6775469dc7ed95804d34	Photos/IMG_1932.JPG
8f488e3054538b20b7a3c8b74ccc5cc2145ad9dafd64de56f43723d4cb7c36ca	Photos/IMG_1933.JPG
33062edbb51e8a78f81162fa78efb49539d0fbb46c71459dbd198610e2e65540	Photos/IMG_1934.JPG
9e9f7a8174717e6f8ed6f57978db1505af49b0ac130b3408843cd02838843370	Photos/IMG_1935.JPG
8266c31c7cf7353991b03d8fb5990ea6416ac8e7e3b18b0da5d5e4bd50846619	Photos/IMG_1936.JPG
8dce5a3d053b4f77693e79673787113de4bf23f6e7ba3310d9f113b8bdb6df63	Photos/IMG_1937.JPG
e306e57b9277455b100809ac074f70614af81c40905c6bc138c45f9108ef47b3	Photos/IMG_1938.JPG
76f980696667bf797b8f132f3ab992dc68ff14c6fd9654638c580429e40d9a3c	Photos/IMG_1939.JPG
491db739e18a67d5257f196c3e1d4029dbe6094e5513ab1d0017e11bbf8b6310	Photos/IMG_1940.JPG
67f2ceb552223766b71e0e4c137c131bcce6d17251500ce71cd2095c33ac019a	Photos/IMG_1941.JPG
d9e742b7c9e21b5bb141da3f76ff25b3f711a26083d1d2911b38165ab507ec6d	Photos/IMG_1942.JPG
777395910d6d8c86b22295990cd5c504ea7f766cfbce0c53421d7c096c00c243	Photos/IMG_1943.JPG
d7acac0003358f05ae3e903cf250db8658f478f3d7691d27791baf16c01182b4	Photos/IMG_1944.JPG
7870342b64e955e4215078eab66d449869eb3274f4d5c92058abde93a7c4a65a	Photos/IMG_1945.JPG
b7089284868cb51ca1f230cd792def328a98e033fccc748bd5a37aa0cd32ab4e	Photos/IMG_1946.JPG
2df1396023938bc3773653a177f70da3e4c621c99cb0b29ab8242ff5f6a957c2	Photos/IMG_1947.JPG
7b5e89307c00cca65146bc65f3b7b637c17d8b934b3fa21b0b70a4b891d550fc	Photos/IMG_1948.JPG
e7bdffda1f462364e64abd18592ba5464c7b6ef613a1973e7c6ed6494b20aad3	Photos/IMG_1949.JPG
514827573ff6c76d13468797393c2860d67bb73ae0fe1614b9e642e022ffdb00	Photos/IMG_1950.JPG
9a804d54373f52fafc143a3ae8ac2b68cbfb05006eafb4cb7f0d657b2e7d1a52	Photos/IMG_1951.JPG
15598a6c4514112b41ccf0eae6cd6da3ead4677d7a3490d0b112aea582fef83f	Photos/IMG_1952.JPG
6fae6d488878b263303f4623b48d3446d2d5accd320c3dabfcc986762c6a9ae2	Photos/IMG_1953.JPG
4a303b57754fe90068c781092730864cd8f7b52ad332b65526711c741b07bea2	Photos/IMG_1954.JPG
85a65d4eefae5bb89c275e2348215df44e979bacdda65828370f1fd828141bd1	Photos/IMG_1955.JPG
d8624b0b66dea5c0765670862dfe5250379e9be84b7e7486a504cc3f47eeb81c	Photos/IMG_1956.JPG
e303a0f3ef3bd8c89335a346fc566a9414367a70f68d6116db1a274bca817c0a	Photos/IMG_1957.JPG
06740fa461541173e15e9ea50a99c2b03fbe5747ff3a444fa92abd2082dc79a3	Photos/IMG_1958.JPG
0a7a88c8cee6d2eceeb367a0c5123efe118aaacc570c70ca2323d581f2f96f3b	Photos/IMG_1959.JPG
e5c0e38240625953279a5f871ca1f12100f5e078d05dfbe939996f68adaa3e9e	Photos/IMG_1960.JPG
75bb56f899c0b97be1864c9fefcb1f7b4ee64403e6a893d6c21f83c9c1692007	Photos/IMG_1961.JPG
2f6f74cb2fe02175eb679c8121f3e0fde8dbf77ee8b6512f531d37218261dedf	Photos/IMG_1962.JPG
a67450a684cefff2988324ac089761c40b8030333ba26dead8e2efe8944864d3	Photos/IMG_1963.JPG
7354ea58d55aa8098c746bbe6f5cefb352c66f6f065c279b1c0b1ce3a376552e	Photos/IMG_1964.JPG
f5ff08c350a30c3f1def7db743b307fb8a831582d3858139e7aadf400f7860a5	Photos/IMG_1965.JPG
3f0f87ce807e97805f8b3145d0669405177c22abadccac77ac2280a968e568ed	Photos/IMG_1966.JPG
ebff7b1a4773d681c1aad78b50d5eabccd33db4e4a5cff98d8bcc85ced10211e	Photos/IMG_1967.JPG
a631d6c044a94fc45e46a7d613f0348b2692b0cce33bb465f1b7c5a2f7eac878	Photos/IMG_1968.JPG
77c76a148066d01ca4ff79efce8e5498108bd11b91d8d85590a339dd14273de3	Photos/IMG_1969.JPG
1d681ef79ac6497aec11a9039d3f5a297d0dd47b95ebc287809512592b16b09c	Photos/IMG_1970.JPG
bd7344ec2eeda5754b4f263e80dae24416e592070523937f24f2271ab7f8f854	Photos/IMG_1971.JPG
af460428941dc05f8624ad57a406dd19379a0e51f1a95203b2cbce1476aca46f	Photos/IMG_1972.JPG
cef8c5825e218e3084b32daa6a1d3c4c06b69718baf475877a986e5fad8cab67	Photos/IMG_1973.JPG
a126934527392bbfb69b2c99e834ee2a1fffa98e465f4a1e302a21575e114ea1	Photos/IMG_1974.JPG
20c85ddd48453633807447ff39da281a3a7d67ae72ebae58a4f5b5c93a19032f	Photos/IMG_1975.JPG
8343063dc0b48da2622eef8ba89eb71f77050ec2a6b8045d6b4bf8cd71d8c7c9	Photos/IMG_1976.JPG
c16dcf6dc988f5b839ac3b33eda9d73d77c9e263adcc3bf42e5fad673e149707	Photos/IMG_1977.JPG
51d36ef1aee3ae8514482374262dc0c90040a344319db456b05e779484751c8c	Photos/IMG_1978.JPG
b6c42cb229595b2cf172320cb45ba4755201d9e2135cd34ea4e3212b07131a9f	Photos/IMG_1979.JPG
debb8c586d942c0f2ad2cbc2a21cbe496ca97f81fc70228e757c840f67bc749d	Photos/IMG_1980.JPG
2aae89bcda66a4fc259f55ac69099c77c03c5aba6abacbd3af0d383e343b1162	Photos/IMG_1981.JPG
e0c87926207939523ac6fc8ca297914f5154095d79ec8813d26b524cee5151c9	Photos/IMG_1982.JPG
a4cf68a8d770e451b0fcdcf7d672be48b612ff046fb132358dfe090e74c6a658	Photos/IMG_1983.JPG
1b31050b0439dd229614228c1ca63734426641474280cf1725adedde185b93c7	Photos/IMG_1984.JPG
d755b0257b687ec5bd19d36fee433b16dcdc48b7adad838d47ffbb00d7e83f5c	Photos/IMG_1985.JPG
703449a177e779fd6fc6d8fc00aadb36e5d2fb0fe763286fd6984e40ab699051	Photos/IMG_1986.JPG
a6bdd91f9751460df531f57fde277f7fe29e50ca1f783a213f65f890cc6355c1	Photos/IMG_1987.JPG
6aa6f3fc12522b6f6c7b3dc0a4a25abac90df89886e87cb5a244d56ffb4af757	Photos/IMG_1988.JPG
49da69f01526a98e1a9ffa8789409fae05a0c2342a7cfc68e87507a06e328295	Photos/IMG_1989.JPG
8360b82f20d2e7d349cbdab1200ae661336092ecc4989855fa330144692deb31	Photos/IMG_1990.JPG
bf5e5079c50fb44b542a427a66c72896ec29af752dd6b018803184fe5fff7ffa	Photos/IMG_1991.JPG
ecba53232317c776a81408d7d22e38d0bfa75be25a980a9e2f6eff71841b662f	Photos/IMG_1992.JPG
27582034d9abc4b7be985c1a82fbf6a8fc2e172244637bb040864e6de557ce5f	Photos/IMG_1993.JPG
b7d1ba5c663548efeff57adb37990ff155f80cb5780d4bfc3ebe4a1beae1e4ba	Photos/IMG_1994.JPG
b8689ece1e4039ba41e0ef3b0c1ee82678d7c2f07d066b33213984da89710cad	Photos/IMG_1995.JPG
e0788bf3ed6fbd13067053608cefd35f3d56edb40afa071f10ce57425a2e566c	Photos/IMG_1996.JPG
43a4f38afa41ff54f6514b084012ba8fadf134285d14bcbb191a5d2eaf82614c	Photos/IMG_1997.JPG
eabb867f8e7de1e71ae1c135bdf011c020ba2d52ace7787ab84433b754ff134e	Photos/IMG_1998.JPG
0c4f8c7ba361df22afa2992d01e1342dcccbc3134f24f7f667ef99af18e49bc6	Photos/IMG_1999.JPG
7c0e16d01ea88676894a463cb36e0e1c406ffd8fd8d5befa74c4b85bac7b1f32	Photos/IMG_2000.JPG
2c76874b756535f55f2f3c0a3bedbca8e553cd4acb196916d94a93cd7f817215	Photos/IMG_2001.JPG
61f3a55fae59227d30c0417d26fb64d7681b7fdb8de7f8a89b5714e8961df8c5	Photos/IMG_2002.JPG
e90bf6050786d265fb967196c03b43f34cb30256f1acab4f44add8b63fbf82a5	Photos/IMG_2003.JPG
17fc3e19df85e67b941839b65c3cd4c960a43add6c18656c600d34ed35470024	Photos/IMG_2004.JPG
3ceb5da9cd7506622fe053457812cbcf2c1ef9b9167f7914e01128e961c02839	Photos/IMG_2005.JPG
937cd3132522c8ef85dfd670cbbff5632dc7f87c03811c9fc0042a8cb6a7be91	Photos/IMG_2006.JPG
d8b024a17cfcb397a96287f5f4bfe7bb8fc5d7eb8764a31563b81b92366c9ce3	Photos/IMG_2007.JPG
e22859a81c7ce1e7a996be9a58c253458755c4671b69b6aec7ebc70cac9e74e8	Photos/IMG_2008.JPG
aca45205be217d200336a97023547f59f211c77b5038263d2fa0b8011c5f5dc3	Photos/IMG_2009.JPG
6da487a9eabcce6bedb62ed4e395507ed6c07d7a34ce99bf05245c08f0f45802	Photos/IMG_2010.JPG
9e4002f8802fa8b58e9d3fa49e5daf80a0cb9267818207834ee6aa1f8b6d09f8	Photos/IMG_2011.JPG
335f9d8b98baf134b2925f9484d35bf1f67ccaa246c68a457e8f9fc76900c67c	Photos/IMG_2012.JPG
8c956c95803c7386082f1ef00fa59b9fc6261a2d9f1063545ceb9efd76f7b9ec	Photos/IMG_2013.JPG
14b6986f2eb14c36655aa51215626e6c2bd32f0405bc3349f12ba537a39b5ac6	Photos/IMG_2014.JPG
3e956a30bf31617aa641db92837ec025a4f8777d12029be911f583ec4eae8598	Photos/IMG_2015.JPG
54fd48c89cb2efadb213fb2f0facc21885056ef6352d19338e564657837570e4	Photos/IMG_2016.JPG
7b8285abe4685cc7f99f0ebd7228327b56e9843ba7c663956040e495d80b23a7	Photos/IMG_2017.JPG
0f85bb30c14f60cce8bd44284ff35d9d5a00080c662c810e33b5c73b0d636fb1	Photos/IMG_2018.JPG
2c173ff4ad1d2099a3e9b30c7ff70c94f4f99e58999a2235772cf4661b40e51b	Photos/IMG_2019.JPG
640641402aaba556394ccbd8ae7f18e8d405b092bde5c1adb09dfed762ee8b41	Photos/IMG_2020.JPG
af4c4ba864aad4c2030f91bf52185eafc6d93eb5e6964feac37d17de3669ec35	Photos/IMG_2021.JPG
91fd22046661a54e0fb7d3878ace5916ad630ca992bb05e7732b14e9b1583091	Photos/IMG_2022.JPG
c698b147eafc1c5b2e125705860dab42f94c8cdf28c5b02921ee626f2bde5fd2	Photos/IMG_2023.JPG
9cee9cd94b5aa7626773b3dfab3ef3bc7b9a1ee431d0d96b040f7327448e7ae6	Photos/IMG_2024.JPG
413cc63af0278e9a2d71c82306f7470d9c91c91acf28d7ac7f22e6a6fa8f6648	Photos/IMG_2025.JPG
50608210dcc5d84ea11804b654e62224716fb238247742b2cab66d7b56dd5668	Photos/IMG_2026.JPG
4998721d8abecf548b7063c3ed455d91556c03ea4dcfcda8943bcf562c9b97c1	Photos/IMG_2027.JPG
086eb2926bda321119130fe87d1ff82f5fec20df5293f32891027edc9ec99e4b	Photos/IMG_2028.JPG
7e986b5fbd969db7c33991a68611f3a82ff80113a9fbd415dd9464af409a29e8	Photos/IMG_2029.JPG
61ec39cc8a3cf0ba3f1db31492c1ba5a76c7c0ee6c7934c03c717c7c31829be3	Photos/IMG_2030.JPG
01c87e82088633917dc694a25352cc6d6e4431bb468d9e7f93dd005c7829544b	Photos/IMG_2031.JPG
967e74a14bf49a6c35d015811a0c672f8d81d466cdd5f8480c710c9efb5d0a2f	Photos/IMG_2032.JPG
c36fb0039769e4a0110aa615cf463369d5d2577065fa8daea3335afb0e2c6ec3	Photos/IMG_2033.JPG
eea14eee73a53a7048d7d5becdff4b19a1c3c66bd0e6386cdfb38a85fa2f021f	Photos/IMG_2034.JPG
d46b2122bccbcf5afbe6fdf800df41ee803cad4a866be8e6ccc330bbd977e19c	Photos/IMG_2035.JPG
dbeb951d917aadc7abccc37f71de12572a75e456affc3a3d364533a869972488	Photos/IMG_2036.JPG
f7977ca2ff6d12f1369c047fa1bd236f5cd41f1cf81e2c5490d6245ae26bde5a	Photos/IMG_2037.JPG
5e7a5a4ab4fa2b3f9ee6fada6e2dbeb84680c0201b2dca55145fec65c3bf3688	Photos/IMG_2038.JPG
0f0b8f8bfd7ede2e81d8272daa0d7aa57c836dc87fd374e3d8c76ac455460cd3	Photos/IMG_2039.JPG
5ff3bf9ca3db04de0c3315fbd83f450653e7e5cc4d2a5d7724a726a735513baf	Photos/IMG_2040.JPG
1ec9f518d79a8254e7d49b3d3624ce193f897e39afac5dc6f6eb5db7ec597eaa	Photos/IMG_2041.JPG
4d7be8ea97e674431b5977bad1cbb8b1d5311d8dfef02343a172b4c95744b13f	Photos/IMG_2042.JPG
ea7e5a7514d0e41c0e18245b7c82e0623936634dcda29908aa43959292bd31fe	Photos/IMG_2043.JPG
36d636541e5e065acbcbfa9b8479aa74c97ee16bb35e132c5dd83c8bf2ec7771	Photos/IMG_2044.JPG
98e8085adf2a64477df9ce3a6aa57077671c20f3b7c89bc1e021aa6a3df9788b	Photos/IMG_2045.JPG
3668824e55e9e6ecccf604888718b008846f476d8535c657cdc3bc20cf3cbf7e	Photos/IMG_2046.JPG
512040d8b2e4f2241a8b7a73c93bda35f750bc9bb0b3e6c024f634641f63655f	Photos/IMG_2047.JPG
81beb1cdb49a9e3ee0137a797b387fed92d3bb27d02638f71d325402e3887091	Photos/IMG_2048.JPG
c87be3c437e4221dc9554ba29dc1a9ce2bfa7f1a50a81a673efe799a8b7d09c9	Photos/IMG_2049.JPG
47d6161b7c0ddd5f005b5e036314c0065662ab59d20290bc7a5cc74d640724de	Photos/IMG_2050.JPG
5f11991a3aba598d75d536a64c0cc44741195773ee770fd31bc4bbffd41cc24d	Photos/IMG_2051.JPG
d4cf1cf5219aa4f4e6cdac730fd7261adc3a3a1b8897eb5e86b54f09845258e9	Photos/IMG_2052.JPG
833f73423a73008cb45f916008c81665f392eab88b3860ff5b620ca3b532e0fc	Photos/IMG_2053.JPG
7b066da72ee83ec4ff51eab208cd2fc67115d9896f4fd06159ecdbf06f881518	Photos/IMG_2054.JPG
10879b2acfa73e326ec68ecd954c7491ab6e2d1cc35f6a21a577f52fd1732470	Photos/IMG_2055.JPG
3a053109992a034306a7c033e0e3acbdbffdc9483cee7e03cc0a2df3067f3da0	Photos/IMG_2056.JPG
5e4bd0fa8e84deca42d43d73051cf129818967a99b0064e36cc3003189566397	Photos/IMG_2057.JPG
213e535bcfc6ea45bdb8e751f33d810839e67036847f5e03c4a3bd97e6d64acc	Photos/IMG_2058.JPG
bc85dc64ee6ca77bf995371eee64d01ef32190a7c423ee837b133b8149b5ca3e	Photos/IMG_2059.JPG
587148c302f9f8b30cb75f3ab97953bc78820768d87ec5a5c1c622d47b2668d3	Photos/IMG_2060.JPG
612ad098ce5b4c0f4129b1c66b7e30afa4708e8957db4dabebee678b59fafe1f	Photos/IMG_2061.JPG
1ddb23bfe0909ae19f4a53e037fa0713a6a5ad463b1bf7b492ec903b8a2d7014	Photos/IMG_2062.JPG
805aba4f866f02b294e63c326507b388b0beb15f459a77d75f865e30579fdf7b	Photos/IMG_2063.JPG
0bf82b44ecb60d4b05561ce6c38628a8c9b556dbf31af92c9fd1e49253832dc7	Photos/IMG_2064.JPG
c3165e14b0cb1f685a6fce22f6ebf65b0969ab2c83359dd51fe73ba464efd44e	Photos/IMG_2065.JPG
6cdc87979752372fd659629ec175bc6b0589bc800ee829ba98c76601b606bb05	Photos/IMG_2066.JPG
906b9ea4fcd82fd9af1923488dc7f30b803833d1b177818a5a6fd91b6774acbe	Photos/IMG_2067.JPG
656d8990152932e71e3f26f9c521a2e419c383f3e0e7311b08eb1a9c60f712ea	Photos/IMG_2068.JPG
c5c4ecaea97f610b2398a20ca1c71572f2ff921ed6adb0f1ae283dfbea56ab2e	Photos/IMG_2069.JPG
e61643305f42b4edf5078c81a94c51d7f47ec2001ea5f7a7e20a3d5ec775e35e	Photos/IMG_2070.JPG
3e8a419810c57855053051e3e856b899424f8cbe87220c91b740fbf6d984e35a	Photos/IMG_2071.JPG
9cdf1036140485d754b2c41d51d57ae90dd9d6da204eada6594c56f7e8f31873	Photos/IMG_2072.JPG
1487779bc7bb1e7237b4101f562b4685a9954650b5019ffa513283969e84999e	Photos/IMG_2073.JPG
e77f969b55d0c2351f79a83d1f90a124bf42c065c2fbff91bd831b9fb9404fcb	Photos/IMG_2074.JPG
f5af6fc70790c542abc4981ff2d300637d50bfcde3abf35a241067e0ce62f13e	Photos/IMG_2075.JPG
2e97bf98f97c1b068eeb87e7c77aaf9dab8054ffe39d39115fd655cba1217b7e	Photos/IMG_2076.JPG
5fe047374a82979101a51b48cd11c4bf37a0ad10f44ff9d90a1bc9787fd383b0	Photos/IMG_2077.JPG
6412e106d2b8e4302c2332285c8d3f0b90b2877c494e1f2d320730f684268d81	Photos/IMG_2078.JPG
19dc916574019542ac666637d2acf96e089bcbca2fbb4a667fb8a9138f4b1c58	Photos/IMG_2079.JPG
c8ce1b660e543efe9049412cd6634b30110ca1b7681fdcf59168a325b0736314	Photos/IMG_2080.JPG
def7af92aa8c1a907f63d0ac7b0a8142597407495ce4818a5f5e9ee8d4ad6c2a	Photos/IMG_2081.JPG
ff5ae162166ee2909d8fed7353c9b197594504b1d05ea0231e93d50245bb27f1	Photos/IMG_2082.JPG
8f255043a15da69484e31169aca66e8e7c6b67046975a872309e34c585eac3c0	Photos/IMG_2083.JPG
309f0482af47b448120065de050b89341a52ff247852768f65d13ca730782917	Photos/IMG_2084.JPG
6d771e97ec219a6b073b3646d79ab68a4d9e8caa2405e4d10f7217c6b3f406b1	Photos/IMG_2085.JPG
9800801d00a055dd779476512a3fb18220d452695a299c4413ae61c464a7c5c6	Photos/IMG_2086.JPG
6ee7bb0598b4f4824e34784ad2e6592ba2de918b4f142e800994af272be4ba9b	Photos/IMG_2087.JPG
f8db4ff179646cd2452a673a17e7a197e3531953745d259fb78cb0c4ad42d3e5	Photos/IMG_2088.JPG
8e21f4beb448ba0c8b8b7ac1c8fc951f3c70e00f433a86e71ae4b7fbe82fb30d	Photos/IMG_2089.JPG
0ce2e44db4236ec75eee8b8ae9257ce4a4c106d318117d68e44e69665f064f27	Photos/IMG_2090.JPG
17ce540e6bb89a5a9231e4e5c9f2a94447e33378adf0ee7d58e68d3533e24875	Photos/IMG_2091.JPG
03360f4c264bf3e2c6583bd4ab7bff333c3dafa000ebf5aa9c08bc83038d0a39	Photos/IMG_2092.JPG
e4f647ac75f45ab87e0e53806227017aac25f50d54c2db40997f0bff6e08b9c6	Photos/IMG_2093.JPG
a59b7bc1a2ef989ca5e1f1b7afe2ad8cc17a6ca4467e6bd42265cdaf445ac9e7	Photos/IMG_2094.JPG
76faaafaac89bff8046c1b5ff424703e8a6a7a4c11247ca68063dd69c2c74722	Photos/IMG_2095.JPG
72a7d59b60b95a369c3fbab92a262d02fac5b24cd77f647c19bdd87951c68ca1	Photos/IMG_2096.JPG
33d92eb68d3718988537ae177847e3e9e63a250b6efb84c8c8265e184ff55b37	Photos/IMG_2097.JPG
f2279a6b3f42dcf158c5f2d9a8a1fba210dea79a4fc8608f93a7fac9eae48feb	Photos/IMG_2098.JPG
dc56532e001d0314882b83f4836f813dadbe724f3b215f38981bee4b5b0bdf03	Photos/IMG_2099.JPG
b1421ab852b204182af9cd89b8e5f133f57bde669360973360742cc21c2daccf	Photos/IMG_2100.JPG
f4f25fb2d43fd03359598534b21e06d4961ffe492b520a30ffc46b875bed89e0	Photos/IMG_2101.JPG
4390e99ac6c7b2cfadd570ab02e43364bfd463a03962bd6c89a1ecbf5cb36c63	Photos/IMG_2102.JPG
c9ec71e09395802a89964ebfa0225f87c388f8d015b59ae7c2ba80728f0b045b	Photos/IMG_2103.JPG
c5e54288932bc422fcb82199b0c8a7052464a4b436aab29e41a8e8e33db49d84	Photos/IMG_2104.JPG
dbf8cd84fc602a760f53845fb0792c22f40f771d5b44ffe5aa2579c3bae571c3	Photos/IMG_2105.JPG
e33d1f68acced3c0fc12c886696c582d0cf79faa7d7880c99cde230e26bfefd6	Photos/IMG_2106.JPG
ccf3ac39e3c51e6bf5112996e65e4fff2a08fe16b35419f214b5d4c5e850d8e3	Photos/IMG_2107.JPG
798aca11be6f924655b6fda27cb12a379c2a8ab1f9e926dbc21c036c49af42b6	Photos/IMG_2108.JPG
6aff15575242a190980b4a6a7d5f8180c3fbd63da77b7de646e81258b323966f	Photos/IMG_2109.JPG
1c974c63623335f7365ec888b98dad09b84c1c7a7ab697c127cd288f23e6a4bb	Photos/IMG_2110.JPG
43ad2efa636feadabb35c1791c63597ee5ea0cca74fdc3f969a77839d8c21afb	Photos/IMG_2111.JPG
7beaddd00dfaf3e4bdb8f16cdf9ad2c642f21e0acee845336541b2667fea0b84	Photos/IMG_2112.JPG
f7d64417ad07087ea22b89b5414ee7a61e9409a4be8aff7b2c753f78386c8374	Photos/IMG_2113.JPG
77ca47ad7ed015a8916dcf423fd0cd1d758de08f89beadc0297e441a12832843	Photos/IMG_2114.JPG
a0a83f7ee15d753974d7e8f98ef4d83750b8992738e51292658975edc7344aa9	Photos/IMG_2115.JPG
9fef0c28b030d91ecaa220e20994207e7613144069dd4b99ffb3bc2fa469bcc8	Photos/IMG_2116.JPG
78915bb04b64040f2c2e1bf30af54175877ce1229b42080dced2e958d822ab3a	Photos/IMG_2117.JPG
910ff46d30140070e95698609b10c8e5470f06afe7deb15eec8f5c998a34683e	Photos/IMG_2118.JPG
7f8b7bc47c93c565cfff6e129065455bd96f65e3a5ae870b988fdbea3e9759c9	Photos/IMG_2119.JPG
f29dd99f73bde40815fa4527f9c084c6045bf88ee3fe68a7b4640752178f8787	Photos/IMG_2120.JPG
c9e0fed49cb155f1b9e9292a1bd4176eb5893380eff46330e94e88933508f58c	Photos/IMG_2121.JPG
79e0a2c07cd00aaa02b5b816dc04278ff282dde051ad190f019240073f0e82dd	Photos/IMG_2122.JPG
c001ce8bc0a3ba851ae7a83e026902a95d8e70a4b645fb981430675bf7a43c33	Photos/IMG_2123.JPG
e07e0c8b03b8c71557c6800fa7c850b4ae43ddbfe66c54c06f6fadc6f70efe77	Photos/IMG_2124.JPG
05664a58d2d6cbc5cbb165325eb236ed46cacaed3c212d3f069f70d4dedd8b47	Photos/IMG_2125.JPG
05be807eabcfce4c292499e3f0f8e77af52415d31025e89b6d848e84aa271b3d	Photos/IMG_2126.JPG
6e94e399bc3e60380f541c03bd098d55b5629b2609e38eb8cecd8b9e7e51937e	Photos/IMG_2127.JPG
b551a9decbd76c64ec94ed54208f752de8c621b81499d5a8f863c54849f48695	Photos/IMG_2128.JPG
f2f3a8f4d17e762ff8e67b75762a72fb784ad10402e64643215c35d1ed6ddd82	Photos/IMG_2129.JPG
bd996ba26c4f788dc7496ce3fef0f564b71db116133d0101fb7d6061d16f4bd5	Photos/IMG_2130.JPG
59e35e54c9f58c424b8d528ff3c2b3564ac5737fd05915eef05af945986c398b	Photos/IMG_2131.JPG
30dd0abe879782839d8aea2408e812323df7d451b09f962dc7e3e65175ee7826	Photos/IMG_2132.JPG
02a91c0fe0b45580cc36b41db32bc415a38a6ec9692e7c549bca566ac4028f74	Photos/IMG_2133.JPG
943a6f62e85da7ccfe3489fa8dcf51a3ce4c9ef051bfe0d375312bda644d340b	Photos/IMG_2134.JPG
445ed10ce3a40286745a7c78eac7d7f0aaaef8f99d9dc4ba6d4fc37322a3780b	Photos/IMG_2135.JPG
3a39b2abb3e6a854bb2e4aba8d178fe87e18490ce9b04f8404964cfaea930c9b	Photos/IMG_2136.JPG
e537a606630b86f336e031675f308faaaba1d7466120385b064f7fb11591198c	Photos/IMG_2137.JPG
63542f014d7dc03866bd73a5cfbb7daef4c8c338ba70c216abcbd9f0c6c7efd6	Photos/IMG_2138.JPG
ca8d825fa0d4afba96eefecc7eac7f64873c6e75b6b701fdc1ecdf5b698c45c3	Photos/IMG_2139.JPG
db9973355f9d2f4141ceffbfbd9000d148fa7badbc0098efa8b01082d83b4c74	Photos/IMG_2140.JPG
fa00ac1e7fac1f3de0b64a90cb6fd8aee905b4accdc3d7175b35f925fdfdc5a6	Photos/IMG_2141.JPG
162cecf94f120c483b21433f6b3e01928db0c61692216c18ef1ac32bba49ab23	Photos/IMG_2142.JPG
e7cdb24165b650c2b94cd19042b2fcd55a081fc191d40044d62272af02bfac22	Photos/IMG_2143.JPG
1c9de3a50af7b122a9b1b1623ba580cc9ca40239d91f61ec1a4ce6da4d56037f	Photos/IMG_2144.JPG
a595233d245a8f75574e64bca83c325be29489710d831fbe71d8d08a91d156b9	Photos/IMG_2145.JPG
82246c2a2c797c08767051e018f2835e1488b90a538deba841e3d9a683a3bb9f	Photos/IMG_2146.JPG
61078ad56043d9bc072174dd1e2b29e375ec6786b6efcc09d0e38e73678ff285	Photos/IMG_2147.JPG
1370818c35db83a99c72a9e676eb4ac41b0339839aea071bfc149d25ac937145	Photos/IMG_2148.JPG
a703d43090bdcce1a274d525bbcbc7b5915d3eb66fb67f3e4f4354e7737e0b19	Photos/IMG_2149.JPG
b0bc81631f8e4b351ea69c0ca19912a707675cac708bf7dd9cb3550d53b61967	Photos/IMG_2150.JPG
9545117d5be4bf0cc25956e05a7886736978243c5323be4fe5e042e6eba330f8	Photos/IMG_2151.JPG
2d3a3a3d4460e76c182f79af5ea44fd0af3ec033760a84f2390a7718acc58cfb	Photos/IMG_2152.JPG
bcee771b92a1660bc985c91ef1f16a02e7c6a97189b8e3e5c9e66823af331784	Photos/IMG_2153.JPG
8bd7ed9c9fb063bcce116adfe1e42511990a7aeedb184fae11c0370aa4c5afc3	Photos/IMG_2154.JPG
210bc15cc4069d92fbf0154e5fae909e2db200d28272caa07069f2a4366a9a93	Photos/IMG_2155.JPG
14e1f23f1ddbf7d8f18b8e19d90567a8ad37225894c7bd7e2d94eb6dca5cd4e6	Photos/IMG_2156.JPG
f22fb3cc6fa84e4f7dbd528c9401ba99b96fba6a9d645ad448482127a9a67bc1	Photos/IMG_2157.JPG
38d81f4d2a8f9e7b7f016e8f6f5eae0b8df99e0157b72137b4f77f4bc05440ca	Photos/IMG_2158.JPG
5675be6f83d4821e6a79da1b054cf8f26fde81b33fb55369a301844ac684dc58	Photos/IMG_2159.JPG
61cf8940ed8e7369d2bc62b41d599a21f2a0d52fffdefdea0d9e986f6559f02a	Photos/IMG_2160.JPG
e0e61692d561f8b4544cb7610762a6f54c2cf443dccdb0c2faa6e06c231e231a	Photos/IMG_2161.JPG
036efa3614236b7029b162c66cb795b057eae99f30c5961d49ff34254cb3189d	Photos/IMG_2162.JPG
76e55519d6afe9c7b4821dd61f459843d79c739e13bbf7ade2c06b73ad8a2661	Photos/IMG_2163.JPG
6a56468d863866143f38fd67a8d536f567d865b90451d11d2ce2d1db517e4f12	Photos/IMG_2164.JPG
a2510e4a9188f7428725a7e1f0f949fbc0a32f8308947339d0268754f1a39545	Photos/IMG_2165.JPG
509117f2b9290da52ef98e296671651341cc3627c51e560b17ab97508b087e1e	Photos/IMG_2166.JPG
47a8fd1e0bea8ee42907273a4f59729812a55db53da1183c4791114792a7a4c1	Photos/IMG_2167.JPG
2c787ebc1ad13dc55f7a257c1e1d78b208bcd9eec6b7b63415d8181f1455d3e7	Photos/IMG_2168.JPG
97c4d0e74259de8fe0d14828470530bc7c28f5347e36f0974c1f9f97c543153f	Photos/IMG_2169.JPG
645736021cfc7879ba421a4b0b134deda2968acfe9e8c342704bf9462bf71661	Photos/IMG_2170.JPG
fc867797d12a12d405d7c20ca9e4bf6e92e5a01999255771e33ce5b29593bd0a	Photos/IMG_2171.JPG
33f7ebf372a24036da6189ea04725d835f164461bbd5dcabc7a4dcb08b6cab49	Photos/IMG_2172.JPG
e966dcdbc10047d3a3755ada6c83c3614285a129b15600912f640967274e70ff	Photos/IMG_2173.JPG
9ef35db65e6a2ebad196d6b0faf3759059cbc3ef5be1a534e192e2b5b1a0cd8f	Photos/IMG_2174.JPG
794397478f9a0ece7111d7b8ef3028feb645b83ba3cfeb61c18db595291e0f7d	Photos/IMG_2175.JPG
c90dded4eea88b2e03c2e49b6c06c65d33112d46fafc58245b6ede16a4b53376	Photos/IMG_2176.JPG
e472db9dd030f5f46e348ef11dabf4787d6ed37adcb15192cd39fd57131da343	Photos/IMG_2177.JPG
5f58aa79e48a78ee7e58b8ba1ce29f4ba6c1a7412f6c56659cf53b4afc0c1b7a	Photos/IMG_2178.JPG
4c052f71551fc475d9dc6b0f659b932c5a104fc245bfd29a42e8585dcc6afb02	Photos/IMG_2179.JPG
21cf0e67b37ccf95890a48eb7fb061d6db672af343af67fbea11c6f958cb6d03	Photos/IMG_2180.JPG
0d70bbee1847ba1908b95525538f5b5cb6b4b0daf70df090fdeec3bf45d06711	Photos/IMG_2181.JPG
cc1f914025e4552e4de5363285baab4decbe49a8d77b5afcde7fabe048e1c338	Photos/IMG_2182.JPG
804a6d250de0021387bb24d749a59a392c7f4a16e476e4e37e654185bbdebb46	Photos/IMG_2183.JPG
353208b4d373adff1e0f6dad24cd88837df076046c04683bf58d849d81e0f221	Photos/IMG_2184.JPG
1cf8fc17489aa3b194646f9799db57fa81041e89114783b7279f0e62ea80efc1	Photos/IMG_2185.JPG
fb92c654cdaaa63b3c07cb3796496d6d5c98441097611b94823ec11a9ffa5ed2	Photos/IMG_2186.JPG
62c99eb2a6988d74b7c8f7b1cd6d2f5fbccce6a604725c2d659d87deaa291498	Photos/IMG_2187.JPG
0b8cf9ebe9e24de59d1bbe9d81cbd20268ab9845aae89060678a8ca786ef787d	Photos/IMG_2188.JPG
2a88dc535131d738f8a0d394c3fc84f710b27baa87ca719e912cf05ee9cc5f09	Photos/IMG_2189.JPG
a739cb8d0e741f7e322e9471889546aa3843d7660ad5cda18877248cda1c9ef0	Photos/IMG_2190.JPG
57360fa712cd146808e9f97a678b94c9b575c9c64ed3f9d2e11f9ac083a4f643	Photos/IMG_2191.JPG
d6813c4a481329555ac165513187f12c06c0578ba20915a9265b8f2b5e703451	Photos/IMG_2192.JPG
56e22cde1c5e24e6c333ad155076153a58d6bf08474698d3f06413adc47e74ac	Photos/IMG_2193.JPG
179c443c006fca2df85125c111cdf62d6e65e9acb29857f02a8649d2b4088777	Photos/IMG_2194.JPG
a7792b3b7d05e1e77a197baaeef0da3488c101658ea0e5b3ea30ec1c1a9cbb33	Photos/IMG_2195.JPG
e43798eb75717a9627b3e1aa825f09896283d8c3f623db3e6df182411f908804	Photos/IMG_2196.JPG
e2bf1b6d7f58ac4ba6cf949b13fab1da268b4d4734fdbc4dbb9e5c0c4a3361d0	Photos/IMG_2197.JPG
9aefbf58ca6f7083773cd299288463353903187078e42cd1a60d87d12c8c484a	Photos/IMG_2198.JPG
d48120dd8f08c4bd5b4d54a4d3a2ff4d78ca1e5a07ad39423ec11d7cba2ce9fe	Photos/IMG_2199.JPG
99adfd819d92fa8c11df6a0c856ef38c9466630356d8ba6b6bcfcf8ebd61673a	Photos/IMG_2200.JPG
e8f89e3f7cc1a6d2c293de639293b4e27dfb8e549dc85af28c9c1762b37b3ae4	Photos/IMG_2201.JPG
f1822ca089c2411c391952da1a3818cbad37d4e160d91cd6f04f945db5175cc7	Photos/IMG_2202.JPG
32430c246bf7e62120ad16a6df34fd6194e64b251f8022be53cc5fe39000ced1	Photos/IMG_2203.JPG
c50d7e7b95ae2fe4147e3ce8f081e6c367dbfb6e83b8a3c1113c8b8ec60be586	Photos/IMG_2204.JPG
d5ab8b26b597e0246df4141bd2737ff5c7eab5a203648169fb9821d3a9b8410b	Photos/IMG_2205.JPG
f7c6acca85ae52c29e6a2f2742a14595469db4cb9f35267278282e13fc13a69f	Photos/IMG_2206.JPG
cce52b34057428db0f3f9e7e6d6eb918e3ec660765cf7a142a81ab352fa0a99d	Photos/IMG_2207.JPG
37d0050268a60b19bbd3c0b2940ac7c5a6ccdfc2ab3f5ce2ddb96003fd1696ff	Photos/IMG_2208.JPG
6e3387bbe3b14022c40d8e04cd30f65b27bd8a2e7145adc1039a2c765a08ce5b	Photos/IMG_2209.JPG
011bbb3630ffc03e5d8a516d923cfc2e403b2b80e81622f54e64899d4bff5548	Photos/IMG_2210.JPG
768e0981d766afbd3759dbefa60e9d3b37e9887df38ad70c4098fb5ac4000585	Photos/IMG_2211.JPG
dc9f01d63536f3fc6d662db334589fa9d3c30fe1f9ccc1bef178b410215b476b	Photos/IMG_2212.JPG
a1b4f9f5ce2c4ab3a53a1690a01bcbcf7c215ce642816022972076aeb8714fd5	Photos/IMG_2213.JPG
f566e1302f5b52c22e00c2b633c26e1aed0454e120d1e14449e852a8673f304f	Photos/IMG_2214.JPG
7f84893a3194c5896e2045fb73a6ed2eeb941af9a16366be78a32f2d2e29c48e	Photos/IMG_2215.JPG
867271493c9b7a91809cef1aed14a6f7c020623b9681f2a4cf51abf8acb0506a	Photos/IMG_2216.JPG
4dab6e7830a93c77032c904d83974b41ff5e0ac8749f0fc919cbeda160f0cb74	Photos/IMG_2217.JPG
eff298d8b48fccb720ed639ef628e742035583f63d86fb7a13912d029ef1e838	Photos/IMG_2218.JPG
86ea239fdd7bce3e22d4089995f5dcb5e5c1712ce2ec453054c947e257a7b127	Photos/IMG_2219.JPG
a99c59b1db783836491beffe7cf8c71e8e002d65c8fb290f13462809e848e007	Photos/IMG_2220.JPG
d29c6683601a847bc13a8b1dece4ab3db982e0f35fe179a0c76b9eba9d8d224f	Photos/IMG_2221.JPG
fc6ef919e71d3b741df7b1cae899c95d09bd5c2db789fac41b3b44171c5f8417	Photos/IMG_2222.JPG
cb97e0225071e93d6d1c2160c29cfb7dc469f8672463ea90e4f3b48ba81b40f4	Photos/IMG_2223.JPG
d0406cef66cc721127dd5f6b7eecb3d5b0d28b6a549601d9b3e6fc49478c64c8	Photos/IMG_2224.JPG
7eece085486fa6298d6ccbff7fae3d6a419418f415b7f2c7fc96b0e1aa5cc920	Photos/IMG_2225.JPG
33926a6b051ad6a8657b7dda65b30aacb18d9817ce819bf43ee7604c84860c80	Photos/IMG_2226.JPG
900f73bfd0a8e2627b767b30b02b9ee2332e3e234f1043ca414b869bac3563a0	Photos/IMG_2227.JPG
ebefafe6c24907b7816d237fce47beff8df13cf67de9ff022f251d4eebfeb9de	Photos/IMG_2228.JPG
24fe19db481f99d4fc125a45a96d0bb26b276444568a4f132be527b5532f3f78	Photos/IMG_2229.JPG
6deeda025caa66e09c2b77f3caccc3d06b577a73548d0c3377e4e3ef7aedb022	Photos/IMG_2230.JPG
3e3b27daa2985f81d4272414365d44abe448be8e28d7409508a2cdbe59fcd179	Photos/IMG_2231.JPG
d2731e102c4865862b6e0418f767528b09bf76efe146df9e09c05ba0ec4de967	Photos/IMG_2232.JPG
0de3ff4a8dff97ce204e7a74923314e9e1cb111ae8e881471d4cb5a537677a95	Photos/IMG_2233.JPG
b53df62cdec82e79c707fa34f7f65e0d5dcdb18fc07ae1b49ad991beb75adf76	Photos/IMG_2234.JPG
0cb91c6731a9ac9b8085f1e6d677f2ff07738b95bf2bb74684f338c03f2aaf28	Photos/IMG_2235.JPG
b9d5b92b5b80135def09dea5f9f15a935ddc33cdac5b30cb475fc00f620d69e8	Photos/IMG_2236.JPG
9de9f99c5912559629945a1a985e65bb6a11ae05cfd755cbb6f74422cdf6c39a	Photos/IMG_2237.JPG
3933745ed7e03a44d283227f189f6d8d4469d9b377e17fa05ff11bd5d228f9e5	Photos/IMG_2238.JPG
cd024f1bcf1c2429c84d83208257866462b445fa092d6832caebf204236792b2	Photos/IMG_2239.JPG
26d07301cbf6760208e0b1f605041ed11e3d527cd2e0a27ed5f97723fe498a3a	Photos/IMG_2240.JPG
70f6ff27d69eb8ea78920f618b6f5b9b2dc3046b4be1d8e1b0823193798f98e0	Photos/IMG_2241.JPG
46abae6ba6c094aaf9cc9566dd01cc2a37972c42a929ba1223d665d542b91b54	Photos/IMG_2242.JPG
3d555f461293fb8401796ba2d9491d3f1ecb7f81afc3f1ab52c6bcd7af2723d8	Photos/IMG_2243.JPG
c356f77866716192b70f05d395c99e59668dc96603d64287547b332230a1f995	Photos/IMG_2244.JPG
3b094cd7729a419a4881e0d57d93a1888d6ba09a46f9b9718ba6a91455c920d6	Photos/IMG_2245.JPG
3eb9038369452fca594444e89d0f70171d1645ccceab428aa6c8ff04be6141b3	Photos/IMG_2246.JPG
25befb2285c346590b6bc48ad8f7bba37ccf45a173188ff747a03723c4249ad3	Photos/IMG_2247.JPG
3a15031ab1bea3dbc45befdc1136333add62e343b099f3b0440fb13b17c33a59	Photos/IMG_2248.JPG
75b5fc5a1dd0bf3ee1cf7afca92db2cdf4b594c8335fc77e93e2642b0b35aeed	Photos/IMG_2249.JPG
26f0aee8c74c40a93c44d6553a6c659d0281ea09f29540cae106f540beb21982	Photos/IMG_2250.JPG
7b5848017818a91dcd626c2e796f518d5fb01452176830ddd61956688df0f5a7	Photos/IMG_2251.JPG
d76931dc3ef3c97d3d732a622a740dd9818c4339cd5d9a19c8fd15c6becadf2e	Photos/IMG_2252.JPG
22415b570ebf47f89f8a2734a0f41584d7fa0ea16997b5aa0bfb4486da377416	Photos/IMG_2253.JPG
85c7d625df504af85d35ed3cd96671ba2c20d42611b890e665f1a7434774479d	Photos/IMG_2254.JPG
83a2a2f80b6cd87d5d241032b4dd7969a3155ec9e0ed74534e7f9a3afcad5369	Photos/IMG_2255.JPG
13c370c37fae9d7d2ad0b9786194e28d1fdb1ed0cc55ca2d7c943f56269eee37	Photos/IMG_2256.JPG
f4f6ce4872b40296bc3ec6413f33fc9e528f8826038df1ac71297c7b975f894b	Photos/IMG_2257.JPG
b2f841a25a2215a2f4169a45337daf47a9c9d49368849cbb62529bc3c6a693d3	Photos/IMG_2258.JPG
294d473b1d88d6611e2cc4de7722878f3c760fc1d82da9c102d01f58cb0b8a1b	Photos/IMG_2259.JPG
035e621266a8a00af33cd65a96737c0565993645d750f80943c0cf8c77d92e4a	Photos/IMG_2260.JPG
7ef9b26561c9433af15faac609ea1e97c2901ee6d9de5d2f6ad3be1c549bc6f8	Photos/IMG_2261.JPG
2cedb3bdba15f54c4933653382ecdc94c5760b8c0c5f0d983abd2b82522923a9	Photos/IMG_2262.JPG
692a22ab16024f5b89b7b710be45d3ada91e5a0f650739d9e0aa377ec50087f3	Photos/IMG_2263.JPG
9bd6efa99354b14737b67dd25c5bab5d39fcf3e4d09a557781e56686677cee26	Photos/IMG_2264.JPG
9e06eac999db7c0bbf41391f846f9e13f9661cffeb9576e2c30ddac9156c1a1e	Photos/IMG_2265.JPG
0f2abf7864c50dbc260f936a081e7625098c3e1a0614042905b30bf6669acd94	Photos/IMG_2266.JPG
bd8ca355a1516a737a37bafd06096d4c422043399755164f965fb0402f13802e	Photos/IMG_2267.JPG
6e7d5606b030964d9e5c1f14b6a7c54ad061dd38d2f11f02b2a3e7819a88b15e	Photos/IMG_2268.JPG
ecc4211166358becfbba0f032749c6e6c29d11504de0c5b7d089dde2a5c99509	Photos/IMG_2269.JPG
c55aab8a3e6376bef97cd9e251d8f05ef6e9ecbba1874fc9ab3603df310f08fa	Photos/IMG_2270.JPG
a78ca6f140054f7f9b643f08c764465034122fc73e1103ae0107ac3d57f4796a	Photos/IMG_2271.JPG
9c396b84cd4f28367b330c278f1f158f30b6e6b70839cb8f5b39e14f909435b7	Photos/IMG_2272.JPG
0926ade788c2a89c934430816049866b5be6d27950e2658a2643619397d87ea0	Photos/IMG_2273.JPG
5b64b1f0f209ee8ce0c4e4331220539f06b3e494e9e988996556c3fc3d5ca381	Photos/IMG_2274.JPG
831757e8c5661a1383345e94c4b7d2668674971267dcb799a1ca6cafc528ef80	Photos/IMG_2275.JPG
6130d4ceaf56f6eda81ca63b85cb4b12d00fdd397f53b577b5dc2d8e3756119a	Photos/IMG_2276.JPG
e7ca4e9502aa63edd5493617ef64bc14baf4f1615a401c10a7ddada30caf5db5	Photos/IMG_2277.JPG
4a814026dff901f0c999647137695a9c27b7cc59ea5165e1236aebc6dd6357bf	Photos/IMG_2278.JPG
95ec295b185d96f0d8a681bd98f49b3441d9259a28bb01a3a82aa55d18f772b5	Photos/IMG_2279.JPG
26d4fe0926bf0dfae220f2d553f863fc7e7c86a43ba182d3cf494d6eb5d121d5	Photos/IMG_2280.JPG
d06c0f6e13f22cbe75c31d62d89da9ff75f59ea229556ac5029a9ebf21fef379	Photos/IMG_2281.JPG
2b0434c170ed17150a26d8ea983c6d05b4617adb75d1fee42df6b842fc161c6e	Photos/IMG_2282.JPG
c918a2b22a8e034cf5b15c5b4afd427f0c26a527a7216ec80d5e0f4a8dea53b9	Photos/IMG_2283.JPG
af77ad30333c8afc0bf21077429b7d3768e179fc69474fd5c8dff885c1caec6f	Photos/IMG_2284.JPG
6872b0e1b50582914f9e3bb11f73def8d098b60b693eb9faff7c65164140d2ca	Photos/IMG_2285.JPG
f6c8b5abbd48fc3447f6ab75d5183df938cb956acd1174a5e1588dee44bcfb07	Photos/IMG_2286.JPG
ffe83434aba21e010eafe23bd30b941747c6a7d5d77064adfc42931f29ed486e	Photos/IMG_2287.JPG
7fb1f42be4b967f0bd12a6b46023c5d774dd430512938436d97a5062eb2fac5e	Photos/IMG_2288.JPG
9df4df7cf27adea13d5205fcd10699157b8e768c253ce0c69213799fd9ad3fff	Photos/IMG_2289.JPG
1e0ccd69532a9b69df560b29a19ff65802f9c810f46e9d1db75c3237c1c574f6	Photos/IMG_2290.JPG
5ceb9b433b601c6cdcb966ea46c9e1295e08c3a0027e237643da63b6bb4f1b55	Photos/IMG_2291.JPG
3714c599e9c4775fa6d70ae316cb6ff2b55b78c9a76bfbddb29a5e19250a8641	Photos/IMG_2292.JPG
289366e3f1738527dd59d776dc6147ec83b9f73339e34ced5c79388125125c1d	Photos/IMG_2293.JPG
c022f6ea49781e64a918e9d8c2b4a7b0d63de939807c44572672bfc943bc4136	Photos/IMG_2294.JPG
596f6cc8c6c6920a86038139a215f676ec24df55e1c1087e1a249afd1d0dcb83	Photos/IMG_2295.JPG
b6285ee25bcf6241f8f0544abd612487caee8a982406ac0681f5778f090f7210	Photos/IMG_2296.JPG
1816071f0b5829062611617f25e338e1bdd9cf8d34e7b231187ae11fe07f943a	Photos/IMG_2297.JPG
d6b5bccf92c03c1909fc19b9429f1ac171bf907dc892671f311cb0fcb14da413	Photos/IMG_2298.JPG
3db04ab0a1083c3180750a423338fadf4fb4ba2006c2a08f79ba78af64804b31	Photos/IMG_2299.JPG
38d77a8f609e9ba600505f7ebda6e34c76b8c4bdc88bb93991df9c4f20d013f7	Photos/IMG_2300.JPG
59baeef17b88021473cb2b02622d1768d11e245499b787d80facc0ea8325039b	Photos/IMG_2301.JPG
5483d915524abade44e0ea014ecadbb31928b084e8c87e7deb45395747a2a9cb	Photos/IMG_2302.JPG
a6e89892acfb5184c933dfae859ff3866500c31466b78e1ccd9e707d7aa3056a	Photos/IMG_2303.JPG
20c7d2e6fbfa916ecc3439661e6f7c50da6aa0b5116bb37b9438a682fb39a940	Photos/IMG_2304.JPG
cce5b728d9c98da741810de99caf18b3f3073e83fcca7336ebe85f1aa8609aaf	Photos/IMG_2305.JPG
2dbda2c2c1b6cb0ada93f7e0ff5217b392fc629a987cb31b925e17d9d5fc5fda	Photos/IMG_2306.JPG
444162a67dae9b3e39e60251643d85d6ac98e4795c5e69caa9eeb562ad29fda5	Photos/IMG_2307.JPG
2f760739f3d0c63e9126fab7adc83eed08226a9bfb0066dde22b2c1578c1e9c0	Photos/IMG_2308.JPG
b45ec5339295ecf3212278e2a5c151fa38f5466cbf9bcff0d92a54405093aa78	Photos/IMG_2309.JPG
e287b7d20a09415b73909f46ef82a079418f2283c889cb43817493f2aad1fb27	Photos/IMG_2310.JPG
7aaf1f6f6f59d440c0b56fcd641aae7ebc199f057852a15306ef1b7b5866c398	Photos/IMG_2311.JPG
5d47a0f761933f496d697f2dda7c6b31adeca5b3742c15985ad69fb832b40347	Photos/IMG_2312.JPG
7621788ce5aa96ed3f89b7dae9a518d8c82bd602c9f552b30f09d38ced3cd564	Photos/IMG_2313.JPG
1c1c0aecc8a9db492f2f0d57b4a2a44f205f76d4fb9edc9585bf4a3c68930586	Photos/IMG_2314.JPG
9d9561bed366cd70363a85430a6efd62d7501cc651616120da40bcdf21af40c7	Photos/IMG_2315.JPG
4a0e7f5f2c551e2668cdb09536185fc73e997342f107a81a223eba41fe488db8	Photos/IMG_2316.JPG
00a7616f3535a1f473533b59eecb38d68f83e368279b166819cf486704c474f4	Photos/IMG_2317.JPG
526f59301756a32c033d851a2073f7dbb567cdcdd50e6b4e8ae3503312cc5ed5	Photos/IMG_2318.JPG
0707e788f1549347cd1db9fed2e6c897ad8575513944cb99474a088ce3a455b9	Photos/IMG_2319.JPG
215ca353a7677e761364052a3209e013c9285165bcec4939f3650744eb94ec44	Photos/IMG_2320.JPG
7b89bc20fafe350826c900fa4cf4e6244bcef895abce38f6bf5b564569c2bcbb	Photos/IMG_2321.JPG
a85468b956bc4bc48332ad25b7d57762e41eea084e61ad11fefd47eb852ea7ec	Photos/IMG_2322.JPG
440ae15ceed3bd7eaf12f99a45d9ced11dfa26952042cfb8a8c664668e971be7	Photos/IMG_2323.JPG
db37b27350ba8fbe19ec07b1009b5762c0b261c6334ca844d1adba011785d377	Photos/IMG_2324.JPG
896bebb4a000529f38a6b02bcf784149b91883d510d40f3d21acb490a9fb13e1	Photos/IMG_2325.JPG
5ce8ba4eea36c028fff20313f5eedddb323896f74b2295d1fa007b301c891d25	Photos/IMG_2326.JPG
91c700357a472bc2399c502549ce1fd5a5d9ddc3eb75f9837fd7b4db5bfc1ceb	Photos/IMG_2327.JPG
f2eb29917d9c8e278b6384cbb36fe7024000e8ab1179813f73c99b53202be844	Photos/IMG_2328.JPG
e4f601d316868c61200476987b46164f62ef12b054544d9f39d9aad09fddfa0a	Photos/IMG_2329.JPG
a37d4766db79ff22982c47db163a030aad421b902be2ad8726b948916807f653	Photos/IMG_2330.JPG
15f2dc14dc5d2863d87b4872cdf105f121f3af0589c77839c396d859451a21c3	Photos/IMG_2331.JPG
428bfd9bb360e59429848a564611db4e84fe14beddc5b39accb98f43e3208fe8	Photos/IMG_2332.JPG
b3acc6441c259b5ffb31127801938f4b94767648b9eae8845c88114b797e640f	Photos/IMG_2333.JPG
cc13d3a4f1d0271dc1be21e8f6170d109ad01cad65d62af5b1e56ac048251914	Photos/IMG_2334.JPG
c02f6d5a0f7332ccfaa69cbc93c976688e95443162ffdf677d66f443c891ba8d	Photos/IMG_2335.JPG
e2f1948f89d0b6c749ef4cff81e90a7ea377a29c3293bc83f4f315211d2fd6c0	Photos/IMG_2336.JPG
5e2284c1a82a3f7dc5faaaafad73dd90992c8444a14c43a735c4926a4f355619	Photos/IMG_2337.JPG
5cd44940ce0dad4d803f854a069452f0cfb9b65d48538792ecb905897d0b487d	Photos/IMG_2338.JPG
213ba543fa84b99915f7f051ebe71bdb1bcb3eeaf4219344d9e16371d1084d53	Photos/IMG_2339.JPG
25f65aa0262e9c5c4029d9355a17a7c4ff2e20278c04bd701a2fc1a3383a2274	Photos/IMG_2340.JPG
0dd61c2c91c4415d25f51c1814d0266c4c8dda74e3b33acbabc8ef1753482bbb	Photos/IMG_2341.JPG
a89d8893f3a21dc10c8f72768fbaa42a1aa1b7f27b862295095a619c771ecc44	Photos/IMG_2342.JPG
2d5dd94e478d459d6ccb81bbf5ba7a3267f0447c95acf39c71ccaeac3718667a	Photos/IMG_2343.JPG
8394e41d30a668fa754f4457444b3247357d67fb7d3166674dc023f369161944	Photos/IMG_2344.JPG
50dd8070f542145b027e09751023cfce61545e9b28363c27b294183bb32dc476	Photos/IMG_2345.JPG
6005e27ca7d8d8e9f0dc9da9b93b948aa42498843107c13fc5e2621ab8946784	Photos/IMG_2346.JPG
2dd8d3f92b9839e88b03f8aca663e57e38288511b526353a77e244407ac1de1a	Photos/IMG_2347.JPG
3fc9556dd7fb52b922c817ddbe10923d7cb75257c70fbe846bdb89aaf00a512a	Photos/IMG_2348.JPG
d17aae44349e5e1afb4b5818010a4c9e97cc9d2b97a029820e2f83f7c7ad6ce4	Photos/IMG_2349.JPG
40061db8e14614ec8042e41891501c6733b254ed7a126cd371c1bbbfde839e64	Photos/IMG_2350.JPG
5760aaf4c65f9489e114d9673083c63d809bfebd8d3f66e9604afa410e8518de	Photos/IMG_2351.JPG
e48089b8ad0161c90aa4e844d7d5ca715a0c3d5259c541c4a340d8f4a608bd30	Photos/IMG_2352.JPG
4937589a58c0dc41d7fa89bedfca16c8d187c8b89a8e231623ff6df1913a3ead	Photos/IMG_2353.JPG
28b4eb2d61474aa481ed562e69d498f1e72fdba3ce48580a3dd52e43e676b9f7	Photos/IMG_2354.JPG
65244db9dc59c8224595751cc7bec88ff1c4e257eb4189c9121d529a8dd6a3a7	Photos/IMG_2355.JPG
fe2b9c11f9a687b6567bcb897d1e32b831bfd139d91d09d56ab6ddebb1edd663	Photos/IMG_2356.JPG
336d13ceae97c7a661017572978204f4e745c6a8f629900de5d084bc23f73d42	Photos/IMG_2357.JPG
44fd3df26bb890b283fe717bb38885b802310c5afab39641757b963492792db0	Photos/IMG_2358.JPG
5e360e5da67ee7d999f15b736f26d40159dd2646594962b8130ee83ba490930b	Photos/IMG_2359.JPG
0016e5d5961b8d810c73a356bf85c8b9b4c6db569ab6e0380191612e3d32ef23	Photos/IMG_2360.JPG
968a3f8f744255a32253c3338d781768f1a3069daaa17a8809c198154958675a	Photos/IMG_2361.JPG
4b41fe329542a744f811b58601d1ae017130693765111af53551dd0f2dab2a26	Photos/IMG_2362.JPG
c012d9f1681539f539fe45f144a531b98eb4c4746674d8ce4eace772a408587c	Photos/IMG_2363.JPG
9f91e90563b58edaaaa0e144679934081eb1dcea5da0289485a12450ed63db11	Photos/IMG_2364.JPG
6ee608f45e981990469b9e2f12018c5c4d3968727e9ccbdff0625a0e4d8ff740	Photos/IMG_2365.JPG
e20dcec223ecdfa4e18a1dc93d013a59d6a332161d883ce14b67d6c50ff70041	Photos/IMG_2366.JPG
412bd5a9457c7fa4bd07cc942c8c7eb5d1a524e6f434978ece09edc3c1027cdf	Photos/IMG_2367.JPG
a59940970ff562383ac1d942c9121d52debb96282fdfda4a9dddc780ea5bb82b	Photos/IMG_2368.JPG
3fc7474033e087fa21e81c9982fde3d13521eb509ffece4285cb94111f2b4ff1	Photos/IMG_2369.JPG
953dd3cbe43ae08aa7760e501c24fb47d772999a756771ea1caa4c3cc8eb1d89	Photos/IMG_2370.JPG
cce4722906acfe905675732555236ab49686777a7e9eff78a8b0c5442f603920	Photos/IMG_2371.JPG
d110b04ff23dd9549d0d2a2d8894a7d02d7ba543b4db6a57b330620cb03c3af7	Photos/IMG_2372.JPG
3c7d25ed3bfb9921ec5347e70e5f12f09e6328ee670961d7fb91948cf7315e2e	Photos/IMG_2373.JPG
8a0cc54faf40a4d250ab42362094eb67425c89a0b813c338ae9dc0414da2745f	Photos/IMG_2374.JPG
cbd182107becc5070b8c783ef4489e37911d91499598919c2fd47c8e036afef4	Photos/IMG_2375.JPG
5a0a6717f552bf06fdba497f534c633728ac5f1fecdac743993cea5797cadb1a	Photos/IMG_2376.JPG
e3da2a53c7aa7e1903ca571eaf4d6bbf81836a40e8e809d6833a0c2c4e438ba6	Photos/IMG_2377.JPG
86d3a2925fbfef25c5914cd74d31b54cb5f41be61c93ad5b633f9484e2b9fabc	Photos/IMG_2378.JPG
cbec24db1bd43a5d4e3192769333dd82a33964b07151d2b3204d2363f8a53788	Photos/IMG_2379.JPG
d71a023507bd9903c9f8aff5c8fb3d74934926cb80ebd0c04b1801c98ee579f1	Photos/IMG_2380.JPG
7de1483ada241de03f8ce222176b4996392b23d0788e3b9b4b87f739cbe29d6c	Photos/IMG_2381.JPG
a89d2b524bfe54e2d5df22b79e25cdbdd4d82cc482fe766a4883ef7aa7e552e9	Photos/IMG_2382.JPG
9486f18666ddce4a4128511a45c4986598e8f84b050fc73bd730a9511ee8aaf1	Photos/IMG_2383.JPG
a5345ef2043edb874cdb612f528a9084f354d4fcffeb4d139cb422ae13da41e9	Photos/IMG_2384.JPG
7639ce37e61fddda012e470eeabeee7c99ee6cfc5b543afde143618f83ef27e0	Photos/IMG_2385.JPG
12b50cd25004c13a7bffebeb110f0872975814494287310c972aff7af42812ff	Photos/IMG_2386.JPG
fb09022dd5463734d53e892d40b2ea99ea42f14bcaafc5aea9425f1db25b5261	Photos/IMG_2387.JPG
54784e996f6170b39ca39491832ce8267100ca35e041db6fb378b9725200100a	Photos/IMG_2388.JPG
feb36b7e9ff9010145edc26351f123dedca866fb7cb97ec6d68ac4315881c403	Photos/IMG_2389.JPG
26bc347491dac84b09aba4b364a7052cfa78e64ae67b607c8fd8770f579c9dec	Photos/IMG_2390.JPG
9cc76b7d4232925683395f3df15766992770232d37dbc0d2d5aa2659034c273e	Photos/IMG_2391.JPG
6faa674b4825dc6a0e074e3a2ad9850c43544ada10bd914839fd2656cf86ae30	Photos/IMG_2392.JPG
7d42572dd45a90cf2df15001a80defd3448e51661ebf86f7783e668e5072622b	Photos/IMG_2393.JPG
d9a02cc4385072656ef823f942778dddab755f819ae0c5e29a2f1a6118cd29a6	Photos/IMG_2394.JPG
22fc22ecc4e7ca0f343c8532d984510d3bdfc66ba5f7827192be90edb06ebed7	Photos/IMG_2395.JPG
cb0457c753744c41d7d4e0c23b59aa283bd97374f63ffb069b81abdbe2c42006	Photos/IMG_2396.JPG
da747ee97819e43b2eae016fd1704a8d53ad5ab9e9bc173c84d3fe60c1959980	Photos/IMG_2397.JPG
e5106b5441bfa897cbe84bae2e602cc89852bb6fdae423678777365775cbf493	Photos/IMG_2398.JPG
560c0e95f52ecfa2e562aec6a17817b945cc4d43dd8c235bcf13997ea78c0f64	Photos/IMG_2399.JPG
d19c1a5929c48f2d6f7f9c4db99e712817a4d6e3f63a41ea6387a6cad405f5c6	Photos/IMG_2400.JPG
eb99c2dcb3c95ace2087a7b2e7b0f8d699b3b9626a1dcd3ce71a6ec999bd3cfd	Photos/IMG_2401.JPG
b94c9aaae7143c5c7a187081275b5f0ef474cbb6e5944d59b0a6bf12d23b92de	Photos/IMG_2402.JPG
850e7cf17738b06c4f57d5bade1cba31decd76168f0dff39ae4f697ce26f2b10	Photos/IMG_2403.JPG
c5042ee27e8865d10a7dc8a6bbac26fb8fa80e57870f8931ac613969a656fc4b	Photos/IMG_2404.JPG
8d79d7617b5010607422f34d840866cd7feb4f5a1715e855bafe410b88d0dfea	Photos/IMG_2405.JPG
754f37111f7d58a4a9afccd80931f5d39b6c0f279a108b5df7c298c6c3e32bc1	Photos/IMG_2406.JPG
2b1bfeaba4dddee99b4cc14ac84c6ad914b231e602daaeac130369a571ed83c1	Photos/IMG_2407.JPG
248434db1335ab050ebf80b6f05ef89168032bcd4f45816866c0a605a4180e47	Photos/IMG_2408.JPG
57fa1c6aff1e38412114c5250bb41fc99778447d74c2ff782b9160ba5d4af13d	Photos/IMG_2409.JPG
459db1143e3cb22c4a5bbee423587f61d5f3f9c3429c995830b38e33c08603d6	Photos/IMG_2410.JPG
4b734cdfe9097aadb7a38aa43dee4463144d641a39a75335f8b7680169d1b24e	Photos/IMG_2411.JPG
6e346ab15664e7e375f9f2c98ec24abaa3d7db7f58f60131caf4f1b86875ef63	Photos/IMG_2412.JPG
3d226f343eaf48088167dfa9b065c259d9fd08875e2d4c65217f40d88fcd4ec4	Photos/IMG_2413.JPG
e6a76bb2a9c6d42dd9932a4f427df41d23f9b97087b795e7347d02a4e3b7fe82	Photos/IMG_2414.JPG
f6ac3dfefb265e5d4166274ef54e063fc28058b8128773ebfd82b014540af5ce	Photos/IMG_2415.JPG
dc19fdcefb529ddd3071d1c71f1786bc98dc1cbc8c21d6db0f83ad104483990a	Photos/IMG_2416.JPG
cce7bd6f71ef9b513153efbcc853917fab7b315dda07bf8ec074ac20670915fa	Photos/IMG_2417.JPG
c3ad3c977e21049f9a96186f21483a21bef839a9af8782d4231838c79dbc5c96	Photos/IMG_2418.JPG
c59099db296b5dfa8d1b2ce361c3d0869ba1a196091a0e4073dfa83bf3461028	Photos/IMG_2419.JPG
ecdb23a84010f6ca2cb7929a620df4fbeeee7e9ae9ad32890df530ec38385679	Photos/IMG_2420.JPG
2152f4c94b4c2e86d736a4fa401d59831325c21c671d47c0da68fcfbebc3471e	Photos/IMG_2421.JPG
f2632cffaa9fdc8b2271a02a772bf7b5df7f06f699080531fc3ac93177f3a00e	Photos/IMG_2422.JPG
a4c98fd1654d27b04f488532a386695f1eaea58c013cbf4de9b02142dd2465c0	Photos/IMG_2423.JPG
5ec34db7ccb47eeb062045e17d4dd7266019fc545a7b754196e7f591a5ffb00a	Photos/IMG_2424.JPG
52823c26dcbd8b0432c7c73c20c0742fc638affe03372a741d2c0a5732170750	Photos/IMG_2425.JPG
2f8120030391df550c2bd924b6bc26916f6cb99ed0abd45ac9b41b59b36015d2	Photos/IMG_2426.JPG
1ac994ce91de327a9831be7a45fa75b82ba54629e5c206cd070c3378cac8ce6c	Photos/IMG_2427.JPG
cc4bf194fcf14af96e75dd3ff2829caf74c8b356e562e2c34e9a21c0bc7c88a4	Photos/IMG_2428.JPG
770c1b899fcf47fd4e01717c21e08a70d2bd3d3aa8d8b695d0dec60e18a2a4d4	Photos/IMG_2429.JPG
6ddb597ea0dfe506a881aa7cc375b2e911382508e723efb4622738ed8fa6bc7d	Photos/IMG_2430.JPG
b28ebc2c63814f0ab7b878fbf32bfc92083c9f607f5ca097d3ed85b49a11fd9e	Photos/IMG_2431.JPG
55c0106fd7a412d39bc1da60f04fcce47e6b6ceb3c2f94b9b8447ff356d4ac60	Photos/IMG_2432.JPG
5694cb7b8982199b8fce0cd41c2b9b24b1ba99ad4e4e1815f761a20eefdd8488	Photos/IMG_2433.JPG
3b7dc85e3f92df2d75978872d7ac1b5ac3b8ef88432de54114a275ec2b7ae48a	Photos/IMG_2434.JPG
b67b95a8fc9c92a299001adf384f60790d296b5b083e44e41b43122799bc5bd7	Photos/IMG_2435.JPG
0b8ab12a24af284f256b3d9854774dfbff297f19cb257c40c490a39be4381d69	Photos/IMG_2436.JPG
4a9323f3b1f4ed37ffca66540615c02900723b2d2150187ea320946fc52ff7c8	Photos/IMG_2437.JPG
694fddfa5f2347b9829586ac669cfd4b19bef412a8eda30a55070ea58c106770	Photos/IMG_2438.JPG
496b37d8412da163cc345ce7543834fc5770bb553c1e980214eb007b52d5c55c	Photos/IMG_2439.JPG
00ba665c432e031a9879c0449a8bbc9ae7be53b9ef2558de89106c8d45043f62	Photos/IMG_2440.JPG
daab9adf2249e7aa83e0c771d233f2fe72a7779b6109a4f722e3866c87f730c3	Photos/IMG_2441.JPG
355105902478a63ea8f0401256fd1e63d2baf77382c934a16a238bc7fa92c71b	Photos/IMG_2442.JPG
45cd3f71a990c9986f3a5daa139c82fed76e4f256e2cb0b37e23b3fbee927236	Photos/IMG_2443.JPG
0d5c2f6501ce727868d08fa0f8138e3f2771b46229ea8015480441e9681653b9	Photos/IMG_2444.JPG
940c86444a3c0df151ecab5f099fe7334644b44c73f019ba29afe25ae66d1c9d	Photos/IMG_2445.JPG
94dc9181b967c9116f27031aa79c89f68d6a3ca9b3ec659b135bbb70cb8faab8	Photos/IMG_2446.JPG
67aa4430dac82751f7c3349468a0f0e58f5dfbcad6cf0cae041ff60a0652ab39	Photos/IMG_2447.JPG
40ab25e5ce493b49cc60b6944c429b543e4ddaad6b67a96321240ab9dc8e277e	Photos/IMG_2448.JPG
c4d86507bddf0f5995bd4d83be4f01a226ce1d1d5d25024bd6f6de4434af5cfb	Photos/IMG_2449.JPG
b3693ea49bd4bfa8b45a4d9bd923e5f4616d5c0b1b31d461fcf093cf8f6a0152	Photos/IMG_2450.JPG
c36e98c9698eed7e94acac66a5c629820ffcbf1386d1f665a395887913b643b3	Photos/IMG_2451.JPG
6bc7367395b0c98f53cc4b8386f6628638cc609b8d3d76c60633dc2ef9ad7a77	Photos/IMG_2452.JPG
33ec438744c0780bf94a7f659512be3c41cd2092818fac601963c4b281665a48	Photos/IMG_2453.JPG
5cc9e678d565a89276e2945469faa9660ab57ac6c7e1a2a4daa6c14c1d7d4421	Photos/IMG_2454.JPG
1674a10b4eb5998108d3449d83d72df0a34a5fc8b03b18ba4d39cecd5120eec2	Photos/IMG_2455.JPG
59e43fbc33bd148a48dda3c5f2edf5947a6c1fd80c6660238bd46bfc70c5a8a0	Photos/IMG_2456.JPG
a00d2a33dc93fa2fce742a186ef6c6571504827b89d972629ce6724c4e380aa2	Photos/IMG_2457.JPG
027a3cfd85fb900ac3b31cb13b58b564a169289bbcab16b70624cbbce7993457	Photos/IMG_2458.JPG
3f05118f6328c31aef27e47b39ac4ef4035857802cf9765dc3dfbedd8113ba4d	Photos/IMG_2459.JPG
40e6e02721b20defce95b3c461e730e47ae66d795aa705fac6151a9cb3e9e82b	Photos/IMG_2460.JPG
49ce5bdcebe21768f12a04dbc1cdd3e98a704bee7d55ae73b11ebc48a7d28942	Photos/IMG_2461.JPG
4e7fa05c1d67b39c75e7c6686ea21b137d3e6cc62424b3f096f34987a664a119	Photos/IMG_2462.JPG
b30f0c6dc598e61d38cde333132f5af2d0f62d4bf3b5974891e05b415bbdcbf7	Photos/IMG_2463.JPG
8795bb02e920a45a866b032715101442df34e3ee91f74a3168d6af41b9b6ecda	Photos/IMG_2464.JPG
33ad4f8c9d6725e876340b8df4d6fc67985548cf8cddcb2d698570c5eb715011	Photos/IMG_2465.JPG
89a431bd51922850e8427d130fce711d93794dd080deef58060a9d5d44b92c35	Photos/IMG_2466.JPG
4f7540fcd5e72911fc569dc7d0aaf5012e93bd717ba05617dc6f92b7f737327f	Photos/IMG_2467.JPG
4b898a9c5ce93091b8d1eb9f491d07a57eda9b0d4b643ae8db390ce879d397a8	Photos/IMG_2468.JPG
4a75c34fbe63bc1f38f5a7dc5dfdfbb87a915043eb0d60b009080a917274544e	Photos/IMG_2469.JPG
2b9e3928e645862b1925e5c3dab20152dd63918c0b64cb81a05bdef00515a9e0	Photos/IMG_2470.JPG
c90999841102fdb24c048d83a0610098722c20d5a048d45fef0dae27cf9b0954	Photos/IMG_2471.JPG
42ac9aad53669a62922117ed671f2be8744e1aec93c41eb0fb75faf6ff15f6fe	Photos/IMG_2472.JPG
da6b280756d0becae0db6bae53e0b8da59f012552fd7c2d6004c23bb93bbd1fc	Photos/IMG_2473.JPG
baa26841369bb1eef5e4fdf2b635c8f733fc641a3c7acdeef6319ad31562dd78	Photos/IMG_2474.JPG
22d921e79e744ec80f8467c9dcb05db33c0d7a09e3b56ef7ad9c7fc4235bf8c3	Photos/IMG_2475.JPG
44258a5a16e10710e5d72e960658f3ba78f6d4f3f04e371455447299c8e59945	Photos/IMG_2476.JPG
082728a6376f43549cc0828a1a6a4d2a0d468084d3a62d2ff2d520cb8f62217f	Photos/IMG_2477.JPG
fcb614e3a6d00e9c448ff919ab5e9f40487668aa286a0e5d5b7e97517a6477f3	Photos/IMG_2478.JPG
bc3045094199416fcfdd95c003165cac4274711bd2a9820456502347e3991ee0	Photos/IMG_2479.JPG
b7fe79d43bb3035a946da19775db252b66303257a7d0e9a7bdb69e6da56dafd8	Photos/IMG_2480.JPG
e6fbeab928d0518607ee01e5f7302f5f30498bb3260ebb8acca97ab9d3e3533c	Photos/IMG_2481.JPG
edeb914e060603172fdee00cb42f723782f758ecb6f7960986ad6fa7babe3a3e	Photos/IMG_2482.JPG
fce7a578211310c434b9104ab49dc0f7391e1849cf8bcc4e0c7ab7c593152e0d	Photos/IMG_2483.JPG
b518a476283239b03cf69aeab12a7054e5e370bcfcf1a1eb62a34c6502f5612a	Photos/IMG_2484.JPG
baeda2488539c8cafb20b79d29b1551ccc8e080eb80bac5a4a780b1ac43b8cfd	Photos/IMG_2485.JPG
8dba130c112c908407322db1b4ed78a4c71883049ec5cefb0b16a56668542f07	Photos/IMG_2486.JPG
fed86a6def46fcc0700814b5fcd7ef770f01949fe6a245c71697c49d7b847a42	Photos/IMG_2487.JPG
b4a34b05b85e8f6ead40e095cfd0d945503a82ae8b8c204cd7ce59d5a5e12dc1	Photos/IMG_2488.JPG
a16b4d527dafbaf89ddf068d268846fb6f00a337b374b5768e3b9b703cddecd3	Photos/IMG_2489.JPG
6abec8113a2f1af8d11a682a2192c5b8c83cf49321da3ceb404d6502d349f8df	Photos/IMG_2490.JPG
77b254fd74a3ebe77b54d5acfe62f81f308d9b30bf892adf6d3dc3edce507142	Photos/IMG_2491.JPG
f460f4005c4d8c3ede7ccda3547155ad8383ea799ce1501390e8bfcd05cb58d4	Photos/IMG_2492.JPG
8cb1a4cd365895bd9831e627597c90a44a0b3b04ef64e358fe38e76eaf297846	Photos/IMG_2493.JPG
1260861743448f64196c7a1aba78fb86a35bd72bf2deb1eab6d80319a378f90f	Photos/IMG_2494.JPG
88e9bcbab4015c180e67c525d9e52ca26992d925729e9f33913b7a8d1ea3ca86	Photos/IMG_2495.JPG
bc4e21e082ad7704beac662aa2204a8c1eb8177bd9d9249b51e9a62eb5b3ed56	Photos/IMG_2496.JPG
4f46aa23e099073c5151f70ee058ac2641bf58668aa210416a40df99a3950f16	Photos/IMG_2497.JPG
f31385f3a1444adb7932ab0c7d2a3bb27a92bcde670b4cf6b16135aeb7bb0f8f	Photos/IMG_2498.JPG
e2fa71a47b8981f86f70c9ca49845c1e160ed6b5bfd04d0dabe5d63604f76cbe	Photos/IMG_2499.JPG
ffc9f88897ad9487f07d994313a28093c4500d687f70e581a27e497f8184d686	Photos/IMG_2500.JPG
5287cbcb3ec74dddfbf2b39bfa0816afa8c1509503847e3676fb8383dca82b52	Photos/IMG_2501.JPG
32f75cb7e56a08d873dfb18bc9c483242b66639c98745bd9f9db597685e33715	Photos/IMG_2502.JPG
f3a5de795a7f24cb27306b2542debb9ebd20a77ff0a18f5d5a893ccf8f5f2c98	Photos/IMG_2503.JPG
3904ca787f328efbcc96e43e4a8b5a3a26b9fcf881b69bc78b8743130c945820	Photos/IMG_2504.JPG
d7695710f9080a1b5aa2fe4261ce99a62488de926b3da9264d9f5aa8d43c1d84	Photos/IMG_2505.JPG
fcff5872c4f54d3c86a4272426bcf9e2fbc9c48d291251456af6ebdd0381e56f	Photos/IMG_2506.JPG
e2c526ae32e18558282f931485a17708283a8260fba6ced46639bd2da1861e47	Photos/IMG_2507.JPG
3e5381823f83daf85a947968774e04d0c699e17f7095461324c0d03dba1d4839	Photos/IMG_2508.JPG
2e8af8c787ea78e7dec208eff3aed883f7324aa4d4a677a3e4294f79e94cd3fa	Photos/IMG_2509.JPG
e99174cd4b8d5de129fcd6f63760100d1de38785398bcff43d9929157da7b22e	Photos/IMG_2510.JPG
f33fb82c82a86c23c0216d65b05e6a77ca1e9ddff5c78892058796f1f3e89946	Photos/IMG_2511.JPG
d16721bab10e43e0f31071340471c9d8e2dc50eb944dc03faaa1c64e38c79032	Photos/IMG_2512.JPG
3ea0945d6f84d801f4b6eaf3c9ac79101e1566dbe178662f911f978f63f38f45	Photos/IMG_2513.JPG
d65b7699170aff2950eca2f09e5d80497e45577cba9deb51819e69485261644f	Photos/IMG_2514.JPG
38b658882b83e041387064e899ed01548a8ebf4684aa0cea02c2c6c1c6f340f2	Photos/IMG_2515.JPG
650a71123d040151034b27af9f5b1f92cd96920ad5e5e79902a4d52ac7b847a0	Photos/IMG_2516.JPG
b36ddfc33fac2cd457b9fea95bae3c55db55753e9fb4e4b3909671e1425ca829	Photos/IMG_2517.JPG
f7a1f9f78a7df4959aea903f6a5f1eea4678d8d866ca9ad92a542b8fe8698cec	Photos/IMG_2518.JPG
35517abc8060e41eee020f9dde9112716748285abc6778f670a8923fd80827c4	Photos/IMG_2519.JPG
b03a94429fbe4c588a3dfad09e00c57731fd840bc033bfc4396ca5c7a6f13492	Photos/IMG_2520.JPG
7c1ab7fc2fcb67a7b6b3cf32fb17f14172d3fd9fb220214e08c35d02aad25adf	Photos/IMG_2521.JPG
787de24fb4860622516898b690f656b99fd8d60a682af39ad034705da9af25c0	Photos/IMG_2522.JPG
9972daca0ee1f589c1fd0f5add27f412f6b7f937eabbfe1ce40996055dfbf633	Photos/IMG_2523.JPG
ddbf7658a0ab9f3664e07df0978fbfa144edffd3ecf069b3d2cca23b3113ca5b	Photos/IMG_2524.JPG
42ac2f6f20a080a678e207b6db19535d7f2ef6121836d651aab19328cead3884	Photos/IMG_2525.JPG
110df8ce1627d21ab63c1ae511b35ce007e050dfee9abf61d8283cb69a058a0c	Photos/IMG_2526.JPG
4b862f59c4f984112e7007f8edbba48e2117078f25694588adf4939da2525e19	Photos/IMG_2527.JPG
2afadada4e3714b347e5eb2f970c7ac7dbb8f1196148bb1ab44eb9b75ae4a92b	Photos/IMG_2528.JPG
fd3fcbeeeb7441d52fa614fb0b5bde0cb0c07bb44ec72566861bc5323f02a5d3	Photos/IMG_2529.JPG
f32d7bef18ddaa842e8ee473c40482e1883851a9bcfdc69f0effb064e9d67c4f	Photos/IMG_2530.JPG
a320fe7cc59804c40b6d8d4058e8a0936180159536ab8c878e0eb8def219931b	Photos/IMG_2531.JPG
978f47ab435258664b0fd806889e322b73fd6acaac20f102319794fffb9b47af	Photos/IMG_2532.JPG
01c9a8ee6bb81edce785626edaeabe60b39e59e158f95767bab99acdaf611d17	Photos/IMG_2533.JPG
cbbaac4c5ce7d3e61957297c5ea59c7254ab18c823f9bf1c16d8e7fb9433125a	Photos/IMG_2534.JPG
1cc89c98ec4b9d24ba66ddd8f22a20047a0f444bfd7f6785e9eb01e8dd0aa2a1	Photos/IMG_2535.JPG
adb630b0600c4a344f2752617f92ab336f9aef76697a3dcffeef03be15d524a5	Photos/IMG_2536.JPG
72591b7f5ed687ce0f184fbb92f93711be84a40c52e6405e28ef9453533d042a	Photos/IMG_2537.JPG
0a5d9be1525c64ccc5d361c0245a0eee78c9cc9a3e48bbbb13efb340ab0ea857	Photos/IMG_2538.JPG
7fc05af9fb371dac63598bab9c8254d9bdf7262b68916443e0954205ab70012c	Photos/IMG_2539.JPG
f870b819336ebb2dd41892830297ae73280162c86e248216bb912b27e7ffbdf5	Photos/IMG_2540.JPG
c40ac1a4c712c385d8330c2b15081e3d3ff000e2ebd16bcf559ab1fff79aed60	Photos/IMG_2541.JPG
afde16d3aeab6ff672682c0a7df8d1b0cceb08c0e4c2eacc41553f48b3a5bf07	Photos/IMG_2542.JPG
7e41d7ef41581debaa059a40e8e7cee5ceb9a8cca53283d4207233c36dbd53fe	Photos/IMG_2543.JPG
1af773aad6cfb8ad093032495b14230c1000ce2d952c00196f9527c2c52cbbd5	Photos/IMG_2544.JPG
7d309440d0310b2ac331ad586ab13a34f9ad8a4ee2f9262e60889922cbda7787	Photos/IMG_2545.JPG
5109c13c5b437a5a64ced6f58fbc76cd464ff9d58085018e46f7174aff46507d	Photos/IMG_2546.JPG
b7200fe9d4e4f16bfe2ac7ffb511b9670bb0b5105d137d623cdf1f5686deb623	Photos/IMG_2547.JPG
3e4cde1c45ba0b47183bda5bc28f61e949eb151b1af015f5b85cf42fe15ca34e	Photos/IMG_2548.JPG
8d8dd991f50bd48942669e88b3a52101da29d295fd2d1b34aa12bdb87b510be4	Photos/IMG_2549.JPG
bba12ff72b3722826dd910dc3bb3e3e1fef1362d0393c45d6053691be2a3b98e	Photos/IMG_2550.JPG
be5661c158f4e79a6cacd04cb88368d3797b3ada4937a006270e9cffe2cf0c2c	Photos/IMG_2551.JPG
67d1276c74c17b28396cf4798324c6ea76cc244235f4952ef94a9780ea67d4c4	Photos/IMG_2552.JPG
86d0865090ccbe8c3092e8171734db3a8bd803bb7137b69f89a7867b8874e08d	Photos/IMG_2553.JPG
b979a355be33714302999d877cf5e4e1b27e31c6c726f520ef3d2d2d80aba8ba	Photos/IMG_2554.JPG
dba3ee43c59e3479a9eaa4d6aa078d8320525b44a7b5a1505888f60effb605b7	Photos/IMG_2555.JPG
3a7ab00211c064b58b901fb4840bbcb303078591fb2b86d74bb4e9ca571765e5	Photos/IMG_2556.JPG
754a6af9a14ac2127aac3c86bee5247085cb2f80178890d4b6aa311d7f608672	Photos/IMG_2557.JPG
3835b49372da17f1f08160261da9be7bf717be6797ed999aee6749d222911f13	Photos/IMG_2558.JPG
3c7a2b0aff2f33480a6c3eec04a4e5ef93387af03741ac97794251d11b3bc10b	Photos/IMG_2559.JPG
6366695915f968e5da3ef9fb3a4866892af600c4d50bf6d5b2f276e0d4ec55ca	Photos/IMG_2560.JPG
0d7d4ee76d43106efa5c8374204f8c84eb64f5f87a0a6c67823c2421f6ffab19	Photos/IMG_2561.JPG
11004ad150dfd6265c3d8b626a1e7a77d647a7c44cac63f5cd0da04f562ceb5c	Photos/IMG_2562.JPG
3dee79078a3efe1a075758a9d6784520d08a72d4ee3afe0e2ee140d604804302	Photos/IMG_2563.JPG
23078aa79610c4a1034d5aa044c30804a1895d3cb53da53e3fc91d0df50008d7	Photos/IMG_2564.JPG
00c4fe3459877973096a0df321732a2a123d0a8e1d2f1acd444983cc8306c24d	Photos/IMG_2565.JPG
fb83f866a661c6d3b4e88fcdbac3dfd3648cd998e534bfb221b5d44394464442	Photos/IMG_2566.JPG
62cfb9653a1b7dd4853e7c4764d550ba320f7ab838bba12f207be6d62c68ea3c	Photos/IMG_2567.JPG
f158d571cf300758cebb4423867e2c7f71f642b94915524229b053fd97bd1397	Photos/IMG_2568.JPG
6bf6fa91cfc814ef3e615fe61a3ce85ca512efa03ecd3492b1c80d05ef87a045	Photos/IMG_2569.JPG
24d34d37d5db10c5ee83cd3d2d57afa2d6187ae757a5860b42f5b5a91103d3d2	Photos/IMG_2570.JPG
6d769408b331bfefbbc06abbfaaa7918fa4950dd27f35657060b14e619a15b85	Photos/IMG_2571.JPG
eff0708079cce87f654d22591b0e6eb364e6d6a11c6a568a05ea379872fa9b29	Photos/IMG_2572.JPG
5d8d25ff0a34fd008dc38ba685a4ffc8fd73a4a95dcfc48d9254b89012db3aca	Photos/IMG_2573.JPG
9a26c4715660e03fe90fbc79d1d29e8a14e2d761ddc090e2785e15291eccff97	Photos/IMG_2574.JPG
8af45b7ee579eaec427904de56e0fb8c16aa4d46ca3969c837cffcc9cec3608d	Photos/IMG_2575.JPG
303a0ab6898695082c1276ea1bd9bfc00ad0dedc83b46070659779100232fc83	Photos/IMG_2576.JPG
acfd8cc4e17d3444dd5390547b99c33c2e5463302d26c9358980592abaf44578	Photos/IMG_2577.JPG
a30800e2e38cf22aacd9c9423bda546b0c60bd5b1e84164e996a396d7475e73b	Photos/IMG_2578.JPG
7347de803f8565acf219738a5cfcddfd81f0b885b8f28a0106721700c884e770	Photos/IMG_2579.JPG
527c34b5e4624a7bf557ba8e58d3d2a104f00ef8ec9fadb0481ad6d2f4a48959	Photos/IMG_2580.JPG
967a2578e910b7df3f22ad10ff1067190ec91d4838841f8879fcbf6f6676308b	Photos/IMG_2581.JPG
3ac906eadf1eb9157e5f76841f050d3947f6cebb2e557d16075c5c0bf1cc5cdc	Photos/IMG_2582.JPG
a35559ad05bc76edae8e68b5370ff687335a48c5d98268fd520bb175a957e2df	Photos/IMG_2583.JPG
97a1bdb586e2cdd24795ac41375c801bfb5ca0cb6a07d543b309eedaa0a0c7d4	Photos/IMG_2584.JPG
ed6ef902a089784e8dd2cc9cc67a351137290f647af4f4d4314826b6aa7f6003	Photos/IMG_2585.JPG
66330274c598a172d413351da4de9457ef0e82700f191bf0eaeac5aa6055b239	Photos/IMG_2586.JPG
ff6deeebdef5a413e924fbbd121c93b505422bdc56e9b8ff9097dce2f3035672	Photos/IMG_2587.JPG
270063b47bd0e532d13d506245d1bf3c85430e5c10a95ea05d00c3cc793c49b2	Photos/IMG_2588.JPG
08a0faa1e5d022b07b757ea72a4caa677ad89dba8c8ac48efcf5823fcfdc9a3e	Photos/IMG_2589.JPG
0ca1ad0b49db661e22f5a8d352323b315f1a118af019d2626175e10e49bcb58f	Photos/IMG_2590.JPG
256b29e9d5dbeb8c901f7982cc50ab2343f31279404271094a4551d6f407ac68	Photos/IMG_2591.JPG
3be05ac85e11f78b2c79fd91b5510ce432f81e0dde0d635dec7171e56a3b9f70	Photos/IMG_2592.JPG
bbef30e8977ff3efdbf44abdc19d717fa463a1269a084c7b9a79fef7ae8fb664	Photos/IMG_2593.JPG
baf26b684f70d048229870c9207a8b24137d536fa4ef5a62e8d3f48153180e68	Photos/IMG_2594.JPG
a9abca061a026d09bd26969eb08e2488a9131d20e4fcdbe7a611febbab7049a5	Photos/IMG_2595.JPG
d5eed95ed4f6fd26f17660a9f8512ba5a7a0bf65f15700da882b6321da7cdca9	Photos/IMG_2596.JPG
d783662f2effc0ef9b9da850d6e58468a5f493c98019f0f4a1f87ce210fb86ae	Photos/IMG_2597.JPG
a2045bac8a4a4a7cbafc9a954196118ba5044c65dc8fae44ed6df53697a4cab8	Photos/IMG_2598.JPG
e61ce9a9e7e3372bcdfe3a733cc452842a3896c2238d108323900c40d075a6aa	Photos/IMG_2599.JPG
bdb384f94564ce61ae972fdfede5ad546059df65065d6e06686d53fcdc141c33	Photos/IMG_2600.JPG
dd15dc36210a8e0af1d9524270279e9a7f0e9ac1d42116c6100b50c1f138ff86	Photos/IMG_2601.JPG
491e7c96407d16b217f19f3f7c3bae8d83bb014f87dd3be95542b387228bd028	Photos/IMG_2602.JPG
9ce66ba4a2a9d613749279d9b61ff7a2b9a37329ca41ca238865e0f36480d516	Photos/IMG_2603.JPG
307633b698d77f310bfec94aad0e5ec0abb9c780974c75a4016339e093980df7	Photos/IMG_2604.JPG
e882f6a4120bb00de4937a04eeafa0d0a1586efffbe828f57769b94cfb13597e	Photos/IMG_2605.JPG
6a6531e20ba9df6c7b2d9a423f2c008b67d87bdaac508ff18440ccb1b6dc1624	Photos/IMG_2606.JPG
406b7d55a4e6ba487b772f457c6d712825498071cce9e8e3c7ab8c2f49b50524	Photos/IMG_2607.JPG
832d0fff44f827950547f853771dcccec323443f5ca2a6b5c787200d9fadf658	Photos/IMG_2608.JPG
b177f9dc4bb3e3294c06c25af3e9b9a3784084302cb7aa45845857d491791960	Photos/IMG_2609.JPG
6bc5027e078fa9a22c935723ddb7334a2561c35b8f499f40bbda4b445d3611e9	Photos/IMG_2610.JPG
e879eff3d61d213dbb338cfc9518fa3a759808ffc0f9f90fe42f733571370f08	Photos/IMG_2611.JPG
3b342b53e5486824e7449b3c60bb508fc70c942fadb52da64f0d848715193b19	Photos/IMG_2612.JPG
61490fe1100f783be1ddda817c0b8dd366391db0a88b2570c0430e17915ad6c0	Photos/IMG_2613.JPG
c42d2290e60f816cde166f8a55bfcf9f951862f273252069ae4ca9c1ca6eb0eb	Photos/IMG_2614.JPG
c0d05a928519ac7732a9585382e61d8c7223f378183aa75ba21b67328a8b928d	Photos/IMG_2615.JPG
c4ede342925712b81f4edbbcc7eeee1dfa03ea4374a11b8712b9d5035e751efe	Photos/IMG_2616.JPG
b77e0b58a6fc1b8cae0467a2fa841a68f8b8e25e32a47936db970193750edd07	Photos/IMG_2617.JPG
d7694482e2fe6cc3f108b379cafb7e49552129883ba2b0ea1520e9cf0533fbbd	Photos/IMG_2618.JPG
d44ace6ceedc3a6c542ab2bb8706f8df20b6cab1ea950a736c146ed05557d440	Photos/IMG_2619.JPG
51c1e6c590ec6a4169451104215d2263f76b500005ac75699b3676ca67c4bea5	Photos/IMG_2620.JPG
3758d1ce6b0aa9856a55a16139484b5e3b75d841ac67ec6d87a917ebad9515e9	Photos/IMG_2621.JPG
5684ec45968df6ee440f0d2401dc19d39751afe99545360b6865bfffae144410	Photos/IMG_2622.JPG
9c368f7a046eade5f0cda297896ede532799d34dbeca98862b3fec8269e9014d	Photos/IMG_2623.JPG
5822dcf72166378e9e7535c8b41649576c5fbb7a024caaab2b2eae9802272cbd	Photos/IMG_2624.JPG
4604103a825292200dd4d78d29fd62fa762d871f30173bb0ca3e3e4dc6efdf3e	Photos/IMG_2625.JPG
91d08988d6d77c819e27f57d6beac0730ae3b1000ab8b901beb68ccce76d81a3	Photos/IMG_2626.JPG
0eb920f84032dbd95fe35e77de55bef6e5485bb740d017a63a28df23c753579e	Photos/IMG_2627.JPG
533485dc9dfe290cacf808e37f56a88ce10052ca2bd15635a6e4c7f7754a01dd	Photos/IMG_2628.JPG
509752168a0e282f75c3b0b2b1774935f2031c2212aa247ce62193acdbc42dbf	Photos/IMG_2629.JPG
c58d2cdb1a51af655754801d340b1abf11ceeaf7c9c8f540c2d33868ab8e4049	Photos/IMG_2630.JPG
214a4680b3918d71e7b2485db47707f6c95fe08aa46dcebf57f4708020dfa27b	Photos/IMG_2631.JPG
2bfc9cef0ed5126163e48f83798a3207a699dc28842f9c514ba58a75078e04c0	Photos/IMG_2632.JPG
12fcab5bf581170d80ad6d63950a0993a3dbcc6a6055eb7ec9e9f30350adf70b	Photos/IMG_2633.JPG
9998e5e720a626b38c8c233411cdc4920a7e963c108892f56a1b078b12e8d3b0	Photos/IMG_2634.JPG
7f044eec67ba4198e3bdb3362f0ecdca305a6529bf9c804ea35f7a0e16c092f4	Photos/IMG_2635.JPG
abe2a36c0747fb12861e8e7c7fc738a6fe0fa8e5a0ff0f05a0e4f967c44aafdb	Photos/IMG_2636.JPG
94b599c0fbc92ccb5a6720827f7ff8ed9a7818e7d4a479c616d4e0963f39b748	Photos/IMG_2637.JPG
47014c311901b7a79c7d01b901da1ae7780d0fdf77f4ff95374316e651679ee7	Photos/IMG_2638.JPG
485df598f557c0891a84d4cfdd9c5fb83b8a64686e54166bd0ff9108b03d9a26	Photos/IMG_2639.JPG
f9776f4f7b3de014a8253eda4de09032169460fc62ddea29a02197df5ecbdd8a	Photos/IMG_2640.JPG
b1f99af9531e39f15d7ce6fef4ec36bb09b3f7fa44fca6c4fa5cb6d34f6862ef	Photos/IMG_2641.JPG
57c31534950ad1e2742d052e39aad6a7e9a2ebaf4705618fb64c8a519d6770bd	Photos/IMG_2642.JPG
906c5496951e39c92f91075f1ea318274f74255938f774a98f74ca969c8ba291	Photos/IMG_2643.JPG
693d7ba3f9c1dcaf2d247376dafa60b2c198dd17cb7c5d47e62ad67a388f40ce	Photos/IMG_2644.JPG
a300a16c132074de8f87ec6f1ab7e0983824aa973de86afe1a7cac1028c21011	Photos/IMG_2645.JPG
4c222abdcc5c43102c983f023d4e1da0977de9217601c34e1b812b7d131c1d4f	Photos/IMG_2646.JPG
13618eb191cd478f4bc204ea9d4bd3bddd9e8f97371298df31c1e5ea53da5b4b	Photos/IMG_2647.JPG
b32a272e4f84e29fc2a8044d939d69f5ae5ac7a99a03b633764d86f74a712507	Photos/IMG_2648.JPG
bb73321b28864560b09141fd88220240a7289fa4be8a39a0fcd694e487971e5c	Photos/IMG_2649.JPG
3c98f881854411429115c4a4ef5b50e3641c7550fd0180eacbc973e2ee8e6893	Photos/IMG_2650.JPG
50f26b5a5e8f668a1cad4b5f2112c1c6e72dd0fb75de0207ef65cec3fca07af1	Photos/IMG_2651.JPG
13cf1a700eb9cc6f2b83a78408d6d75b063e0102f046ce23572af21dd9057bd0	Photos/IMG_2652.JPG
852898421f7f4f13fceee07c27257aaa88870320da2afd2d7e46408d68be5f3b	Photos/IMG_2653.JPG
07f86a926f856d00285f05925f18a904e6fae134760c8b660bf056835344dfad	Photos/IMG_2654.JPG
801ae1e21847c1d716a939c616a7369f85a4bf11fadeed0c3d42a243e834c981	Photos/IMG_2655.JPG
77e4bedd3c982a9fbf2f695e64c093038c78ea1e76c85b06c1d6e29df6364284	Photos/IMG_2656.JPG
55a8e275b6718a4eff428aa5cf16d0b89d92ab98d1e4d3adff7ff794178a8528	Photos/IMG_2657.JPG
6b5383d63c25e09320ef4406a136fc670712907d11331ff0a7045eb0203a2316	Photos/IMG_2658.JPG
566ac67dd8805ffb9358825a682567d18823be82c39f20ac0541dc280aaea98c	Photos/IMG_2659.JPG
08fad45bc5101bd91d105f4e778a7d0f915c510672ae59c64bd4e772253da443	Photos/IMG_2660.JPG
ce3491c456a752e8088da7f313b42b6d62ad4178f0e426ac1001a17a9cc3258b	Photos/IMG_2661.JPG
62040c88b6b629549dee3244a7e58f66881a0007bcd785903e4d70595445ae3c	Photos/IMG_2662.JPG
fa29fb62201e03142fae38f6d240605ad1e86b421354a8805fa4c853b6af3ae4	Photos/IMG_2663.JPG
fd7429eefd82053448e10a188c5c7aa235c6316ad92b13bf122fceb355dddae1	Photos/IMG_2664.JPG
d96cfc3663fc7c7f9e0a034d06ebec327a879207ffd8acf69396577c7508d394	Photos/IMG_2665.JPG
23e309ee2d0166636b0e74090fdd643e0d1d353ccb305e94b2bd4a4ad2cc67ad	Photos/IMG_2666.JPG
d834aa2d3119667e6afbf6f5928707d43c14f65407cf491f2a4d5368662b7074	Photos/IMG_2667.JPG
3770927fb9c5ae36f1b38709b1baf7704375530374ca63d60c79517707da3b30	Photos/IMG_2668.JPG
9588202d9655acfae44c55131979a88e11458de6519ba1cbf47cafd91469c47c	Photos/IMG_2669.JPG
ada7a37ce16013f143772fb55683bc7d1f35b8c6811df4993cd4a9c88bed86ee	Photos/IMG_2670.JPG
3f80b45f7963886b3b3b81323648b1c34ebba487281d13348e7eb535a127f536	Photos/IMG_2671.JPG
ee8d3fb9461b19d3d00a3d3a442ac93da47450ff24ac2a8074cd089fc5806fb2	Photos/IMG_2672.JPG
0eb4f2e9ad734c55b1a29afb4b035dd50a2595d9bc6cab8b4b8e8fd2e4e4ad65	Photos/IMG_2673.JPG
53ce07c6482e00ec6152658e0ddf9abb6ca6a2a188a850e4d05007f493fbe698	Photos/IMG_2674.JPG
5436b4b77d4c55e7b02b0cf4c4f95fe3a23740e19c6063ca062cb3f9b2d946fe	Photos/IMG_2675.JPG
787f6d5703995a78952586d9e2eefbcaadea70eb15c710fbf75137df2d95588f	Photos/IMG_2676.JPG
13ef1e56eb9762f45f865600f9e83a066dd6a0bcc15bcbcd71d6c43b69c9d61e	Photos/IMG_2677.JPG
c14c18239189184be872b4a915b4795ff3d8b975d26a95e473abd68ac1a761ec	Photos/IMG_2678.JPG
033b7ffa2e2b45c32b45dca0243a6c16c36a70d883673cdb03e6baf712d127b8	Photos/IMG_2679.JPG
2887d2aa6158b779ae84d6df8c554e08b3d4a74a80251051ae45d5ec9bed1fbf	Photos/IMG_2680.JPG
f3d68aafb8bfa5b776d4a774f7e82dcf50bd374df37f0b0d6f3dad401219e0e2	Photos/IMG_2681.JPG
4112672e7e85ca6049bed5b117571f22230571fc729d01e4e8a53c537c1ac51a	Photos/IMG_2682.JPG
a91ac6a1c6d49b9a3ecefa8899cda6bc13a1c595402f7a475a5791223cb4662a	Photos/IMG_2683.JPG
ac20854defe92a729ff8b61b9dec590aeaf5416e97c42ae33af748f32bef6c21	Photos/IMG_2684.JPG
9d8e7cf26828e6f7bd984ad9f58a622a9893f23a5020a3ef8d76ec3b7ef2fdda	Photos/IMG_2685.JPG
13d978d00f4808d007d7e5f9d7b28faa7e1d9fad687bf26590101590efc8d003	Photos/IMG_2686.JPG
d0d11fbb695c2266408e609f3e66d908812a54611175c27384394cd66e1665ce	Photos/IMG_2687.JPG
517b2b8afc20fcd59c7018f61f574ead9cd62d86c298e91e4a7b7527ec5c0486	Photos/IMG_2688.JPG
b5f8228aef3ce4541f2c6d516a3a81d7d2e750be1ed4f86593b3595f3f5d4da5	Photos/IMG_2689.JPG
813837ffbcc902a0fffa2833fdc1ac4e07ee4ae5beae19a4064e7875c1530feb	Photos/IMG_2690.JPG
f2435eed3a2fd6b4bbc111e80dc122a118e88628b4e12fee52fb14f4a88e459b	Photos/IMG_2691.JPG
25a34f0582a3c66213a74f8494092994fa775038bc9bf8e12816a2c326134f8a	Photos/IMG_2692.JPG
5a71af0dd1cfc6d31c1e103ac016db041e361ca77465f7860b19840fd8fd2301	Photos/IMG_2693.JPG
3abd02fa8254b0f6ece843ca7e0666cc887cd48e5400e5fcf30f71533046f45c	Photos/IMG_2694.JPG
b3b5277004516f648a7e3b15474479462fdf85a9252cd67d5fdfe60dda7f6084	Photos/IMG_2695.JPG
b99412856ef6d7970c0f77a1512292d4b0d05a51e82707fcacff3ec737312ac7	Photos/IMG_2696.JPG
4580946b42e332d242f5489777923a39579049a4b67d5ced9ad6abcfa831fdd8	Photos/IMG_2697.JPG
52771db7005bfdf46d3eabd44ce056eb5fde0365b41175d5b70bf7505c118f03	Photos/IMG_2698.JPG
d3a3629f5e4f71feeee533f2514dbb8b38497f510efadc7c72339f6d4e4c21ae	Photos/IMG_2699.JPG
94d2e424757398745bd0ff1e08b4ebebedbc2d8e17677b15aef438eb7fb586c8	Photos/IMG_2700.JPG
7f57d390693e734225b0d6611f2fa4ca65e283ac89d61c826e28d516347648b0	Photos/IMG_2701.JPG
82993327caae758a1185dfb01ffbd522cf87a2168d4202607914b90f1321683d	Photos/IMG_2702.JPG
69a288d344ac3666a236e81291c0bcb0ae2b405f04fc3c2ad1d793446a695070	Photos/IMG_2703.JPG
cd5ff417c9848820369d0ffd7d63d7bf7303dd83831fabedbbca9c6feb52b41d	Photos/IMG_2704.JPG
6612e01b057896a5000c8a4a57040da0df0ac117fd22a745b6799af0c9bcdf8b	Photos/IMG_2705.JPG
b8e95750b342e9ce15c69ccc9326858f2ecae07f15d7587980d086a348caa35b	Photos/IMG_2706.JPG
81b625ee491dde75a5d983eba06ee7ee2e64eada0d446e3b7a698ae413a2b919	Photos/IMG_2707.JPG
42c3573387a86fbc52b8a96971c4f7ad574b1cf59b7a9d0a670255f4bb2a1343	Photos/IMG_2708.JPG
a00ed3830a3fe39969966e21dcc554190fb1d3725ae26f998b91306b710ed57c	Photos/IMG_2709.JPG
3296229d7e4fef7b49cf3aac62f71f6f1609dcb75dd4bdb0a955101a9dcc370b	Photos/IMG_2710.JPG
c88f5740adcee804805f53a7999501bcf663abee0e2c8fd9ef9359478702af24	Photos/IMG_2711.JPG
447c085179bc580e0daf3ef159cfb0f36514cc3284b5f9d227cdc69db5beed0f	Photos/IMG_2712.JPG
0b5146717c1f802b2f807b5731d781140e18e8e95cb3fadc74076d880fea46d3	Photos/IMG_2713.JPG
3d36f9c06d35194c1500d8c626a010d5b315b1bc10b2181b07a0c9f5c98052b8	Photos/IMG_2714.JPG
c48fcf370a5cf8d678ad9a872704aa87179f22b4e7adb19619809897db070082	Photos/IMG_2715.JPG
1a869359a6400c82195a8e22a4f17914c79ae22ad9077d8e8eeceea02882a1f6	Photos/IMG_2716.JPG
507e44ae401398eeca38613fae01711b2efe88a2e0f2808f8426cdcef6623192	Photos/IMG_2717.JPG
17ba95fb170d2d136cee90d22d00e101f2932c272ec555a4b9263e667e8cdf08	Photos/IMG_2718.JPG
6937131ba3c534bda4885dde2926b9bbdaab4d944b7d8927f733bbbc204fad28	Photos/IMG_2719.JPG
689b6968b1a152854da867007a704b3e39ca3b8d442453c39e9090af431096db	Photos/IMG_2720.JPG
2fe79b6c93390fef12b2df18a699bf7bc382d43d3416d5772ae6dfc552e31f15	Photos/IMG_2721.JPG
91eac553e97b52868f67188afb531e8347c6fc5e7943c8061766e9671d78f606	Photos/IMG_2722.JPG
6c29fe4db1653ba8b97b15c436f41803dc9d97f34fa49398e40534ca91a3122c	Photos/IMG_2723.JPG
caf4a1cb0a328a69d0dbaeecb493db22060426f0b39c754ae91b24dd5f15238e	Photos/IMG_2724.JPG
881adf29135cb06c612a09f0bc7aeb5ddd9b655f271b6e5edd8af695851117d0	Photos/IMG_2725.JPG
d074a47c57702c4ca000506d7316ed9c2a49b143dfed40df0faafbdf903880e8	Photos/IMG_2726.JPG
4e2a27fea88ea74bb377496a8849df448938feecfa643282496e71db4b32fdd6	Photos/IMG_2727.JPG
afb3bb71283265c3935dcee029abf18934e9775bdf9ef0d926b92a12d75a5acf	Photos/IMG_2728.JPG
2dec89d5927b306ef4c2910d12270152783126a411fe5753d4096288c358aac2	Photos/IMG_2729.JPG
4c3b08de62fab4b96a74219c4f270d13344255e299211b5207531deaa18291ac	Photos/IMG_2730.JPG
b67a9b8cfb6d806cde65d43d2744cd2b0babd1aebd5d34c99aad83405cfd393c	Photos/IMG_2731.JPG
99ecb963725009cbd2e4d1c600abfc3ffbe0ce13a31e4941afbb17d6755e1531	Photos/IMG_2732.JPG
9429c31fd62698503378c24049b9a9391853243ab021a5dac8a8746959bc7dff	Photos/IMG_2733.JPG
e044e1c7a96f5f2643068814c022e970b3210dbad18653b009e4e3acf781e405	Photos/IMG_2734.JPG
fd1943ce54439e63ecbabb910d34dc99d6a2742c850fbdf4d938fc1e871c33b3	Photos/IMG_2735.JPG
64ebe5026fdea3f2f3af8bea401fd26c4d28fe5511bf60d5eb62eb8245a05981	Photos/IMG_2736.JPG
48b4ba8227a3b5746f3ec5951924ff69667230aa1f3680ff4117a63fb895ff85	Photos/IMG_2737.JPG
f7ad9bbceb657bc15d0f4f8a153efb8480cafe75ad0daea663a2340884a395e6	Photos/IMG_2738.JPG
9dcacd6656e087853326b943bb11d61bf1ae3e3a9a6ae153a9e4a0f51b317c9b	Photos/IMG_2739.JPG
cfb6c177461c66a9243f53aac7408d7b865c27012d64d96df0cb0615a02f3289	Photos/IMG_2740.JPG
a916a57b57230403eadf19043af8b690c7cadd3c447ea43286977f470490114a	Photos/IMG_2741.JPG
e2c563b384691cad25893ba050bc6c1c95fe7d93e0061ffc5f1e083d3853ef52	Photos/IMG_2742.JPG
b1c6855ebd02349102ecc10ef415699ce74de92183ead0ffb691a1dbd841d1a6	Photos/IMG_2743.JPG
7fdf312ee8767bade39bc019e96adeb7b6d31ae0ea784fb0c72b2b5211d652ba	Photos/IMG_2744.JPG
d82ceb32bf4f00ef72e7bae563e5faa3a425990bdd67873bf43e04e1afdd541a	Photos/IMG_2745.JPG
6b3affaf7c682c9c54160bfd0fc5ba8168de5854a040a5aa25c9fbd53e30ab3c	Photos/IMG_2746.JPG
069eaa17add16db92dabcae13d803aee0458d26ea03f53b7f76dc3b72514fd53	Photos/IMG_2747.JPG
72bf848d4bb7d229270f4a3521933dad1bce31582cc8e068cae6c8222ac449bf	Photos/IMG_2748.JPG
3730f035a86fc18fbfb69ff64b3ac7dda435b082bda458b08dfacbc9278c8b9c	Photos/IMG_2749.JPG
d8d107eda575df475440ef2f5ce66e2ac0bd4549cefdbacb3bc6a31079e1ce8d	Photos/IMG_2750.JPG
a80e90cfbaa939b98f7cf3573a91355867a39c1b182ecab836d9214a66cebca6	Photos/IMG_2751.JPG
48326d1e2349529edb4f08afbdd75d146fbb333abf257ca369835caf5da5279f	Photos/IMG_2752.JPG
987f302ad1ed9ca38d9751c24f912d88342c2d96921e8feaaa9702540b3f4939	Photos/IMG_2753.JPG
e3d8c0071750a3f7feba13ad36ae19877beb90f8fcb6fe934abc5b1a1710ec64	Photos/IMG_2754.JPG
779d7a40d4d39fc49168f48bd188618157dd49bb06347634e7e6dee0c8be25d3	Photos/IMG_2755.JPG
e493d32ae92ff755a7c7e6b095dc0ba69ffbd1f3998c431a3708b221e4b260b6	Photos/IMG_2756.JPG
f9a0e1abf5037b6de6b4e23763e47a774d3db4c5d12de9c480b035723b76311d	Photos/IMG_2757.JPG
01082c5dd552c144643b61f0ef63ec15f62e8869e0f8698df31da587f89c4019	Photos/IMG_2758.JPG
75ab655283cf33494030c7e0bdfd6d1fb3b3d1a84bbf0c57382e76a053512621	Photos/IMG_2759.JPG
162f5e98e327176574175dfe7ab1492c8717fe94eda75bd0e5f762eae15dc03d	Photos/IMG_2760.JPG
be35e5949f38e9010c045caed0d5ffbe9b0002fcf05a301fb631a75a5cb9ad89	Photos/IMG_2761.JPG
1f9269b2590944131859549e149d26c6d66d19bdd9a5e8c39a55e9dbfdd2d790	Photos/IMG_2762.JPG
54aea4cab892e1fe93df77a2695c7bb451d5d72e0ddc5deaf31c25538d02b8f5	Photos/IMG_2763.JPG
a3f1174c99ab5e8a5c30e8113ffd9be11b71b29d604ad06673ae796e46a6c5e0	Photos/IMG_2764.JPG
8d20acc16fbca7a0def8e65595fba7e2f971880c2ceadf3c9c83bc1cf2ca0853	Photos/IMG_2765.JPG
864a955804d5dd5b243dd4b7914253b184536f2c023efff876b0f45a4823c86e	Photos/IMG_2766.JPG
d75ff255fed5403fe0a197de88a513227e7db704120883ea01c8946c87294da7	Photos/IMG_2767.JPG
be2c40c167a0460d1596228909e06e9d0df73ec35a158080b1279d2c562bd12a	Photos/IMG_2768.JPG
653008903013b91351832d5ef51facda16abfc5e44091115ba480d8a58c6ee6a	Photos/IMG_2769.JPG
5c180513597a2506f9ba25211bd173f005a05f180ef44f83edc719c0fd85f272	Photos/IMG_2770.JPG
87eaec14b1072d02ab295984d85b78c20f3ce262d2832d206e870be89bce53cc	Photos/IMG_2771.JPG
4905306bf6a291892248232c1bb81ca4a594f9b9d9ca954f70066d730e19d939	Photos/IMG_2772.JPG
10376efdd9eeb2d3f7984d946052f50867fa9cfdd4aae9e6567cebd7eeb26638	Photos/IMG_2773.JPG
ca1f36f8a6b94f3cf574e39db7fd910cdfb06d2445f8c859568715e1b8b598c0	Photos/IMG_2774.JPG
333a0da382dc40ec200e9702cad99f0172419792bf039748c3cfa75809c4972f	Photos/IMG_2775.JPG
ff91f20cde5aa22c90251b3b5419df82dbf4210560d090b65f12a99f0204bdb1	Photos/IMG_2776.JPG
bfa0ca3c6b299f3fcab8deedd11c803f968cdf15f159898658920cc0c7102763	Photos/IMG_2777.JPG
94c9bf5bececd335cc61ec997e26a2fe2f5122b2f79410b512625daf0a6841d4	Photos/IMG_2778.JPG
3646625cced780ae605780866fe5f5c3c2c663c4731d35ffc3c392e7ec03190b	Photos/IMG_2779.JPG
fe634a290cc2dcc81b4a6005e58d011a49330e34b27657241d83575acbb6d9c8	Photos/IMG_2780.JPG
13bdcc1a7a6ff97bcf03ee3141cd42c3a8e806fec5a0ecabb326c138ad98060c	Photos/IMG_2781.JPG
739d9b21a55e83863d097f661c064159fd8eeb68f70bc561813cecd950099733	Photos/IMG_2782.JPG
76a8df7b0920333aff2c6d7094acb498f780fe8eca3a62a5964879208e28376d	Photos/IMG_2783.JPG
8fcb94a72cbe36337f1e1020a0581707bbd7110bd71a2114e649bd1dd1d403b3	Photos/IMG_2784.JPG
346a86b0b678d2a66f229d10c2289320011f4c1d42c9ad37293fb2d9b3170a43	Photos/IMG_2785.JPG
18ce3c542abeded22641346e89e915e677df0826967c333f63d86b2d89402d74	Photos/IMG_2786.JPG
f69f15a4c9d560429ef8919b0af0641a59c523c6d51195cefef617869139c53f	Photos/IMG_2787.JPG
09b3a522b1c58803a02ac804e0ab43c3973bee62cf74b3eedb54b6e37c03d472	Photos/IMG_2788.JPG
5bf71b8e06672e40f9312eb1e6ea2904b8d9bd6f046be635959ae5fb76b29b1b	Photos/IMG_2789.JPG
c1365b50bb62444a8c87e8bd3032a29054127b9f35e709edb646b1bbf79cfbb4	Photos/IMG_2790.JPG
80f1bcb3aaea1e398f5a46e3085206618eb30b8cb3d0882f3954aec182064bc9	Photos/IMG_2791.JPG
94fc8f1ebfaee7e912707d5f13b65f3fd619fc19e2c1ac5a6e21266695f3d75e	Photos/IMG_2792.JPG
04c5e0ad376920ab73701fa1a8fe3179b984e483392dd40418b82d08e8be776b	Photos/IMG_2793.JPG
de006c0e61ffaa4b70fb43cee085c593e6f3699964bb0644a103fbd82b192d09	Photos/IMG_2794.JPG
c2a751f6733e758adbad7f29b0e1a5085fb603e8f9606330ea053343b5d3969b	Photos/IMG_2795.JPG
992c7eac332550b55f393d2b923afb9cb50326041e2ddfa4078d6c1f087e2c15	Photos/IMG_2796.JPG
7071fc3a76f153899d54e2d1b746e68e8efb15ac6941e360efa21a4b7a94d72d	Photos/IMG_2797.JPG
b3a4e44ef114ed535e032463dec429a03794c2d0df321e150a0178454ffe145d	Photos/IMG_2798.JPG
e93ea020efcacd69464046de2a72a25d7e175fe3d310841f9fbb70d967df3f78	Photos/IMG_2799.JPG
59c362c40624d14432fab63adef1e0c47bca6904a1fbe2aa1e5fb44fad3ffee6	Photos/IMG_2800.JPG
f3285e50d85dadc80e45f1fa19e39c0d257ab733f149d33475c0ac1d212aca2a	Photos/IMG_2801.JPG
e97804070a37c6c5651dae548d9b13002b47ef67b691e588ede16bdfc0ce45ca	Photos/IMG_2802.JPG
8770179089e10d56a4f935d8f5c22bb1fa311af9697dc81504b053f46905ec35	Photos/IMG_2803.JPG
96b369c118e975371e78b96effda75584681c3b5c8bdbcaec2fdb5f468f1eb9a	Photos/IMG_2804.JPG
f51096525b2b5f34542ed641a336df2d612e0378b53adecdb89bf4028ff6ac4c	Photos/IMG_2805.JPG
aac6fab551218fe5bba7476d5ebd4860daa37bcce8b8c47abe91552695c9aba9	Photos/IMG_2806.JPG
e1337aed9cfca6c5855b3375c231da110f707f525edff6afa82287e4431c56eb	Photos/IMG_2807.JPG
a5b7e2849a3f66be803c94d4e2396276375aeac97b26c956f8628665b40fb36a	Photos/IMG_2808.JPG
35dfe12d71f243aad760bb95c0356d19b0d362a55b962985e50d10024d5c3b4c	Photos/IMG_2809.JPG
76857333a461fbf4bd193ac39b4c96c2d65839ca716189fcdcd6a488ea1874fb	Photos/IMG_2810.JPG
dddfa8540602b879d0b7bf6488e2c3eee5094feff5eeaf04d46c8fdcc91598af	Photos/IMG_2811.JPG
bad52f20470c7d79428e656c38c92dcd62c539427c2dc6f4c149aa6b27c873ff	Photos/IMG_2812.JPG
ff0f05a80f87aae73770fe64238191a304fedba9930f4d78cc3b1f72bb1cd1e1	Photos/IMG_2813.JPG
41a9f4255455c62e19688af94b2e0f1adb0aeaba9e5fda847c3ffb791c0ea698	Photos/IMG_2814.JPG
fc3826f3ccd886ddfabff76035853e7f5bd2145c077a8a30541ee61c6ffd7515	Photos/IMG_2815.JPG
c971e62ce328f8019cce20c918494cca19e1c7f4a503606d2f9f7a32e352b485	Photos/IMG_2816.JPG
6e8e73465e9db32032be5a63ed478a11305178201e1b2041593718722352c2ef	Photos/IMG_2817.JPG
a923b0f48e527158f96fa9f9495cf347828a7e5c5ae23a0e0524ede92ad16b30	Photos/IMG_2818.JPG
1bd965dcf9c29e2400e5ef51ca18cc7e5020ec33edd722fb15e51346b6675f89	Photos/IMG_2819.JPG
3a86da4f3c3df31d060917e03140dd3551c6e1cde8e3c86c0d63fcc0532e6b87	Photos/IMG_2820.JPG
d1f06ef8fc4caf4d30147b7a11fc7b257981d84bb9f0eedf697033d464cd58f5	Photos/IMG_2821.JPG
d5587b70f72d88019be246cfb056063b2d738ce0fce4710f8f4223e76b15a473	Photos/IMG_2822.JPG
00005686dd23e502b0feadc1681989fa38c7cd833cef6f7a7d53c4a2a2b3ec7c	Photos/IMG_2823.JPG
02b90d2702b38245ccaa61df5ca13c6b3b3e23ebc0705e226dc3712d47d591d1	Photos/IMG_2824.JPG
f650469213e6733c941b24c91076c2a9c2de000610cf282d00b9ab6be50ef385	Photos/IMG_2825.JPG
97bf0061322b4f5d9d1d5a622d79943aa255c6ac4727d3509954f5d16c18b526	Photos/IMG_2826.JPG
a66e34c71dcc0a8f3b104dd024e2682988b7502a76b7cebdf8062157ed9413a8	Photos/IMG_2827.JPG
773c68c33f4d474e498ec2f8e8cd80e9ad329028c02d9706a394ce78bc0fcddd	Photos/IMG_2828.JPG
a93a36e6089dc127a2b9c37e1e64501951b0cbdf8367a43cec0f97690eca764d	Photos/IMG_2829.JPG
b21bd0febac27ba516741df1d02fb95be861adb2c347a630ebe0574fa8251367	Photos/IMG_2830.JPG
8118dfc1631e5dcaf74f65fd041dba634eb909f98670a7b3b52450032d7a493d	Photos/IMG_2831.JPG
fa4f5110f1191015ac62fb09f16ee6644dc31bc42effe1fa487d56f2b479085c	Photos/IMG_2832.JPG
0fc9d71ba4cabdd008702b2181f34f7f911beca4d904b283fea0d462a16b725d	Photos/IMG_2833.JPG
28c0a66352a08717e73d9a95c17b22a1d6a263662c97537ab43e992755958a96	Photos/IMG_2834.JPG
b46cddda82018b5fa6fde4b024ce9735363cd6fd582638402e442ab2a30dda90	Photos/IMG_2835.JPG
0d2b191baa2149a3772a7c677025cc3cff6d3c15c5a8878fbf323b42fab70733	Photos/IMG_2836.JPG
e202e78c1852ca6f54e16fa318cf0110ba70b67c4a0ea311a5dd310a6d9161fe	Photos/IMG_2837.JPG
b8d7f247f89c9403271ff249d2e6c456047cab663c14a304e4161f2f65ba60fd	Photos/IMG_2838.JPG
14ca66d9147135b1ddb57c4c634822ba48f775b1eb11667df1f8600c72941179	Photos/IMG_2839.JPG
b954644ca894ab127184d1fbc9cf0968c50ad2a968393442538aaae118790186	Photos/IMG_2840.JPG
2f485561523c7fbb618afcc4efe8001b371b6522f44cabe19da830581b90ae28	Photos/IMG_2841.JPG
bee24b3d742faade2790fa36f2d7bff49ec3bc982e3c276adf40054b80d556aa	Photos/IMG_2842.JPG
dbb314b7885d10ab0202b5cdf8bea001ce398a5de3b77b1159e5d9407fa434fd	Photos/IMG_2843.JPG
3b056723053c83a9477e5c69a3c898fc7e3c519c9ff74742d69bf992f620016b	Photos/IMG_2844.JPG
6b70295f9ee88771554f9a7415287b3049e30471b01abe9bb88bd109777e041d	Photos/IMG_2845.JPG
35ee91b907a5b65b4c0db30a8c2e5cba6d299c727a06f83d9bcc7f8788335dc4	Photos/IMG_2846.JPG
ff07fabe9eef5e28f0c1e78959cf517db9d005ab66824e0bef3a429a610d5e1d	Photos/IMG_2847.JPG
427970653c6d73b012d0860c826a4a5c41188a47e6e6841db85f7ffe09f20893	Photos/IMG_2848.JPG
f8627fd9e9c875d0b6aef3c61b0cac67d87c47ce671338b2e62c0e8726fe8bf7	Photos/IMG_2849.JPG
97a6068996744d096b49edf465b961f22c5ba69f661e58d015e4b8f7148bb4fd	Photos/IMG_2850.JPG
aaede76504c87176deca84520954b165853f9a58ed0d06f4fe2a428eeef471e8	Photos/IMG_2851.JPG
eabddc7ece3bbe757dc83d9b08fbfa73ae73c3cd4eb4350da7f0f47c8d8a03b7	Photos/IMG_2852.JPG
1eac588d4e8f627686940b52b213c53f5b0898a5505cf3c66ac560b7aa4ee32b	Photos/IMG_2853.JPG
9359ceeaee0f31aac50feca9175574e1e589cb237cc28e9a12c8c1233901bd49	Photos/IMG_2854.JPG
b45be80cc71612c0346906ebe4f0c0142f9a798a83ac4968e0743004d8a7cd4f	Photos/IMG_2855.JPG
c9cd3f7e15d8d2168d0acf51a3c970c93756ccb5264e36aeb0a1bc8ac9cb3ddc	Photos/IMG_2856.JPG
b720c4dd7e91ee7b83217e6192123445737c43147b38f59ecbddc0b75d19706c	Photos/IMG_2857.JPG
12340da4528de2cd9a7ce02abb2232e74d55e6ee878cf30162cdac9a663e2560	Photos/IMG_2858.JPG
6de1bd4f631c60cb0a07a3680e580c8bd94804a6d9ec834c23f18ecf7c76aae9	Photos/IMG_2859.JPG
43a980f84e5c473956f88884ceb9efd817221d92b414d9b3d37c65d34b17b7a2	Photos/IMG_2860.JPG
9e83f3f994b034595451635be91bfaa0098610e3af4977eff7151e29b7aa51ea	Photos/IMG_2861.JPG
46407e6ebb1f627faed81b098f9666183e9abc5757bf9758865a45ba7d136dd9	Photos/IMG_2862.JPG
9d93ca728323f693390ee643525b86511dfacb39c27b553f0b7fbf3ae6b228a2	Photos/IMG_2863.JPG
2e5aa58cb4b6b7c5c21511693b1e40fc5873b646ffb79a2e4817b51805a229bf	Photos/IMG_2864.JPG
c056c5862525782e37d6be1ff5e91c80b76278413ccb947e45c59a0b4d5d1194	Photos/IMG_2865.JPG
9430bd26c0fdda73481cae1d2e370a56f6d8362dc3b78c749eae2d11eda7bb10	Photos/IMG_2866.JPG
fcadd9813087eb273f132dea150835f03294c59250d1780d30249a921d5e1a13	Photos/IMG_2867.JPG
0a4dd2c21f92666ed6760a16f73b5d90c61a47e6b806f99d991a2837ce820ee9	Photos/IMG_2868.JPG
2d972e7a0386656d4dc206c2cc540c106b877410fa56dc3e5713e7484b83f570	Photos/IMG_2869.JPG
5089aaf8c5f75032c3eede70a0e1a1b9ee47051cd9d3ea104bd40b11bbe39dca	Photos/IMG_2870.JPG
67c5eb4610498a9ddb067554d5bad2fc6b9fff6b21bcf79b7c0f1b3cd42182e2	Photos/IMG_2871.JPG
f47ee71075943acbf325bd5f8e855eb01eb514bbc4b4f8741045567b7817c227	Photos/IMG_2872.JPG
5bba264281f770119c458c04994c2c8b737f6a84724b740cd35b2c2a21636bac	Photos/IMG_2873.JPG
9429632b9001431fcc8a80665ad98d1689b5ae1296f5b44ecfa64de79bffe207	Photos/IMG_2874.JPG
d099a05a40bb0798cee52114acb0a0fef53574047b9205ce386ae4f47f2c0156	Photos/IMG_2875.JPG
9c3ef9424be8e26be9732fff28329f9de841e209140699c6f1a292e426009b68	Photos/IMG_2876.JPG
499d454b3667bf23f8fcf2e15186e365ee977a212aea554811fc2738e570dc15	Photos/IMG_2877.JPG
f886e1eea44af1f086b24b8e520f60e473867e93b377909b9b1ff5d81bf6b6ba	Photos/IMG_2878.JPG
ce76071436854a283582f59742c16f14266ca33860efa465fc89a9fa04fe47e8	Photos/IMG_2879.JPG
876e311ed03cfdddc505e4d83af79927e34af2007a1da711105b9acad5dd6fbc	Photos/IMG_2880.JPG
241191532ab1c6bae26b12ff2841fbe9692be3f2055226ce1cbadf30a6f67c7a	Photos/IMG_2881.JPG
a27126c49341435042106287e3aecdbf0331511a712426dc631714c19167247e	Photos/IMG_2882.JPG
c826b87027ee222c743d0b93602cd1e11836487cf788e80a03e4cbc8e846691b	Photos/IMG_2883.JPG
880c1bca5d0b5f218d6125074915658981708e566741102717215354dd7b94de	Photos/IMG_2884.JPG
ea068c6904b957157c464228af1d5abe52e09efcf6bbf6b57992e10bdd50b9c7	Photos/IMG_2885.JPG
caa55ff63b4c8599f686d8df272b19b9c15cc32850fbb69782bf8f340de14247	Photos/IMG_2886.JPG
5ce89abd2189a2c87c5138719500510838c3d65929a781b8442c45756db7c33d	Photos/IMG_2887.JPG
61dc5c7042f6c90dfdaeb234b32768797b576f52226f67debeaf805355910b40	Photos/IMG_2888.JPG
c54b4b7b5a759a63ee658d26d3b093658d5887d2db77d7ad68ff640797201c60	Photos/IMG_2889.JPG
1f1535e7fe0fd2ab62f9ea3f035e77f8110b3bb42e47afa1a9eccfb54bd7cb46	Photos/IMG_2890.JPG
f533447857172ca7912f775c157d02e8029a68e18c286dd4dce6051a5f5bf71b	Photos/IMG_2891.JPG
c807e258d4fe592d11207cc164be57f5a6b17c310e43ae03f866560083740354	Photos/IMG_2892.JPG
12c5727be5c1211255ca311b182116c563f77835c14ebe37a9f8e3a8b7ccac31	Photos/IMG_2893.JPG
7dd9157f087b1c61a3437ad8d2a18d62213d6c34fe6de6f0b4e57d72b7842c53	Photos/IMG_2894.JPG
76257bb41a19818cbe056a7cb2d3d313d6a22ade4cd4de5e5ff6a9f796371f0d	Photos/IMG_2895.JPG
4a7229274cbb60c2cb69e092843a16136583657bccc980232a0ce41628d27367	Photos/IMG_2896.JPG
2aa0eeeb635e09f2b5d5702ede4c23272c5c0491419ee748a1b63953c5fb1ffc	Photos/IMG_2897.JPG
2c6d7b7abe012516910282258847bf33a69957640a1e02853c27d64e2d9fd7b2	Photos/IMG_2898.JPG
7258882542bc0fdf519a4e980d9fdeb03b1d680b5111746901f4e84979593042	Photos/IMG_2899.JPG
4b424a0295d4c737f29d1a08d650e836af9206eccdb0f0ab3e7ff22be59cac3c	Photos/IMG_2900.JPG
ce8b17d4ec7ddcf1454b242b638ad7477a74fecb38a135e9c093298d2ead2e9e	Photos/IMG_2901.JPG
77aa8f954683f5d36069093f41bb70996b6e2ef510c37ae19a3e0a685408ac92	Photos/IMG_2902.JPG
e805d46f1a7ba2299cdc5b4dc43a31b016e190d66a8a76a6e034074cacd8db47	Photos/IMG_2903.JPG
f6a5d6802b17844002a15af00b1f268cd58b1ce8b0bc60335c3d34d02dd02fab	Photos/IMG_2904.JPG
71799d88b34df5836d732e9b02343670bb19e876263ae11097e3a267647aa5a1	Photos/IMG_2905.JPG
19da9745fc5cd8ab8d6209e7d55837e67ce1ecb12ceadcf534f53cfc0e30471a	Photos/IMG_2906.JPG
45ed0ee3383b3c805f83c7d540414b45ca5d3ad8e0c358975d2e9bc028509b95	Photos/IMG_2907.JPG
7522293980ab07ba9f4a85555fc7775969c1610bd7e65f102c4542f029e88979	Photos/IMG_2908.JPG
266814f68677ced3ef752e26def87a4b2d65fd1dd961721448e40c0a39b84176	Photos/IMG_2909.JPG
d09714e33d7895772970abae7f272426bad110b6398af2ea0ed8f548d91edf0c	Photos/IMG_2910.JPG
559fea34765923f5cbf4908c969caf817a8304402a170f42692dc55276f9e3c1	Photos/IMG_2911.JPG
73d69451665f4ad7092043ce8004a71148fa4b029916e415ad87cd03a71b5990	Photos/IMG_2912.JPG
f0dc029ad7ac8be5024af2be51ed2fc4d8a078fe1d6473ee8cfbbfe11465e724	Photos/IMG_2913.JPG
04ed4086926be4910cdd80afed943a99f33b8c5c775b63851b047d6dd30f05dd	Photos/IMG_2914.JPG
60bbf527723989b88845d27c15da47e1217a7242b3c51f89890dba9d4fd7f624	Photos/IMG_2915.JPG
0b84e77fcf3d31c3e95c3f0618ef216bda4027b62300a901b744318337e21005	Photos/IMG_2916.JPG
44b1dbb0edabd3b5085bf00b4c8b1eca26c46cc8100a3f7a196fc8d0d4998dbd	Photos/IMG_2917.JPG
9072f7655bffe147deac23b69561e08e08058c78aa738c6aa392df0f54c52e16	Photos/IMG_2918.JPG
b653126f34dd153c6b90b7572e43562762008f6869c83883511bd557346eaebc	Photos/IMG_2919.JPG
c8552e7fcde43ab8acd89830f7380ce95f211c22a153a065f3c56be0148ea247	Photos/IMG_2920.JPG
00b7e68e92b045f09d37ecea46e788e8e6ecc8e27d9ce75c8817f9b0df038c57	Photos/IMG_2921.JPG
babdb8bd197c835b0f5f4cba9915de8d9929cd02b445c63407fc468e95bbe4ba	Photos/IMG_2922.JPG
7124a7c9606897fc41e1ab6789351c8d74c8298d8be6a8e838843860de1deff6	Photos/IMG_2923.JPG
60d6ba06666c805165d662d1661a230426a7e4c307d257451621f4876aa6d917	Photos/IMG_2924.JPG
ee70d019354c4f7f2d1630270f79cd74211b3e521f98f9324207ea488565afef	Photos/IMG_2925.JPG
6c6023ae7652e9f61dd2d8b031d5c1f747f4550913f8712c9af58133ebaa2eb3	Photos/IMG_2926.JPG
61213ec1bd35da6cfa828ce566a234c8ff82a2c4436bac2f8f013a1598476900	Photos/IMG_2927.JPG
f3f47be75573b4b3b640de09dbaa6f437ce90bbf3e670bc534f619e80cc01675	Photos/IMG_2928.JPG
2d62c30c5a03ac8073df030fc11e693fd2653633fa11ed4fb0b3fc24e48be8dc	Photos/IMG_2929.JPG
42145fe8d05e2bb8507e0ee8ee51c076b920c1cbe28b4b524c803dcf5adb669c	Photos/IMG_2930.JPG
76ee4560acf75c037d80287dc33ef1bbc4a85ab2e0c67a0cbfc3942560db5e8b	Photos/IMG_2931.JPG
108203e0abfe1527a578349cd08468a9f3de1d802a5d782ffd26634a441aa942	Photos/IMG_2932.JPG
245a203b03fcb74e5cad74baaf0a423a6be256abb07ed6d1c643436fbe7e4d3b	Photos/IMG_2933.JPG
0c18f4a8d4285dde4a54f498c929824ec23631e643424eefaa6e2c87ac0cc3c0	Photos/IMG_2934.JPG
878d88fab5f2f2afa12ddef407598451c1b406f64106bf66967843fe619a4aae	Photos/IMG_2935.JPG
399078ebe7b3f9a254b0916cd0f80bc81000881cad52f29d0a5d4e42ccef5b6a	Photos/IMG_2936.JPG
7783ffdabd7574a3f5178191636aa6d86e6bf3be58658a17c68c4a273d57daa9	Photos/IMG_2937.JPG
e1e87ed367c46088839e5685110ec89cad08b2948bb7046fc5501447163a1921	Photos/IMG_2938.JPG
26574ad17b20127cfbd2faa554070dd6f90f72f6d8be56613c169d8258b51621	Photos/IMG_2939.JPG
b6b7ccf35da51a371245931575d731862bfcd8e4d6798c48f67e50c10bc0ab02	Photos/IMG_2940.JPG
141ddc596a8bfcc412d2032cd10a1d85a0a5151a6c40d0b388bead8e68a73c0e	Photos/IMG_2941.JPG
8697765d22712e7e2f9a62782cd2417ec6ede6800e1ad4016c1c398b816dbf43	Photos/IMG_2942.JPG
f9f128c34c913cd0d702a60bce71681f387c16ea98aa57952180dfa76e2fcb3c	Photos/IMG_2943.JPG
c2ed1cba0db30cd715f8767287b0c15a273c50298fc71096516682f143ed5eb4	Photos/IMG_2944.JPG
3c3c5b6a051168654576faccfe33707955654940af662a6d2c680d6d8ee7cf3d	Photos/IMG_2945.JPG
2d69aae72a27ac384f2f38138d97ecb5f3cdfbfe58960e516f0e44a372d5a331	Photos/IMG_2946.JPG
710500d4669b6204c5ac1d7d2e2745171b691bb016a02e10067c59fd118305f2	Photos/IMG_2947.JPG
8bb4df9d7195a73d121137e6891a9ddad6816238be6a3acfa18d6efed57e85f6	Photos/IMG_2948.JPG
035acefd7cfe3735acafb5c756ebd131e721c5ada96fa5e5fbca76ef6c3974da	Photos/IMG_2949.JPG
e7be44614cd59c7096174059c18deeccc350485bb8bf1160c44c79fe0c18d40b	Photos/IMG_2950.JPG
f3384635b1050abd3e3f810d4a6c1f6ed006732af8def50c080d072095096fb0	Photos/IMG_2951.JPG
827c99d2ede790c52986008af6b30423df5f0c920778b554e576a79b70d6bfef	Photos/IMG_2952.JPG
e7e1b734f9ea1f66ed8e563e3b80cf006f9eed47abe83cbeb2e4589bc5d86d8d	Photos/IMG_2953.JPG
bb23ffb9f6573ef72c3361b59406c68dd20deee9a4218644eb535d5996c8d0d4	Photos/IMG_2954.JPG
d2e334233774d1d662985809edd9d3d293d5fc916f578b3c3898a9666a40dc9f	Photos/IMG_2955.JPG
fe089d6876204d02b16bc10342d53c28dfffe5770a17da5ed55d6862e8563c3c	Photos/IMG_2956.JPG
e628b9cfc2b9b0c2fefa6fc92ce534af98f800b3e8ec7320ab092f7a5cc5ede3	Photos/IMG_2957.JPG
a882b0785894d4cceb44769166df1237984d81b4266823aed362387ccbcc9046	Photos/IMG_2958.JPG
7667c6e5fcf7139c30eae0d7ad3e8fd3dc8e3577e20ed2331482174e8c479af7	Photos/IMG_2959.JPG
7d2494d272b4b59bf167ae1d33e4661f274d3e2bd4ec7abcb5075f3c9df7b784	Photos/IMG_2960.JPG
bbf77f1c440b0740f0c9c777c8932b072edc0667c57778c347b4bd36935c77af	Photos/IMG_2961.JPG
f519be97d60d90ecf4688abcacfb532018fd30caccff207fe7916e433d9d28ab	Photos/IMG_2962.JPG
cd1ca4ce67429d44b60f1954787e30bdbb5367b39e4b92e755c94b264893fd9f	Photos/IMG_2963.JPG
81fa970be4f6110b3b3833b2316e8f0f7ef78da5694773b2e8106da123f5883d	Photos/IMG_2964.JPG
30f11e12d70577e70c3dfe01feb6e1c9116c69b10ab991cebe3e11a10941cff5	Photos/IMG_2965.JPG
3fcbd89206a9dabfcc9d1cf1d1f4db4f084c7c391f2f3fd574fceeecc770af3d	Photos/IMG_2966.JPG
6a428716401a2e0e837504ac1981da8c03004b898d23d21e8dec89f9558ee492	Photos/IMG_2967.JPG
dd3e297c866e1dc610f38a018fcd9aaae5fa732114c14443df3023cabbd6b7cd	Photos/IMG_2968.JPG
2d28676083f9dce348ac8904c6bb93f2706c3362d95302c6909713e9da49a6c1	Photos/IMG_2969.JPG
fde51e9eb113b22cb9fce42f6f12417fc73d34f215007946029fea606789b0b0	Photos/IMG_2970.JPG
cff389f3ed85c2ddbd77b6d6e9c56be11ad8ebac90371955920fef1fb80be74c	Photos/IMG_2971.JPG
eb7ad7481d6378278a4701140cdd69bc21dc487107be0442884839a64c829319	Photos/IMG_2972.JPG
10b8eb16f247088fc84f616b47ca4436d1c6439c904f0fc2e0fdcea94583e6fa	Photos/IMG_2973.JPG
56a8267d460438ef6049d4a3d6a59cb5833560122c155d97dd0980dab57dd171	Photos/IMG_2974.JPG
20bd33844decfad622fdc1a5297e6ecb1f74eba2470be8af8a284c75da9e55e2	Photos/IMG_2975.JPG
ee467ed947e61a3525fa83a820cad3dcc22ecf2dfb9cf101adb27a833c399e2f	Photos/IMG_2976.JPG
2046c9e1cba678a0fbf633816058d2ca88e7064132dd173dea3c6fb9396425ed	Photos/IMG_2977.JPG
b2231167a47b3c928ae395de19f7774f67328826ec57594078ef9cb3a0b0d49a	Photos/IMG_2978.JPG
717061539733d8476d89f140856c013eec1a73dd082ccfd0d606ed5b86c78de4	Photos/IMG_2979.JPG
bccba61d44f92255d4bdd4ecfd94a6f05f53387f8cef7b704e7f1951f2e7a9b8	Photos/IMG_2980.JPG
7dd12b7b704502d147cc96c7bbf06eba6d4ee989d043ad62f074160d1cb023a1	Photos/IMG_2981.JPG
ee282862099c3ff1adb75a4b8b0c7525eda4662aa7f3a0b5a7202d7748d16a6e	Photos/IMG_2982.JPG
48b9eeff4a02407abf0bb0abbecaae7420abf6130d59f6c09ac093744bf41eeb	Photos/IMG_2983.JPG
590107caa4441f62c07465135009d33feb8d670cb9ce19529680f89eecda24ca	Photos/IMG_2984.JPG
6d522a55cc3309923910ad8f857dd51c89787ae263a9412a774939a7a8e532ef	Photos/IMG_2985.JPG
bbb29e942eb6c0010a4936d8159cfa8f6fb905c8283fd7adafab3a135184ac00	Photos/IMG_2986.JPG
a1ba2ebc1d97075a6ad9d7f82595bc16fbba12e515ea43aa198fb62a6bfb8746	Photos/IMG_2987.JPG
f0b5c47435100c1487a2c80db67699ff1cd8d93f16b14ff184334fbd7dd10008	Photos/IMG_2988.JPG
b85646785aa9804415100ecac41bd0610702189fc7fee66262bb2dc072b6c2c5	Photos/IMG_2989.JPG
578d6a9b937cccfd361d6636cd7522d8a0e8c2ee2b1cc0293376790dfc8792cb	Photos/IMG_2990.JPG
9bccaaa7310ed1a17a944c855b429cd98b2cd2c870efc9a6a2f32b497b116cca	Photos/IMG_2991.JPG
06a5a9d0665cb4455fd01b53e19ad2eb00371058156d39b2ba9cbf1e6745c1e0	Photos/IMG_2992.JPG
90b97f0e654baf3bb4a8797f23671200ecc1b5fbf70679d0cb837256e6f6448a	Photos/IMG_2993.JPG
9424981c06ff9ec9da2d942307f2bb244e609799f9ef6ab8f1180e866c9bdc9d	Photos/IMG_2994.JPG
29bfc8a3a14f55024eb430e698aed5b86432245e2d437490035806a9b0ce20e5	Photos/IMG_2995.JPG
ab34c08640755c20acdc73810288440aaa77d077345fe24098c4b0a29395d386	Photos/IMG_2996.JPG
2c4140e5863d5c95b94ce96b71377e86b2b4daec26c892fc337646c5bd008298	Photos/IMG_2997.JPG
e0efae9a3f3c25871db7dd792d7e5f8470575390681c342e7ee198e33c12b81c	Photos/IMG_2998.JPG
33b2dfbf88d1ddf0ce7738136b44e5ef85813dc18a0de3bd4b4e247a27149302	Photos/IMG_2999.JPG
5fc69af2e590aae7af0e4ac425ab5bcfea48ca9e9e235adc28a9d07daa661330	Photos/IMG_3000.JPG
3eab038719854d742d6f750f503a12f8d6b5de7b767aa2dc837003d74bd854a3	Photos/IMG_3001.JPG
e20c05a257bca65588eb287dbda442e887517c6e19afe2326571bd3a3ef086cb	Photos/IMG_3002.JPG
50c4467066697414d4ed89d392400e9dc9222b6079661ed6eef3ac3df5d27ae3	Photos/IMG_3003.JPG
b4893a7e09b0f74409517b8c092c1b481fdd762d00c999fd27bed4a9397e67c4	Photos/IMG_3004.JPG
458e4cdea72909f560fcf4833abc8152d877fdbbd0b935b6996ebc35e343eeda	Photos/IMG_3005.JPG
1b03f7ace1eec828d1ded90804c65d68f7c20dcb1ee08451582321cfff092299	Photos/IMG_3006.JPG
d61e99486ceaf7df14ead15ccb7ea4b8e5727471bb113ec936721a8f43344bdd	Photos/IMG_3007.JPG
117f714b34ce49a783bd99a7680a31e5f8efb079a4c23b4e0b86c5f6a4f09b04	Photos/IMG_3008.JPG
063cd32c3897af900be8b4ebc362d8e76cef3d7b8eb72d0208378a4b186e4b07	Photos/IMG_3009.JPG
9a73e9b54c28057154cbf7c2e747ff5b57c0db78bcb812b693e2e016dcf59a12	Photos/IMG_3010.JPG
b834e1f579063a33d7e36dd9dc3e619554ae904bb23dee3bd3f9fa102595b8a5	Photos/IMG_3011.JPG
642694d26e4aea25418de56e7dd7c21e641167e2da114b04cff5c0f646fcaf02	Photos/IMG_3012.JPG
6fd3784d1125b123d99cbde00d9bab4c0136c4c48bd2c79409776d423929e701	Photos/IMG_3013.JPG
dca7b1417aebce1e7047127df529b9fa0d2931090960382177c7ee5476bfd023	Photos/IMG_3014.JPG
40a41a6ef90c7f662995c6c113c63178fdd26a6f39ca51b71535a8bd3fe715e9	Photos/IMG_3015.JPG
35dcc8284cfe857e638ac1ac1661b8d9efc57ec23a34c0d47729e4603e5d59ad	Photos/IMG_3016.JPG
57e93798f665b718a6c5791ffb6ba20792714d435de6630b3c873aa038e03fbf	Photos/IMG_3017.JPG
99839ed5ba34088a737bea7ad0bea4f7a8b66eaef14c863a36fd8056f1f108df	Photos/IMG_3018.JPG
4733afc33ffbdcf6da128b8c2fbe6b22fd9122ca800c1059d8a8dcea7cfb0807	Photos/IMG_3019.JPG
279813fb59b529d9c759be0f8543565e877349b820df6d592d77c4e99471c51d	Photos/IMG_3020.JPG
f6522f3752a90e52919ff394dcb1e70f8a2442927e11651766eae5191524d837	Photos/IMG_3021.JPG
4b27daaae0c86e936e00749609c8f755635a08248976c7ebd6dbad0a5a261ff8	Photos/IMG_3022.JPG
9efd75e95873ff13d1e6c93a50aeb018b45b5c06b922e1018c883bd9563d6113	Photos/IMG_3023.JPG
6869aa3239e96125b9d071d98fc1ecbf492d2fafee1754cd75ab241b03046b49	Photos/IMG_3024.JPG
00a85d536a0541c72e3ace51cc8d4a9f431f2d8010cefe56d69f57ef267400b0	Photos/IMG_3025.JPG
fa7d38911c11b94f5bcb97ebacbda21584a2dfba5336ba6e8321c2cf255de3fd	Photos/IMG_3026.JPG
5b1194f103ac933946eb8a1cc32cc752a068911c649e2a5ed8c593aa0881559e	Photos/IMG_3027.JPG
3f6b7994d7105537fd30d44a82d7e6a936600240eb0d1b0f0e03032885960765	Photos/IMG_3028.JPG
5f1555a2b6198646e7118da301d381ca20b11a7c1a2779d7555b3fb18254bb3f	Photos/IMG_3029.JPG
714777314be793abc8dcd29b990923fdaffdcad0f8ce50786de9d2bf9b2db1c2	Photos/IMG_3030.JPG
14d83e10929468e3097d5d3c096898e31daf8dcc09eef5fe2aef699101aa56c7	Photos/IMG_3031.JPG
36c5b10a0ead11ba2ab43297703ed7388b049b5346d3f9f7033f8b6a64349a60	Photos/IMG_3032.JPG
5de7fa471ed1a42738f33068f053645f8608c28363aea235c608418cdb1c1e27	Photos/IMG_3033.JPG
7c70df41f244c2cd90cd3362833a76289182c6483a66d976646dd6365b9c6d98	Photos/IMG_3034.JPG
bf4783df5f27ce268be5b8c3b515a8a43d11926f53e89990e787a458c6731187	Photos/IMG_3035.JPG
55a54b693f139e334746ba4ba84fce4edf5da348b5b425096de235b02d1431dc	Photos/IMG_3036.JPG
c78a7caa275955a0d516cf327f0419c259d504fdf782305af6e035be25e939e0	Photos/IMG_3037.JPG
1ff6d20c0e881cc15c19b43e6748aa94eac17c9d6c106f6710d475a1434c8bf7	Photos/IMG_3038.JPG
6507561c6480f18199707c2c3106222c9ae89d32d791bc28f44f3ad37f24d90c	Photos/IMG_3039.JPG
8b0c213045a4b81ba9519d1451d5472fc1174ac29bc88910523e2d5d2205e007	Photos/IMG_3040.JPG
6d7728152d803ec2f013c19b625e44fe5f7c9aaa08e71450358099a50583900b	Photos/IMG_3041.JPG
c30289fb735592fca3e230fa5b37fa8b2af8f93a4d0631581fdbafb30815ce1d	Photos/IMG_3042.JPG
758e3c57b281364adaaf0d034d37aad499379cfdd22b077fea4e9ee1a6db8ad8	Photos/IMG_3043.JPG
03b92120fd970c71ea95c6ed84925da867a1788598d13c647bf3ffac57c24d17	Photos/IMG_3044.JPG
c6ccecee2a765ca0c26efae41b887e138795aae5adc974897d408dec83132210	Photos/IMG_3045.JPG
30fcd9c90883239719f2b7657ebc89bc8aaeaace57ba2cc5ffaeb3b91a031a6e	Photos/IMG_3046.JPG
24648ccfd0a2c68fa35e36df574938b2475454168c395a2243844aff38c7afe2	Photos/IMG_3047.JPG
7332be4feb2f2b4a9c1c0a6e3e51a0bc7251a3402e092c5989a5d879c3290dd7	Photos/IMG_3048.JPG
32096da0ae1ec5bead23b96cbddb6316e461a45c6474dec8e43ee3ec411dad75	Photos/IMG_3049.JPG
05d3908372ad33fc8f7af53c2db34495ee8193da57fdfee22897b82ccbcb3280	Photos/IMG_3050.JPG
c89aa6d739c013267caeb2eaeb53c58bf2b96369d68d636d15809a2be34169ae	Photos/IMG_3051.JPG
4165c8f031bbf0b39b13bbd4f3a49b4b5d31c0bd0db65a6e64630d44a745ad4f	Photos/IMG_3052.JPG
e86adc09208a4090292bb6e6dc5b355b40c4f756cf630a5eeee9ee628b7f2cf2	Photos/IMG_3053.JPG
b5f0d046a7d858823b58f3f75a4f652349fa066b37e376f846dc958de654b654	Photos/IMG_3054.JPG
0aa39b040303d3dc8630f3ce8d5942dd1dd9383362a22249c5d74395419acfc8	Photos/IMG_3055.JPG
fcee56039a8e1e8c54cd9c2e0337ecaa98fa686e022faac7949b8ec176520656	Photos/IMG_3056.JPG
6074047df824d7b5a2167c5b085885469b47588d08ef25af7073f4ccfca1830f	Photos/IMG_3057.JPG
ce3a683f461d1430b7fe52d7963c9eae37d3f3bf31c5d2c115d2d3b17c18a2d1	Photos/IMG_3058.JPG
e3cc6274b036c31579b14413d002b968ff92fc3ea1db9a90c16876ad0487357d	Photos/IMG_3059.JPG
709abf0508abdb7f6bb2c554333ebc1967c42204e6561637ce7ca5b42acbecf6	Photos/IMG_3060.JPG
0988c01aabb693fb4ad10db2854b609119b5198ade8c4901db89ac08ee975c0a	Photos/IMG_3061.JPG
d4664dbf30cc6cf20aae26bfeee5f1754f2adb9feaa8941b4f5d535198ef91ba	Photos/IMG_3062.JPG
97e2c9f82f6625ae62e162d0d19e5f1ab9f4df7e8fa8787c755401f1f3550a39	Photos/IMG_3063.JPG
6d1da942c989cc80df63c6b219120aa77ae97543080208983c04e4a91382bed4	Photos/IMG_3064.JPG
69337adb5015b81e6d97abeb07cf4394751c925a6e54e5d795b2c72abb421b3d	Photos/IMG_3065.JPG
11d344c8e76308e9929fc52debd7f0d4ca6713c3ddab7d73e083b7fd511780ca	Photos/IMG_3066.JPG
11647c20323296b429e6191959646dd4a3d8caa184be6458c1124de810d8f1c2	Photos/IMG_3067.JPG
fbd4a59c4563d5e2f0ba31262a0f8e6837d4917bc3867393c54878709ceed68d	Photos/IMG_3068.JPG
ebbfb2012a7e5b46cb39671a81b58d66d01392cdb841358090d39aec16f9953a	Photos/IMG_3069.JPG
1f0419ca103058cfd1a33c987833dad7b060485582bda66a9b65cdc2ab12a9e2	Photos/IMG_3070.JPG
a818698ee32244cf16e9782943d581b89647337609da8bb53163d7fc7ea359ed	Photos/IMG_3071.JPG
da0ae836b7365fdfddf2a971e7d0b2f03696740a6c7be749bffe372b42a1f5b3	Photos/IMG_3072.JPG
cd99c0d63d80fb292ac39f52c3f7ef0680aa6788444c1e0a5ab1a14a49948d3b	Photos/IMG_3073.JPG
a55ec3af3580b768f085a69633f7288f913645432f7b7d6386adc1f8a764d72a	Photos/IMG_3074.JPG
c934ef80d86180259c7687b7d4e21c522d92f6804013fc95ae7814d9c9e1bb84	Photos/IMG_3075.JPG
61cd8a233aaecafe4f068f76e77704983e0b573d5126bef038dbe4a70c442703	Photos/IMG_3076.JPG
33ebf58644eb79e03f903f9baedb6ff4d4f81bac4885d8f8e0d444d69dd445ca	Photos/IMG_3077.JPG
e0a83e07158fc58a800465e3a992a77c0cef1a6eab7baa767038ad3f700b7d52	Photos/IMG_3078.JPG
ce3127f8bdaa9c1c5e11199a1bde0fb4ebf7af75a0a52f89a46781ff8f5883ca	Photos/IMG_3079.JPG
ded3fd2bdd0e3fd21054c5cba1d965afcaf43d0d5eb3a1449b88d9a03e0e46d8	Photos/IMG_3080.JPG
3e067338ea1c1843e0f73d6942f1299daacd2a6983191de26963a881682bdded	Photos/IMG_3081.JPG
347a729e1872de42e09cf375c3530d703471ee664b2dac90f05085564e578032	Photos/IMG_3082.JPG
e0064ba730291d2cee57dfa7069b5042ade5d0e94b9112c79247c3d74822cccb	Photos/IMG_3083.JPG
24c313dfb3b6b9d3ed5f7074bc5f1c4cdbf2ca07fbcf7d9732b45aa204833683	Photos/IMG_3084.JPG
5c982229026e960557361426c7125bcd1b0f8763313dca07a301d1d487cfb285	Photos/IMG_3085.JPG
bfed3cb40a05b3dab0093484cad1d3c98fe27f14ffd179eb161fe82179ef0914	Photos/IMG_3086.JPG
73e9d3426c7a8b4fc3a26cfbb4666ccb5a6ac8c6cd831b397c30ce108d89e259	Photos/IMG_3087.JPG
f087254f4957488d50d9f0fe01326a39c5d2c5828d8da0bae285ebfc32166b70	Photos/IMG_3088.JPG
3abef6711f8d30425b70f4f1be21021b94042f54b8974a3510d3f91ef6d6501c	Photos/IMG_3089.JPG
4d6ae220fab90ce3200a8268b95b35f0f8d3ec96c9fa11dbf2d1125eef8963ad	Photos/IMG_3090.JPG
0fa056cca300ae50fea3e73937b776529e9b4d2625ee5f3609d67c7fb53fabb7	Photos/IMG_3091.JPG
086bb94d97e170a244407fe76ee945c91163df2d84f7bca113913c434616d2aa	Photos/IMG_3092.JPG
ac01e1619da9a03a0a20540fb1e4413bd1eb0187d03f5b99bd3c5c29d12960e4	Photos/IMG_3093.JPG
ee8f8f270b416ffe4f6e2d07585d3c447e098bd4e84cb530c724faeaeb137e1c	Photos/IMG_3094.JPG
85d438890e31b803e05962d8989d8afd7aef5fa9b45fa18baf80fbaf60aad942	Photos/IMG_3095.JPG
6e7c7552241b3c5360edafd6521e3c425139a2face6fefbd5e2ea72507eaa981	Photos/IMG_3096.JPG
1d6c7c97ca56f3b5647f6d750bfccb9ae88e606e523717df8445a29f9bbefa85	Photos/IMG_3097.JPG
4628c4da166e8f2f4b1e7632eee44cc1f9f135056def3fb256704bea837f03c0	Photos/IMG_3098.JPG
f337606e9a43ba4f874514e2ac31c6227f9c5b552458c37518da19011aa98494	Photos/IMG_3099.JPG
7d6435c85be0cd4cf6dcdf6f4e3d65a2b4245624bb199b997689142259b0ea91	Photos/IMG_3100.JPG
8bad132eeb9c3cca90d50fcba4241bef4083410d98d21aad2e5c3b06cf74393e	Photos/IMG_3101.JPG
6f84279b40ad9c2491728132fca5b1ae629eef11b41425a6b2f877118891d10a	Photos/IMG_3102.JPG
205d34764f2f968630d7969cc392fc3f02bd42ec30ad62e53ed662ec519a295b	Photos/IMG_3103.JPG
c8a1a8cb7440b3420ed1f2271d539ca008ef394fe5d9a8cca6054c5dacd97a0b	Photos/IMG_3104.JPG
98320c922b1a419fd820b00997e38911edc74df8a5be14568dea2ca68a9b33d1	Photos/IMG_3105.JPG
ae8f9c52847a3796fc7d410b6e39fd813f63877dc4b46a2d010237a5d365e412	Photos/IMG_3106.JPG
a1ac317c701e7c459664b796e85b4a3b0a21dfb50608a3e6117fb2f2085aab65	Photos/IMG_3107.JPG
bc10866d4248ef1b9d631b53e52e2327ee0a17299f3063788215bd7cb6800e00	Photos/IMG_3108.JPG
4090aee355bf27975f953a6e2f282bae1e159d6142e8dd77c6242e0f09b8fa9f	Photos/IMG_3109.JPG
bbaf0a0120e0e0abe2614784429dcfed3e64485afcc5564f9eaee675ee1824d2	Photos/IMG_3110.JPG
f3b91ed98182943c76111ade777e9d7b838cef1884faae5432f339797e48a826	Photos/IMG_3111.JPG
4b2978a9ec637d6b3ee0b82bf22f8c32852caaf6975f22b177b31a3dead02240	Photos/IMG_3112.JPG
49c2f997dfe7605622876e6dd5add259da72d1cbe09f086fb3f9b8f3db38aa9d	Photos/IMG_3113.JPG
e033556d4852adf724971f49846fea502e86a2d86f441de1887fb0fd9383139c	Photos/IMG_3114.JPG
8d4f0a7090d608d6898efb37d40bf523026fda5de1b9ac1805723a5344c8d781	Photos/IMG_3115.JPG
c3cb0875af7d3611bdf2123102eb71dcc7eb035a81a5d8f72b6f8b336f9f838c	Photos/IMG_3116.JPG
b228d40d4703760dc5b0991dede903f11842e75a95989bec8e67d83fe25efde3	Photos/IMG_3117.JPG
74e09a19b2b37e21c91000c6e7ceba3b02f82b5b2b14ebfc28e6d365b9c06944	Photos/IMG_3118.JPG
b2e1ea647ea972200b9f5cb380e58971781e2e19f0321d30e504d3403ab9ab59	Photos/IMG_3119.JPG
4f64558ecfcf756bb3cc44b77f49d36890b35fea35a5f88583746345e2bd6efd	Photos/IMG_3120.JPG
204df44725e170a693520cf444c3efdf0f3b9c292191c99da17bf9d76255802c	Photos/IMG_3121.JPG
1851aa94624aff27e33c92fd2ee46620c56b560644bae61d564de822b05bade5	Photos/IMG_3122.JPG
8094f2ee62d1deab74cc285eaa3844648eb2a098b53c193d5d1710063744d7a5	Photos/IMG_3123.JPG
0357667f36d4f52125e990432a9a8fadedf94702ebc64173d32a93b721e7c33c	Photos/IMG_3124.JPG
c04e6326ab27f832efdd24755c8c80a8245f4acb831586fb8534da1032dcbdcd	Photos/IMG_3125.JPG
bccbeba5fd3600f46a2dda7e728a530bee448aeaea78ee3e3ba221c8b70dc066	Photos/IMG_3126.JPG
b0acaa11459b80daf97d18936c7b772f45d1f456f63f06dbe22b8f3d2fc53119	Photos/IMG_3127.JPG
0c94a9b66e46ce22d05aa383d66c21b6fcec83015320f2ef7934700fd757d70c	Photos/IMG_3128.JPG
e244e828f1455ca7d3821e62598084a7a116b92e468877b4b37b35dedce56716	Photos/IMG_3129.JPG
4628d68d3076976a93f726cc048637b867bfed19926b3dcb1384dd64f171980c	Photos/IMG_3130.JPG
5ee3d5870b79e71706c32dccd9b0880c46103dc8d9780ba7e81f6a9e759610ed	Photos/IMG_3131.JPG
c8e54acead8411dab9eb657655b57f70a56796a50566346de87f328a8757703e	Photos/IMG_3132.JPG
024cf2cd10495ad380279d04fb71a49af1010a9679e22b610687cc44ecd88296	Photos/IMG_3133.JPG
832f367df66d30366697b10a08af5495cbba54c007a7fa00c693eb0f830ecccd	Photos/IMG_3134.JPG
da125ab2a4321781b192accc66a69a6c3ec603ee2d046ad8f203b92ec4d78761	Photos/IMG_3135.JPG
8a730286f98068158e676f4f2fba9e67203569a4dd33d49f94d2a015624278d6	Photos/IMG_3136.JPG
43291d22230f5392fc3499c583d5d32872f4f93a061ed6deaf34d24b6380b019	Photos/IMG_3137.JPG
178b9a784da5da65a570706dc20366455b4450ba13a4ea931fe76bc028ac5e8a	Photos/IMG_3138.JPG
e18b6eb8de2bfcb4434ffea050fa9e6087db3234622df59ac6266baa5c63d4c2	Photos/IMG_3139.JPG
51086d2967bb877334a5c152cce141f264d694e66f850f6a126ccc5f0ee517bf	Photos/IMG_3140.JPG
ce34c533a3492e9317c59c492d737ee5019e681acbb1252c5e0949dbac72150f	Photos/IMG_3141.JPG
606bee6e7e7bc790d26ceadae5a5a1daa01cfd1aef80b17bd003eddbed28366f	Photos/IMG_3142.JPG
840d6b92c4074f4e889fd4831c0bd18db520e66cb18d0561052fff7e1444c3f0	Photos/IMG_3143.JPG
deb2bc784a938ce50724fb1b3c8207509e42a3283dae8b1a8ea581ec66237ad9	Photos/IMG_3144.JPG
6eae8c47cf2fe93345ab1e84e960892e842a52d9956479e939d27d10c6cfe24d	Photos/IMG_3145.JPG
57444ef61f130556d536d403643f6fdaa09e9ddd45d9b99774e083f88571982d	Photos/IMG_3146.JPG
2b6486d2d2074dbe0e219fee6959f5c847a9ddfe410ce57ef11decd24c13a79d	Photos/IMG_3147.JPG
2b841033d6e31e86781b0daded017f990ce95d2cd4f7e86832323fc89b350d1d	Photos/IMG_3148.JPG
2c86f38692b21229e433275e32f6b2d6fccc25b05af63a1b9818112dea5f0858	Photos/IMG_3149.JPG
b3c6beadd9fa2f5b3947c3905403d9e9a7a33b349f824c63b8767bdab184363c	Photos/IMG_3150.JPG
2e9ee767e0d304bc09b40b6ad2487537d681b9f4240c58ba6ab8d61599ae5a73	Photos/IMG_3151.JPG
17daa7227b943d9b3ff22b675037b5d976711cc551f5f44e9c776f1e826621bc	Photos/IMG_3152.JPG
bd4042fe93d60c820cddc83a1a6eb2ae55df422fb9da826a8385ade1ebc21e99	Photos/IMG_3153.JPG
4a8cb51555648659e8bcf6afc13002b66dd81f79e1a7f8b9ef5b4c31ba0fd722	Photos/IMG_3154.JPG
c03a8e8cf83436ac0a3182d32c68f408c61948936ce929d32826357a71aac8e2	Photos/IMG_3155.JPG
4fb74b7001fdeea072beee16f640de2ba13202f40f995772a0d1ba4d25d14192	Photos/IMG_3156.JPG
3b6edc56735d0cf2dd45eee72671c63383cec940b0dae62b8f5da72c7b2cf000	Photos/IMG_3157.JPG
00d8e6cdfea9b9806577ba12e0ba0da82ac68247d41206717c5a079d7da5d97a	Photos/IMG_3158.JPG
ea230049f34a64c6a66a00b9fa58f008215ed3b88974bfc947eb187810e866cc	Photos/IMG_3159.JPG
7a3767157aa5ebb9674c15d6a98292a31702d9603521af47c76799417c990c47	Photos/IMG_3160.JPG
b595ca2b8515bc8082583243cbaa471cae5c65ede6585d582fff37748de8e4df	Photos/IMG_3161.JPG
4118962e598f601d03e60aaf55e862fc94f53b4bb9bcccc470a83dae76788456	Photos/IMG_3162.JPG
959201845053a50c830e6b6e12897358a8a4f4867f3f27afe8468c56d13514f8	Photos/IMG_3163.JPG
219a8f8d0b7a6e9b1cdc5472c9cc54ddbf94fcf8798f3d804bd0502d35af4433	Photos/IMG_3164.JPG
cc1aed1d7c40fee715c6fc02927df69dd3a03d685f6db34552c841944c8772b9	Photos/IMG_3165.JPG
39763d0f88d7800d1f9600dabf48539999b7da4754c5a07ca6b71fb5e8ab4a24	Photos/IMG_3166.JPG
9f392d40c97b6793eb753ce1bde6bae01fbead8b9f9817d11013d420c2d3e2b0	Photos/IMG_3167.JPG
5cc12b41434e023b52997d5a44b9484922332f88131f439ad0a8f9535d3384d2	Photos/IMG_3168.JPG
5b13e6189a88ce3ce9b6274b8fa153cb0873be15653ac1f280c1d78d4419e114	Photos/IMG_3169.JPG
315eab3f042344bc7c9c9fb37fd77d8aa0ee6b6a78f1c22b971d524f06ae32ea	Photos/IMG_3170.JPG
0d10a205bebb32fcba790357a5975e3b2e96a23eedbb695b831d2333e47ea539	Photos/IMG_3171.JPG
addcc17ab7b8ade18663cb4cac42f177931e6ba2f80b3fcf3f9914337df5d399	Photos/IMG_3172.JPG
7e73a42529abba4433405ea50a37c4dbef7682166806776a6451418341a6c503	Photos/IMG_3173.JPG
620c35e3a0585b92b156a34147ec36402ed9aac4660c35719099d406c4271bc5	Photos/IMG_3174.JPG
90c8a81c727599905fcdd9fcd740f90ca5c42351835c7fedb072b41f3daa9514	Photos/IMG_3175.JPG
671bbf0a57455e72084c155277dc4e7b77e03a31e8cb95ab2949e07939c2e6e3	Photos/IMG_3176.JPG
11f09491f0bc75adfbfa18da9620164045c5cbd061a103844c4e927f57752ff8	Photos/IMG_3177.JPG
4701e12808379da281634db09249b6fe180718e8abe9101abf0a2971ec195c3f	Photos/IMG_3178.JPG
71305d189be79a8e59eca8b38fb90079be971f5bb35ae28cd3abdd0f4942e83c	Photos/IMG_3179.JPG
d677ea64ed3cb76111bf3da69944e64771acc1f729f97b6c0d97146af209b702	Photos/IMG_3180.JPG
65a0714a25f7a976e1a56351bc4477f7d050b74a6f9611bdf0f929aa0f2f6861	Photos/IMG_3181.JPG
a72c712a735b6f2ce231c34a746dbfd1d2bb3a5bfac536f9fa4f3ba0ae3d2960	Photos/IMG_3182.JPG
df92eb2c602ffb797014adae4e781303d4a7406257631b080443d641e09c9e02	Photos/IMG_3183.JPG
beade51139cdac6849179f4a95b7be720293b69756eafe684aea6357c74e4551	Photos/IMG_3184.JPG
a7d9354089433d9315c1d40f3df5c13bd8d63444ae7d8956fd84a37fc585b36c	Photos/IMG_3185.JPG
bd95b6ef9bfdb770045a3a89e2b7d947b553538636742d2e728ec4eb733f8386	Photos/IMG_3186.JPG
544391fe067477b9d8b336eb76aa1ae18eaf347b221ac5c9ce42036e9f2a8811	Photos/IMG_3187.JPG
97c46e0319eed2f614a11fd9699ef4c6d024d7b8118e8f52bbd63f09b86156b1	Photos/IMG_3188.JPG
862445f48115a09720abd73933a693b609dbac034585ad2bd90a31112c3e88e6	Photos/IMG_3189.JPG
921f5cbf22fca2f93d2ab741fcc2113fb51c5d14a3cdc1f942a121ac411ba4ae	Photos/IMG_3190.JPG
17847e38c6ed3dee90a50c4507372b2301a1125fb9e3076df656539aebe17b06	Photos/IMG_3191.JPG
e0760fcb1157c13c07882ed153360ae0640fdbdbbf1e8596de4dbb5caab50a75	Photos/IMG_3192.JPG
f9a1cb358c6437624e2cce8f625ed6be60fe4d39715333a87a2fc8bdbbe70388	Photos/IMG_3193.JPG
4de91a8c9798cafe54e0904c1f4cd33ffd9b3bb04660161a1fdf07b9703e68d8	Photos/IMG_3194.JPG
7f59748b655cf81f4094a47b53dfad44a62f71888367cdec747293b387eec6f0	Photos/IMG_3195.JPG
17bbd5f0e1c0a2461560d64226273735329d1cb16ee9e672981983fee6865f41	Photos/IMG_3196.JPG
756905102a502f37f23c6b368674fb7ccea87662acd524df1e44abe6640a2c68	Photos/IMG_3197.JPG
21a4088ba6ae64369659ed5d8e408aaacf5806d47ec8c996383130d4d2c9fa82	Photos/IMG_3198.JPG
8bffce34b62cd8bfcfe614b2e137dac5a46a76bd69357b5e3175eeae858fa73f	Photos/IMG_3199.JPG
9b9e3dab8f839642b4b26dbd168f141fca8711dc6fcd43010ea11a9da63a1150	Photos/IMG_3200.JPG
48a305fd01d1b37ab411b3154ae8dbac3558c32a68e027e9a6b96132446bb96c	Photos/IMG_3201.JPG
3277ddfd2097795e906b801593bb1892c88ff6a3d8f5d2669dae6b6afb1073a5	Photos/IMG_3202.JPG
74d57d6148458590acb3bc704a6d5598207bc821289c2d51956c5a4472ae578d	Photos/IMG_3203.JPG
8e000ce6fddf29ac0099c203b0dad31bca64defa108a091da3388286fd995329	Photos/IMG_3204.JPG
c173d9024438a8b8483b92598da99b5cde886b68650322d4201350307c77a66a	Photos/IMG_3205.JPG
8c8134b662dc66bbc5bfd2f44825c8cdddddec33a7ba3e7e91a70d8bf220a8ca	Photos/IMG_3206.JPG
d9c44d5fc30be5b97090ed11e89a8177d685d8f0483ab01ff1813920fd6e7bd6	Photos/IMG_3207.JPG
7cfe14ba28c1b866733cf08ec508afa5ae14f1c42b849f28e662299bc133bf88	Photos/IMG_3208.JPG
939a7c71af5e596e3cd7224d2b72ca26ff2cf8c5a3fed5df7900a212c46629f7	Photos/IMG_3209.JPG
a5d340f3472f4258473b59e3ba831d83fddee9c2db15f779c52f66eaad7edc7a	Photos/IMG_3210.JPG
0a28cb472a3f4175eba6a665bf9d3964191708de697a621f4eae7871c0756e52	Photos/IMG_3211.JPG
9589d9c6f2b0344b7b7f662bf7dc4b14aed67cc93c79354e8c16e4f395ef745e	Photos/IMG_3212.JPG
9d99620b827019a188a2540e4550418be12c5918b94f64c9838d242e16825ca8	Photos/IMG_3213.JPG
ee851e574e9b6217286d3eaa34ec2aae86fa3e6ab4eb32cbe9cf29e65a3643a7	Photos/IMG_3214.JPG
949cbaa7e9dd63dc996321e9fa07551ccdb890048d575ee6af71dbabbd14776e	Photos/IMG_3215.JPG
4d3d600e29a10fb2259402f0407541815a80a2fc765c4b52dacfdc9663c0672f	Photos/IMG_3216.JPG
1ba6fa7296cb940da124fce6a00374dcd58287148420353e835816fb0e637052	Photos/IMG_3217.JPG
178053d22ccc51ff8c7edbf332174decdb8238213dddde66814944347fd52092	Photos/IMG_3218.JPG
6cf0ec947f2f1901dd93ca699ba009a397e1483bf7711edfed632280c11a9991	Photos/IMG_3219.JPG
10c0fc68736ea578c05412a7f30ca6935d037a08dbca8d394460ff8cf42cb0ab	Photos/IMG_3220.JPG
6765f5768d39089daf1c40197a8ec5d3c8a610caa7970eb148cba630c0a4d961	Photos/IMG_3221.JPG
0a571127ab61252a507e30587783e5c23b89dbafd0541c0cf427582847a0f0ac	Photos/IMG_3222.JPG
488885c505e6bb53275c7a3b79bfe167e932b04deefb2a21817dfab47a453b5f	Photos/IMG_3223.JPG
fb7246c025f12f7ad494771e575ecaf99a6b67e0b7c8cb93b6a73f42ed89cd57	Photos/IMG_3224.JPG
19851b341df7bfe5be9e524d0dd5662489c70ee3d5e3585934a1508a891417a1	Photos/IMG_3225.JPG
b4e2457e1c7d24038308c1a888e0cdaf5aec3ff93ac32ed63379afc2279ca6a5	Photos/IMG_3226.JPG
047d3576470c34dafa8c862d43b901e7d883dd99b339b46c0848fea4e9e6c253	Photos/IMG_3227.JPG
afc0cdae13f9bcbcd7117e2de9dc37c1564db523c6d614967a87a9b8bc973f68	Photos/IMG_3228.JPG
e98d7e6feb2253c973591a285f21d24704b3ccae5976a4728d04f14e5a13ea47	Photos/IMG_3229.JPG
243b249965d24181f8384841f7c67e7bdc4acd12f5d1fe51030a9db04647105d	Photos/IMG_3230.JPG
7e89b0898d220081268db47fd2cd478491c0996d04ac2bf556a662f75247dc5b	Photos/IMG_3231.JPG
7f201264a996c98a52d29b3831ee88e75c326835e0defe04a8dba7e23567b7bd	Photos/IMG_3232.JPG
409e7555c56aee9e28c097605296741a4753dcd156732ee491b09ea156827490	Photos/IMG_3233.JPG
1b5a71c20729f43b5013831163320c220acbfb58c1b7972a3585fa2a7c063447	Photos/IMG_3234.JPG
88da5f40a3fa78e7e81993acd2f185b5c222d43ec807fb1b2fe2ca577f911984	Photos/IMG_3235.JPG
c7ffa2ec0cf3fff9e2e3eafedebe3ab2ffadee2b245561c292ae1b5a63d15ef9	Photos/IMG_3236.JPG
e0d8bb656e84624c292fb64666ddbcfee06b885f3241326d72ec6b59ffb60066	Photos/IMG_3237.JPG
396d506170b65c0dc5c17dc96f9e9d90df21cd808236fe107cf9bd68664f97e3	Photos/IMG_3238.JPG
8c15a6cdd40b232aa97b26575f2f4ce34d2cd37a68454ec88ef02c40af44b468	Photos/IMG_3239.JPG
6fc517476a83e36e4a27b8c304a0e45e82d3bfe4ffa44b8e11b8f1e24ac8deed	Photos/IMG_3240.JPG
a2de0bf0a91ff86437de3e39eb695d612ee39bdb279bf1cdea0a01696dd9d3d7	Photos/IMG_3241.JPG
5a7e1891a58a26e917e5c6aeed5d827f66d48318b2c36c5ded052bd5abf73441	Photos/IMG_3242.JPG
b401c36c4b3b92cf216da714f228d6f3af929171dc34bb8d7628d54ac9e01ce0	Photos/IMG_3243.JPG
b1d78713978fbe7c938c9ee8c48e916fa71dfade6ba0ed1e22f8420eba2a298e	Photos/IMG_3244.JPG
3977e0bbd8e0d86700770a16c77a8fc45032537c9c4fb70cb940e790322c24b3	Photos/IMG_3245.JPG
542c53ee43e0c5ca0ef29f80ba088c353d9eeab6f10009188caf15cfc7eda919	Photos/IMG_3246.JPG
bf559b399d211a3861797e4060a9977270273d7e41b481d2bdcd45fa1a4413f6	Photos/IMG_3247.JPG
244943c7109a82396909cddd975fbcb419387b6060a3b369345e5f60cd67a95b	Photos/IMG_3248.JPG
f61ebdfce235ab9d06026b246c14e485747a62e528e7231dbe4e8d4ab5d6bc9a	Photos/IMG_3249.JPG
b803e68dd3e51b039cfb411be35afca14c3d0f75a85c882e8f14d35d4ace0b56	Photos/IMG_3250.JPG
2f2ad5a250a669aeea5c70462b90f87f04b6ce29316c11311c0ebf8f3968d441	Photos/IMG_3251.JPG
44375a2565f2b9c80c3a4d190fff576835cf5dbc36c2b4299fa8b17a07cb09b6	Photos/IMG_3252.JPG
7c671143740ea55dda1507f664b4917ed7d1b624305b3cd1348fadf07bf99a16	Photos/IMG_3253.JPG
1633e38cdbce34e3c13ca2b73236bd7f45454d2a900c2b57540c4b5c0576bbb6	Photos/IMG_3254.JPG
eafa46a6c097a7e85a96e760b17d54deb946a65f50814b3169d1b736268f42ce	Photos/IMG_3255.JPG
d69ba586f544829e6dcbfcbb022f66ac81e6949984f793dd2609c672b594bb6a	Photos/IMG_3256.JPG
13b5162fc6d42e9d23def56d1a9e42e6ae23df8b5fa71503c9c17667b3912e1e	Photos/IMG_3257.JPG
e0f961437dba3c08f89c4df00874fd2c35bd96140cd44227a528762aa01c9869	Photos/IMG_3258.JPG
b501ba1a2f3e629a5891ccfce5dd93be9d1eba9d2a620874a9b23193f41d6c74	Photos/IMG_3259.JPG
8b5bb431fae9533266d3e7b0df30f6e7b81727c977df2da72c1dfcdf8495dbbd	Photos/IMG_3260.JPG
e533edcc56d1b1ee2699763bf0de808cde78663b9c3199091c4211e69f7cd392	Photos/IMG_3261.JPG
3744d7036dad652cd7e0dad57debc6d03a0eea116e46f6ee4e5bcb1952557431	Photos/IMG_3262.JPG
ecff90807ed6be8200c407186a0566c297769337c6580f21d9727eba131ebd12	Photos/IMG_3263.JPG
60deea6f61a1f14a477ec8a1443e1dd7671e6b3f3a7201845d638888f493c7ed	Photos/IMG_3264.JPG
8fe782d591835fe137b62c8dab32553d2347bb3fdc6d52c533be407a49f6700b	Photos/IMG_3265.JPG
442dbe1724f0d4a17d0b09f3409e5073df5ca8e3efdc4e4542b700ec3f4cfa50	Photos/IMG_3266.JPG
21bbbe74eec97f0adc0b6d50240239c67a1f81011f8e0b7a8f4b9a25b0f9e556	Photos/IMG_3267.JPG
60790f951641ec2b655f34aac0cbc303bafe31f17114ba19dcfa65741978ffaf	Photos/IMG_3268.JPG
2d27c002f078954b110c1c1504191dda2ae030ea4b2a131c0b210691306705e0	Photos/IMG_3269.JPG
a69b3ef90da75b49720399c4a93ddd5d374142c0b85babc813290bbc4819534c	Photos/IMG_3270.JPG
66febabd47df3016fd1db897ebffeb4bfbbf1bf1b5682bec918ad16ea9ac66e7	Photos/IMG_3271.JPG
809b4b8eb27217a43bbf564ece4bfa1ed1b633687414d9b6c06ef5fc7e0a991f	Photos/IMG_3272.JPG
6e91cfd946b77e06137504c207609d1aea745e3cad85ad25f9a0aa3cd6f2b084	Photos/IMG_3273.JPG
e7034bc8eb965f69ac40869155a2d7e25bd2685f7625498fff041f2863b7e124	Photos/IMG_3274.JPG
d170ba9d21399be7fbf03a0f844144ac27e6345ba8af559ae091c044a43c2de7	Photos/IMG_3275.JPG
db1f03a3bdd551c9addeda80ef9cc970ef6dd37fd1fce1698f0ee799cfa2276a	Photos/IMG_3276.JPG
dda6d8b0a74e38bcf51b2a6db694f23a1963f93b80087ad95a6fa7f98a23cbd8	Photos/IMG_3277.JPG
4a559d46bd9bc0b4af5f739fc3085ab8e3c2d004828887cabc46ef45429ddb6a	Photos/IMG_3278.JPG
9bfb3517c46687d6168c6bd9346d0a62ea57b82a9be3473851c50152e957e78b	Photos/IMG_3279.JPG
ef64fa8096030646d11823ace44673d7528f8aad630d93c4dc1888d8e911d8f6	Photos/IMG_3280.JPG
d4aa4eaf004071ae66eccea2cc498901e19d84e5f2774db55e486ff4cc4023b4	Photos/IMG_3281.JPG
94b7185ddc612fd8382d18fe7d50af1a052fcc8b4cf8821242d6177ad6b65e48	Photos/IMG_3282.JPG
5ec0b282f1ce788acccc681fb9cf773bc09b64bdcac8055d6d92284114c5ac7c	Photos/IMG_3283.JPG
d865e177dde1a33b348e23c9db34147ff58a911c1bd99f73a6cd4fe7482f479e	Photos/IMG_3284.JPG
29bf8662469f5b791bf820f49e814a57f3ef90afa9b100061221d152143a82ff	Photos/IMG_3285.JPG
14b8a42af3ebe4727bca3d9aa9c2ef05f03586a3663b76b541306f2350763fae	Photos/IMG_3286.JPG
a9e8bf6e08118e0f5254a1d9f52cd5c98fff2b07a6d7bbbef6bb30fe12c9139e	Photos/IMG_3287.JPG
443f39d52daf13eaf1a42a8f9c146cbb44e394d0c5b2c2b2fe69738c29a5422d	Photos/IMG_3288.JPG
7ea8cf2bf2e2c7a7a997bc80d20b323b38ded61d5f82b290b6c56c3d37b4c2ab	Photos/IMG_3289.JPG
e6c4f1541b1b5d13d92370b8e508f41151e9c18074715b5c5da2a438b967cab2	Photos/IMG_3290.JPG
70a1d9bdbeac21f0aa24a8ada514ae28a473bd239cbf3a31bb8336342986fded	Photos/IMG_3291.JPG
7925536afe82f1c00f503b1dc7d8f9708a8d5649756f2f92e5b03120293a3fc8	Photos/IMG_3292.JPG
03087aa2a5c50d494ccaee093d465c3287dc5e7c9a34b5eabc28d6f39964d7a4	Photos/IMG_3293.JPG
13f9dce2faaa6bff2631644d28196fd6a90daee4e3937ff466089f6ca5ecddf2	Photos/IMG_3294.JPG
2990b9a8461b19b79b58d34e31448b7a0c4303b167f1f83282f388d8b6c042b2	Photos/IMG_3295.JPG
07d71fdcafe879d1f935b98b19eb51f482863ae10dd8f1427d27f10feae4b3d7	Photos/IMG_3296.JPG
ce6f8ce1500a930b1c52de82810b61fe3bf8944d03a9d573e4c570c0e9e80afa	Photos/IMG_3297.JPG
e550a20a87e78678c9300986fa9f4c98a4d31c73ef0ce7ea182b19d32e69992b	Photos/IMG_3298.JPG
6cc4792c1a140d5bc1c7cf2be073228c0e090b93fbcad0a8e2671e604561ec86	Photos/IMG_3299.JPG
ba990f7f0fce238b758cbcd84e98893de085c4dee29fcf988d78a17bd633974e	Photos/IMG_3300.JPG
ba25d8a13bdc2fb15c17cb1c3115eaf90d8cfa17c658da01c5f05e450d8371a5	Photos/IMG_3301.JPG
c2fdfd2cd30cd20dc1f6ebd8f6214adab8908a2d60f8090b3ba9a1388eb5876d	Photos/IMG_3302.JPG
10b3f4c7513538000134789f906201656529c84a1f1b0a0570fd564cc700e716	Photos/IMG_3303.JPG
abef55ef1567f8df67cf79093cc391c3d7fbb251c48ee35e65cee88493170ea6	Photos/IMG_3304.JPG
f6bd1bce0fbc7a6167d7d2b838cab620d0c2a216d3803f966a14837490fbd238	Photos/IMG_3305.JPG
bd6dd6739fe1087ca6cafa9b2e92cd5000858e3272436a18baf069b253364939	Photos/IMG_3306.JPG
491cb6e9b1736a18a77d681b389ec93e45243ceb1b46dd8bfef167f8bf02cfbe	Photos/IMG_3307.JPG
2b1cffddcb95d31e5a23452372480cd1338d8072766299946e80c6b3f656f205	Photos/IMG_3308.JPG
ee425a2349aff8d376203c3c47ae706131225f56f29aab5ee17e9a33c2c76d2e	Photos/IMG_3309.JPG
56ff7cfa1ca1b61c56d8b97f8411dfc983138983e00a5c7830178cd17f53f771	Photos/IMG_3310.JPG
f8d050af5db641c89909f3ba03dce965ccc41d03effb7423a5bf2b9e15a3714c	Photos/IMG_3311.JPG
ebd99a234429c6841a2f8cc87e7ee166b798b7f84b0574c3c2f5ebaa194c7bca	Photos/IMG_3312.JPG
9ce9faa6d31d04b36b1580d6add2d5feb099dbebfd00935af210220bb8f69ca4	Photos/IMG_3313.JPG
d6c47cff22c5a6cd56694b65da03965020e3497f8c578d72e11940e0c0decb73	Photos/IMG_3314.JPG
86976efb9166d3887c35511ecfc86ef443dc258669c096a663005090d67acbae	Photos/IMG_3315.JPG
45f1aeddbb9815f0b43aaab86edf1036c0d7c409770b86b2b9f6063f6c0d7b3b	Photos/IMG_3316.JPG
fa5a7ddc2d7bd0b13f29b7c6fe39b262b61ac7f0d04543b60c8b65e47008c540	Photos/IMG_3317.JPG
b9b1ea5a74177a044384b1a81022e99f3b99dd02872db937e3b934fdd113f2e7	Photos/IMG_3318.JPG
8d5c076fefe4e038d5a90e7caaa3ce1c8f09e52cc0946aba4737c5f04f2431c8	Photos/IMG_3319.JPG
76011056e72d75b07535504c91c5fb6d8fcf88843209c50eb800886dc04d64db	Photos/IMG_3320.JPG
f2566b793389a6f06a3e98a3485d74bae23f19277f1a9a333672e79920a0c415	Photos/IMG_3321.JPG
dc2e08f3353f8df29c19758a74b314028b43923b41ab0e87975d73bff7280819	Photos/IMG_3322.JPG
cac684aa399092834e90af72ced34af894106da860e13306bdf454c223c66154	Photos/IMG_3323.JPG
448be28f44192758698e96d01d2b5066523278f3f784c075877c3c67e2f80b8c	Photos/IMG_3324.JPG
1d3a6a15edb2e84fdc944ecb6a7cdb70b7f67d6d448bcc1221bd3803e3929755	Photos/IMG_3325.JPG
12fbf773fe6075f8fc3169a9bdd031113318ae4c669bb591021e1c65d5d17f4c	Photos/IMG_3326.JPG
c70395f51948bb210792f7b677b99c18ae491fde256fa44705bfcca9fe964956	Photos/IMG_3327.JPG
84144dbbdeb27edad4b7739dea44f10f77d654782d6e9fe6d5fb62cd65b13009	Photos/IMG_3328.JPG
1fdfe87b30e03325d816a825999eb39e6764f51ba7c776cf647b957ef8b11c2e	Photos/IMG_3329.JPG
8ebeceb634f87f71ed2566155012073f8503a1f64d7a94d8eeed41a28b98a3c2	Photos/IMG_3330.JPG
77205c2ec39d291c98071950fb5f996b17f656ab1ce83b74a130443e6aff723f	Photos/IMG_3331.JPG
acc7f00a91c58dcd17f7ee2d8d5fd74c853e2bec0d4b8b01c7d82b4cf867e123	Photos/IMG_3332.JPG
fd028a217d4981757ee4afedd1dfe433079bbab6023d1eec979849c59cbcbace	Photos/IMG_3333.JPG
fb6cc20e1f94c4a1ccdb47d9efb8e2693dc42cbfb78a14661e182d01f3f4f01e	Photos/IMG_3334.JPG
548ae72b2788663c29cdf5941167eb9e21e96f5785faeaad247b7c68ac72ec6f	Photos/IMG_3335.JPG
40136f1992f97460d11a07a0d803c23505d4b023f4f1e7a36f7bde750eae39a3	Photos/IMG_3336.JPG
7385a1909499f9fe0a0a0d468113c7c3d32058e12c480600df4dced8b955925b	Photos/IMG_3337.JPG
3dacf15704be17f9cda01f1e28e1aee4f5ca976624150f61e583843257927723	Photos/IMG_3338.JPG
b3b54211017bb383d02dc28fb236c64351bd3d52e254e4bf0b00ca4642e46b93	Photos/IMG_3339.JPG
28f79c9edaa122cb237d86bbf9518a2f30f28f7283b835b442534c7a10a7ccde	Photos/IMG_3340.JPG
84b55362b21aa2b1129868006fb1e046e1f57678e1e256845b36d73f4ace7efa	Photos/IMG_3341.JPG
56076a939b4880dfbf37084c5db837858ae601b322b2ff2520a764b05487535f	Photos/IMG_3342.JPG
8825e5f39e9f75061237e998e750266baddfee453842a65be1cbb8034e188633	Photos/IMG_3343.JPG
b0f7fa47c1e7a7a790de3cf16ceab6b451e4332c5d5ac795c5adff28fb99ef2b	Photos/IMG_3344.JPG
08108faaf814155f9ed38eb1074a5b9d066e6033d76af25cf06059d8a0d3c802	Photos/IMG_3345.JPG
08ae73b31cc1bc6d7f64f885f04bacf887a9e2360d4f9759f732c1bd3ab2c277	Photos/IMG_3346.JPG
1431da49c7c7ec8e08e0008239d0be9d91f0e18b353118c6886202fcd1ef20d9	Photos/IMG_3347.JPG
8b0a75afca191df740306d4f0ae8347a27798d48ba910e8cca1f318313a81f4e	Photos/IMG_3348.JPG
cca147a38ef22acff2c1f2d14311afa53a2e22f19763d707c121bd905a31a125	Photos/IMG_3349.JPG
e0d03748b7d76e7d3455c46cb5e447510fe4f3b517f5cbfd040ae5c91c63007e	Photos/IMG_3350.JPG
eb10324d1acda6448267323ddebbdb082a5a0299130ea0c6e5cb880c07d5d5cf	Photos/IMG_3351.JPG
74d0f2b4d1a2292dfa037dc72a46fd48a99cc6d61bee34824f5e603b809a5115	Photos/IMG_3352.JPG
8eaae3c48cf8aecb50858ebc8759434bce20ef34c0534d157f6a8d65759f73ef	Photos/IMG_3353.JPG
8ef2d48d7c62ab60e9209c6b8477e09b89c7e1ce312893ea93bd49298d0daa8d	Photos/IMG_3354.JPG
ff14938c793f25988da8223ba77af5fde919686a03d65f211e99f8af49bfefd1	Photos/IMG_3355.JPG
7ade241a92d31dba0a6e5e9b39d29a93bb350b1f4c0323098628a02dc0de2ddd	Photos/IMG_3356.JPG
db2b2bc689ca798bedb72a9e7da6bd66ea733878dcb8f66db4b2f6ca8606f654	Photos/IMG_3357.JPG
bad3f5cafb160d6bcc4c0919238f8904795adf42cd82dc8e18dc1001038a55d6	Photos/IMG_3358.JPG
3d3400448a6efc9196363619f7929692e5945685aca55e0bac4ed1d4c4ee66a7	Photos/IMG_3359.JPG
db863d21f2372f30e7a8244905250dade93c7b4f151a866b34f740e087aaf599	Photos/IMG_3360.JPG
4a71484466ff202a29810d0048119d688c562d0a77fbf5ef0ee126984dc2b380	Photos/IMG_3361.JPG
ef6d50228ef20c96fe01573e7cd0c3f6c5c3b824e40bae227f302373ce53f0c0	Photos/IMG_3362.JPG
697d9d8fbe7b84379a8775f622a99c272a2e1e0bc174fec1ac3c5243bef4fe17	Photos/IMG_3363.JPG
09ae65dd00e00aa026e6c43914192db3059dc029b799a0c56196754a23baa5b5	Photos/IMG_3364.JPG
64501d76598149a375502ad57b87e5901f483ca32f1600aace888f54e1a35c7c	Photos/IMG_3365.JPG
f24549d572465674a82d01c41bcc77bb2429ee9206b900d86b799683c170b61b	Photos/IMG_3366.JPG
bec639bc077a8d4cfc11956a00e54643e16a8140460fba3cc90c56e91196878e	Photos/IMG_3367.JPG
7a55b3f4144ffc92c878eb71b5927be44b6171fcf519564d1cc0a3906691f7e4	Photos/IMG_3368.JPG
ab493d782ce31135456661d9d91e1819a6f051f4954777852baf96fed35630cf	Photos/IMG_3369.JPG
c9c1378fbfa40566f2fc387ef1bd47bcc95aece847097f0f0f2873788cd1a67f	Photos/IMG_3370.JPG
a0f829c5db40f37fc057e75109aad9517c9c67197261e7d61a32e09818df3a51	Photos/IMG_3371.JPG
4cd3c0eeeb6b1f79b5d7d15d2025f0d8672d5b0580f0ff640ea58263f393d737	Photos/IMG_3372.JPG
1e9bfa2a615aa3de3fea15cd171ab31976c6f8efdd0a071b5445dbd8af091c1a	Photos/IMG_3373.JPG
b787be70632c5e67ae94a92ea51b748db8a56e352c62558d8e5f56996045bee6	Photos/IMG_3374.JPG
aa81b16e5c774b3248956dfb9a94d9c9b97aba532129b0bfb9249c720b28e5f2	Photos/IMG_3375.JPG
1c71007935375f0e4418b5f4373e2b6af435c59fa474f0f57d2a92557b4d937a	Photos/IMG_3376.JPG
adaf1a22abf31059c4b5ef1ba3b3a6a2d48137d5d934806e0e1c48959754dfe8	Photos/IMG_3377.JPG
d613a11a1d81d03ba0cf891d1b56fbd55ca4a7400f8ceb2bae54a96c76498f01	Photos/IMG_3378.JPG
0add1ba4ab951e1182114db5eeebfdf9085462c50c253f2652b80d410aa10770	Photos/IMG_3379.JPG
fdfdaab85676d3501e123ad67cf3fbfa15543eec0cf136d6aa82894f5ea6c6fe	Photos/IMG_3380.JPG
ff0fb8dc370359adb6c20e0b397e921534a2ce630cf217f19e5cbf007edcf3b6	Photos/IMG_3381.JPG
ebeb80c862aa15a45b87c6368ab23dcfc324e4f31fe4108e31010d829d1ed8c5	Photos/IMG_3382.JPG
f2e5381ad0b3bc6a3e2dc6897fd363724c9e7a90cf0a8afa3387d5b66dd2612f	Photos/IMG_3383.JPG
2448476f5f3a6c2a4c0b7e14df788a05b17ca9c5bef9f984a73def030f8d33f4	Photos/IMG_3384.JPG
9ad84dfd3e62f2bb562121b67fc2cc155818016af5f4421978a381506c9aa53b	Photos/IMG_3385.JPG
2eae723fc7abcd5c37252e966439706ebff1ab91a1644f5753d573209ece8b91	Photos/IMG_3386.JPG
de818ae7dfae92765358bbc78bba9221a7f6c42726ee9f7bcbb7137a9d9a5f14	Photos/IMG_3387.JPG
c3c7c7eb7641fe31d678b5c02d288172deeefca3da0d680b2694a08a30dbbf47	Photos/IMG_3388.JPG
1ef0e80356b393fa9f3ed48b0024aa29f48e953b645c5a864d1f719fb1d86200	Photos/IMG_3389.JPG
4485c6ab7770270afe59a429a1b1727188962fd0bb05bb104951dc9dbfbb2121	Photos/IMG_3390.JPG
0ed58e7cb804025359ef3ec8edd9454b507b0672462bdaea6653554ba9616c5f	Photos/IMG_3391.JPG
f1bd2e724c03fe212e64155553dc7ce75e3ef47185bc090d232988b2185be3fe	Photos/IMG_3392.JPG
7a1fb92066068d43c31e26e4d26c83aa65d4c3a97da2afb64e05395d64c5d7b6	Photos/IMG_3393.JPG
4dd3caa2209c657f555a624abd71d211ad08c4396c9bc21ab049da273274a79a	Photos/IMG_3394.JPG
fa2e63ee0bd566705ab494180ce7147308a67241a7ac9862a4f6fe5b6e1e2150	Photos/IMG_3395.JPG
53a60ebc8b5bb40c12d4921865f2f7831d695dd1ee21b73880ee9db1620e7b27	Photos/IMG_3396.JPG
e908ada14f46b68cafb2dadac2d9bd2bb2903316831b7beb146d1eb72b2428ae	Photos/IMG_3397.JPG
408b37d16429318718e6b042180c68e0c0d57ab29210fa85b2763313ce39b7fc	Photos/IMG_3398.JPG
92cb0ae9093449ac963499ae69433ce07d9a3f9cf7987bdc501f29e568dfbfec	Photos/IMG_3399.JPG
54a15bb86af145b2ac9005a87f62888c0239b64eafd6919b1f15ae77f6aec715	Photos/IMG_3400.JPG
c3b12ca1fa35809df915393f75b9d8abc006a1ddcd412cf57dd3a54e7a60ebbb	Photos/IMG_3401.JPG
47923087f8b70e0c6c3b1f42f930f4562f53a19bf2a5e4b72962b546127168bd	Photos/IMG_3402.JPG
41319d49446c1940f29bb4bb4f168fb54b890d431ce6df2ac7bb7a775b86baf2	Photos/IMG_3403.JPG
30356d5c0bef3479e28c3122bc1d7037bbc676e7f11123fb97691d3d2996c135	Photos/IMG_3404.JPG
3412adb32aa2a1ffca14c9e6aa6e7ae781de477cf8db7247ee5a499b77de65f3	Photos/IMG_3405.JPG
93f8765d1a2771fc97809e3e45105c7101d67779372d381a44f16e9b24623016	Photos/IMG_3406.JPG
b31156edfd46e13f18fb9553fb1ef33bb58a993774ec765331d83ae6b87884d0	Photos/IMG_3407.JPG
bf7eb18a121ec747fde83433d13d6875b96896415a0fe7ba325eee6cecec174d	Photos/IMG_3408.JPG
8feabfafdf2dc5111970d857dafc807b3354415adc18618fa5cee2089b5e94bb	Photos/IMG_3409.JPG
263b4b72f552d47f5058083308b949a96f7622331192a4de6bd396dd4cd4acfa	Photos/IMG_3410.JPG
ad135ff1677bc4c5c99181fb062c9b200b73011ffc05d6bba1d6447eabceb77e	Photos/IMG_3411.JPG
bf909aa28947bf67ccee9c047e241bea8561ff1784f401fc2c581afadfe22f4e	Photos/IMG_3412.JPG
3beae1892c5bef202155e1be2f3d23e79f313f7a671a1a3c5928bc96fc5ba45c	Photos/IMG_3413.JPG
b6e825a9a579812b4e7901437153edaa1ff086d662f21532f874c2a213ba1ed3	Photos/IMG_3414.JPG
afaf44662bb4b802cc086933874246482c37a916dd12c355515fe05424e0e3ba	Photos/IMG_3415.JPG
2f22952302e6113f3769793289d31042c9d2aa119b074abded578526cd57f580	Photos/IMG_3416.JPG
e6dbf31489964701d59da6af533c1fd3102b341cf34cdc2252546b76cc34db42	Photos/IMG_3417.JPG
af54f5fc432332b2b5c9679ee543faac3c28849263caf6e1cbe52feca2f1d14d	Photos/IMG_3418.JPG
dab62968579b446c5a67b7fade7e3a201c5a35bff1f2fe0c372258a2433eab56	Photos/IMG_3419.JPG
ff86482a1a28f2e0aaed236abd2199d7293a3ecb6d6083cd1b676a2008485007	Photos/IMG_3420.JPG
db6ba9f97b019c691563bf2a61c2e0727bcffaf56c7d72f9162d096362e9cd66	Photos/IMG_3421.JPG
3d9c4a2ed24f27a4b3ae0e8efa65a72bf51b01f63e8a0ea6a55709226e7acdb9	Photos/IMG_3422.JPG
818bbefdf7cb9160792b237467bbfbf21baed8de94c9fffd31660bc063f76332	Photos/IMG_3423.JPG
f9f2319d2ae8d2e9f26f940ba722655a6ddbbf2d6516fa8b8508644d9a72eaf7	Photos/IMG_3424.JPG
519d74c59b08446ae9295640d631db9dbf6efcdad4f0e7845f4880d8c52a9431	Photos/IMG_3425.JPG
f053c224f7bb7ac18690be10a4bde198f32ec3648401ab560040227656a7a4be	Photos/IMG_3426.JPG
119e5b091a511491c925544201341068192a3e0346095aa20e9fc89293d77978	Photos/IMG_3427.JPG
b98dcc7e75491ff24d6ecd13aa4b5858373e8d795933ee0353d182e9a9da96e0	Photos/IMG_3428.JPG
633c711f3bb240f3d98d6f83a691ee5adb3f46ceead9e154a2828f865d754802	Photos/IMG_3429.JPG
0666d1bb77b6d1ab293df156454d933994c8b25f6ed98968eb99a6afd2aeab1f	Photos/IMG_3430.JPG
ab7ed1760893efdced68a4db70d585b3037d7fb13184c24027dd2c0906b26f6e	Photos/IMG_3431.JPG
e81839fb0a9cec6e93e51358c7e193795a171f7852accd27a0fc536f322e00ec	Photos/IMG_3432.JPG
4ca3757a02a65f306b40c5ed186e67488a88559e763507ac18825f87a3fe8a80	Photos/IMG_3433.JPG
c25fc23c40e047684ec031a003e539cc0c6d749193f31609083a863f79465a6e	Photos/IMG_3434.JPG
121d72753368da5829f6681c6cf59e0110b0e102571bc0302794c7b58faa34c6	Photos/IMG_3435.JPG
66ee169eb0d06f9695e5722a126d85021309866714e7ae870e8e6468baf0fb52	Photos/IMG_3436.JPG
baa3b9ee97645a7802ee816c810aa6a8ca2aaaeaac7ab5c87225bff5864cb4a7	Photos/IMG_3437.JPG
2972c19cd972982246c490d26626a66f4eb56dcaab6211dac4cba2c9a2261999	Photos/IMG_3438.JPG
153650de718130e5d445278d4826d3e57bd1df1015b81afc093ffa4b8c20b651	Photos/IMG_3439.JPG
430ff1ca92698c5c862e45ec70d23c28496daa383ed113820c90e4517d154f51	Photos/IMG_3440.JPG
8e08dfb77ffcfe5770b44cfb0187cb3cd4545ae01b08dd10195005d8c4ebea97	Photos/IMG_3441.JPG
2d3dad09b7dd933c987c399bac4f1283a259cb198a59d1727efdf5ca9e3b500c	Photos/IMG_3442.JPG
5848130a67ddc013cc901381f67b5b6d73424318633236b2b2e39897c04f0fbc	Photos/IMG_3443.JPG
b88c22bdb57bd812dea6eed64ab53099bf83caeaef036b307f00e27210d0406d	Photos/IMG_3444.JPG
cfb90aae86764eecefdb7ebf1bdfbd5461a021fd4e0e33f55563ac866fa9ca03	Photos/IMG_3445.JPG
c9a8a43abfcaa5bfbb8e118dc84543830adc1befb336411eb25f94eb8afd1070	Photos/IMG_3446.JPG
3fd4d790bec043b47640f842553db70b6021f3d921f5d5e3c2ea20a30061c298	Photos/IMG_3447.JPG
b17a3ce49968f35edce2d902621b7d06826ac0d6b34f2c49b7ef8477f37bbd10	Photos/IMG_3448.JPG
1edce26c3a33aef43675f764e671289dd5ae69fc078f02440466cf19ae3795fa	Photos/IMG_3449.JPG
36c6face487981f64477bc187f9a29e7598c21a0f4358a073279eb1dab9ed56a	Photos/IMG_3450.JPG
0ae311834bff16fca5990fa2880f12cd0e5b79257391ba054630dba7e4ab5bda	Photos/IMG_3451.JPG
e1c562b2c07562032704bf49c82f80f8ae0e207d4fdfc00fd26182e533591028	Photos/IMG_3452.JPG
4973716678b70985a64c80ce4746be3da429a6829cd8c1673f39053a08b68f7f	Photos/IMG_3453.JPG
ff83474e7a2798421cde1d19033a669802a74b33612415708fd27fd0a510787e	Photos/IMG_3454.JPG
99bb61c1bb4848a42568dd089e9453f902dfe1eeb5023ae56d45b7dce0ab0d0c	Photos/IMG_3455.JPG
660e8358a6468d893090576fd597bc8fe8665d25af05fa51846d9c69f8f19b4f	Photos/IMG_3456.JPG
e6ec422bddef77d5f0c6383cbf8741be89db13c60cbd2af107a103cdc2a17f49	Photos/IMG_3457.JPG
6ada3c8f94734dc4bc3a05dbbc5992f8d8b85615540eadc799a0f9264eb6fce3	Photos/IMG_3458.JPG
c107649bf17036537ea5045d0aa2e5b83ed73cbf7c06be9043b938ebb4696d2c	Photos/IMG_3459.JPG
cda891607148003fb0f87e02d395993a7b02ccd491ab29aee24c7e1aaee39159	Photos/IMG_3460.JPG
62ef226c33aebd5d737fb7e7c52b90d20fd30ad239ff0e32493238cc4f7b4026	Photos/IMG_3461.JPG
3217c48934a3413eb43d6ce5e87541bb75d043cd3a5fea20a308974e22298817	Photos/IMG_3462.JPG
0b5ba09e3470a61367090331175f44d49e7257c953e3421f4ee30f1d338046b8	Photos/IMG_3463.JPG
df165bda434c1153f9b7b56db070d02f4e41adaa40a6fff8001034789bf80e71	Photos/IMG_3464.JPG
e56bdb6a3f2423a074051e4ec6e9ba89dda2e624c906ac0531a0c4408e34baf1	Photos/IMG_3465.JPG
ae808ab6d5e298bb2db1e3a1be9cbbb9df2df9de6dedb5e2442d51d554bc3498	Photos/IMG_3466.JPG
7c58d7b27299dd381807d0d0c5e6d7fe16cff747b0c27b9091dd3a7d5cc345b5	Photos/IMG_3467.JPG
edc9a4b96bc9537b51fa8608935a968c9d8d2e9fa2f19c56e2f1d9a242621e71	Photos/IMG_3468.JPG
5f3d4a4aebdcd600152934e77b4f15732d69480d77fc55ca922bcbc8a58556e9	Photos/IMG_3469.JPG
4efec78ff2ed4a3a17a76c64be69b1a6836e3d4a2fa6f170e81e49e8aad62227	Photos/IMG_3470.JPG
d14cc5a0038c29ac7e059eba71af4d72eb441d60a7fdeace764209afbb6f7249	Photos/IMG_3471.JPG
08a56755ce7557f57bb94102293f5bd7cb5b5b3d4424e5ef7bdfee4583ed27e6	Photos/IMG_3472.JPG
95d7e42cb16c1aa6c2d0c2aa8d8835c7c2c4ae650738b2c79620bc81e622b73a	Photos/IMG_3473.JPG
c43888829915a88efc7a5614e11a73c16c5e5046bb093516609e474003753469	Photos/IMG_3474.JPG
3f8b8f18394b77a34dbabdd3b1e8e8a71299e5bbde0c396396007ac8bf0511e1	Photos/IMG_3475.JPG
1534b3c250435ed2305971734a1e23b1c14e05998b7ad61d6de7f76e9b58104f	Photos/IMG_3476.JPG
309f07c3cd8625205b06fc70c1b7e9e7d642791110623591ffb1612ee52f6f1f	Photos/IMG_3477.JPG
156b583e6254bd91f38f3737c57a8a8eca65ebaff4327462724ba5dbb8eee266	Photos/IMG_3478.JPG
91d1785a1ba1143a7872fdf3fd0ea072576af0193b215c17a9cf8d2f52d614a3	Photos/IMG_3479.JPG
10b3e8ad69d62e774585d4e594313b31b6f5e15090893bd208ffe16b3d23818d	Photos/IMG_3480.JPG
a1f7eae0d47d685179ecc014ce8202b85847e9447edb6efc87c5b9cffc3df594	Photos/IMG_3481.JPG
314b25e7906b759d8b2ec0ec02ba7014e849a1426ef5f344ebb111561ed42eb8	Photos/IMG_3482.JPG
875d45d274e0d6159a6a87ead19720026eb6e0912b17d74620e7be1b39e875cb	Photos/IMG_3483.JPG
4f2d03ad2d5ffbf498c0c9b9fa505d7540cac2fdd386bd0f73d7e4f2f1182525	Photos/IMG_3484.JPG
3192c3d2f7be82db0280f8e5ba257751416d6e35f24bb3a923f5299aafe8aab8	Photos/IMG_3485.JPG
965a99da24b453c3f9fe15dd10960089dfeee5f7988cd9e8b9838f9654997e21	Photos/IMG_3486.JPG
8e0c05f87d8af948b6c6efc42e62087e2678ef8112c1653f1a2f507bafae0014	Photos/IMG_3487.JPG
949d4a124976ef3cf69ee8416935066653270d71c755acfb3675a726b82b3710	Photos/IMG_3488.JPG
887ea8ef46e434fe4615f80f9fa3a95bff525cc0677ed50c8fea9918269988b0	Photos/IMG_3489.JPG
2e4d62322d99c5a4d9675ee2db2c837674df95b65515aa10e432dc9d1d0ecb1b	Photos/IMG_3490.JPG
0b0ea7a80f4caa776237dc16e9b0dfd4d094ad686e7ba5003332925d9e42e7d1	Photos/IMG_3491.JPG
00ed6baa3f1051b71ee12ca010b3aacef4aaf3b82c3690582d6a965d9f5e0c28	Photos/IMG_3492.JPG
26c8a1a371c96a0ca3c0342304452ff5401abbd1df89f4cf7d338370b8d6a774	Photos/IMG_3493.JPG
b3d41391e0fd399bf6692a825c190968b61dcd6e4b3f959c775b78e84cd009d5	Photos/IMG_3494.JPG
743d801ee2d3beae624acfd9ef7fbe4557d8e4d142ea59c450e9efbfde589794	Photos/IMG_3495.JPG
2fc463259bdf805785f901e11277aee4013c467053496bdfd9696c7d10b3d97d	Photos/IMG_3496.JPG
d6b8b6ebd55bc0d9f18120c9662db797bb5998ac7f66bed4cb2aa4c13ca4dc0a	Photos/IMG_3497.JPG
12f02ec1e6c512416f8450d8301fbe319b92dad919d9f382de3459960d2aea2e	Photos/IMG_3498.JPG
d7c3c841c8fd856448b8d2581ecb1e869f358a1af5deb26c6c9657739a23188a	Photos/IMG_3499.JPG
2a04c580156d9d4c63b80fa6557858fc287f7c909a04a5b9a8d16fcfc937a0c3	Photos/IMG_3500.JPG
255d149448491d4fcf4d8a05e0d6012d6947c856e7c14fa0b6406fd6288ad571	Photos/IMG_3501.JPG
07d3e279d576b03dc2d0437dd68b44504f8968138ed7538ccaae89712a01d36e	Photos/IMG_3502.JPG
d80b84ef14bdac3b30a3fafbaec74eed71d118f2d1799f617d70446e548882ed	Photos/IMG_3503.JPG
72c0fb65d8d7e4cb8d7fe2e60bdf6a4bca48a966725c6745e373d8179b122786	Photos/IMG_3504.JPG
b209dede3dd0ce2380a5a0ffd6df69b4564cbf17de156ec1b8e5e4662b350d05	Photos/IMG_3505.JPG
ca8aa1c63667715c4def91feba952d53582578f93c95cfbd5f07836de9ae7042	Photos/IMG_3506.JPG
778827a2df99b977a936962fe019ed7a1613106b9554c695df2c3cd0c3ee8890	Photos/IMG_3507.JPG
17580c7a4cf74a18b7f98a58f0b49d1806f603e533ae319f41510f5503842beb	Photos/IMG_3508.JPG
d1be8f3926b0fe5e61e4cf109674d29f4b9a0fa815c1e97e8b2c321f90d3ffeb	Photos/IMG_3509.JPG
7b77bba140be55d723f5705f2509056b633b2784e42502f6cb1aeb1c7db783c6	Photos/IMG_3510.JPG
77822c0b6a0b4b913dd17338f6c6809b5e09f6526b844ccb57e738f37b1e9da5	Photos/IMG_3511.JPG
b3764ed68ee89667eedf5f18090fb133877952943999124a3358c08b145793fd	Photos/IMG_3512.JPG
a1c162634192b6512da185e78c336f771ea5d49cd1d241a69107f9151b8475eb	Photos/IMG_3513.JPG
cf4347517f03eb47b5cd45658dcba6062b00bec738cc0ce6746a37715979859a	Photos/IMG_3514.JPG
30153462633c96713505b2e248b6765de6c2a5c07b006f6df1db206bd2019413	Photos/IMG_3515.JPG
67401625d3930f8ae1190c841e59e9c53f07d6f83d1da09fc5317602682ba18b	Photos/IMG_3516.JPG
7a5239a9c626976ba7e9762b5faaf291f0841da00a71360192ae4d21dd56f0f9	Photos/IMG_3517.JPG
3c0e983fdb822a7a4b79053b3197f00d2bf9a4459674dfead50488eae6fa5de8	Photos/IMG_3518.JPG
7a7050b50b55850c2bda7f27ac82f4aef3a4e0c45b9f365452fa3e789371ad84	Photos/IMG_3519.JPG
78de69b071947494b5ce48bca840b31c98a41a4148f20340bc640ff451df28fe	Photos/IMG_3520.JPG
314c8924824efc9f0c443a3ca1f404543f0f87629b231f402779e7b93be5fcac	Photos/IMG_3521.JPG
cfa61d22ac96d17023e6bc8c18619f536e92ddf2ae5943963469fab2feb50d0a	Photos/IMG_3522.JPG
d8341cf0ccccf1caa3c2d026b747a410a5556a4e2ce66ae4e34115559bf092ca	Photos/IMG_3523.JPG
8314047ee5b01bb3128a756ec357d907415654e79c97c37e3298d870ea46b9b3	Photos/IMG_3524.JPG
af9b83fdb162d29db48dc39d0b870dcc80db8fd5c0366d1782369b8d4f273970	Photos/IMG_3525.JPG
72ee15032f79f6653de567cbca07eb4e6f298976cc2c6156f775221239cf60d6	Photos/IMG_3526.JPG
34d9047137016f19b04e5867ce3f6b7c51938749893550a471a6327f8e021565	Photos/IMG_3527.JPG
9ef01de53d6d287f1379e857a685c30a3427bf801b0471c17209d28c9ea63507	Photos/IMG_3528.JPG
09274638589707de82c91c6e33c0169ff525dfec5392ec4708ed71ef9e43a993	Photos/IMG_3529.JPG
647c7b4f69be13507a6196abb62f04a4cd12c9fdab25de28c9beb480044860e4	Photos/IMG_3530.JPG
0bc8322b7a6e44f43fc1dd5886d49fddf5179af639e50f3ade90a555e1938d2b	Photos/IMG_3531.JPG
b971b6ed65139a77bceb8c87b145224af0ee1b002750d645ef1de4c01583d8a2	Photos/IMG_3532.JPG
e884e535be885b60359461473731b6d30dd09d50b35a0ec6d16646166aa950bd	Photos/IMG_3533.JPG
0cf1c9293418c88341727eafdc7647183cb5918cdbad9915217c64c79e5d346b	Photos/IMG_3534.JPG
029db3ef725e53853f93438ad32a8aa0ea2daf3bea229a99ca783fd2722f3e18	Photos/IMG_3535.JPG
23b9e240ffa3f90be90f2697e00ca8fa8aa5ed063420cfbacacfa0c3ff219356	Photos/IMG_3536.JPG
e38d31c6749d9697d7c5d6a671cfd3d9d9888d21d720c594bd697d71e9c702e9	Photos/IMG_3537.JPG
4b27d1285a74877ec57905c327d3c1d7009aa0e52eb2df5c5c1101fcfea59fd8	Photos/IMG_3538.JPG
5d761125de40da8189a03aacced7c6c5d870a8a233ab2c07f067643d5e3d38c8	Photos/IMG_3539.JPG
0fe237fe530a430c1aeb389b9a3f91d4a2851283d16756634378f01ee268bb12	Photos/IMG_3540.JPG
55e40f8facbe47a5e611d2bce346134a3374de976d1dbfc4f795d44e2bcf1cb9	Photos/IMG_3541.JPG
b9c1890717f94cb1c2adaa5d3e1985570dce5f9c2bd3ea4b3ac3384cb5709242	Photos/IMG_3542.JPG
11c0f84269faee6e7b87dab530a595be9b190e3609ae44cf7c3c3068b4ba7f2a	Photos/IMG_3543.JPG
a2786a3654c1d1cc126a06b55c0d1ae2256db8e58a70c28db97e688c87147ed5	Photos/IMG_3544.JPG
be20c6f2c8e9a4e0b67755d806ba983cdc25dac3cbcc75c1a1e7db8eebc30457	Photos/IMG_3545.JPG
06635ad4fbdf47456dea42e034259d307b4c2a9116e504c37720245c357fa9a2	Photos/IMG_3546.JPG
de58935b9700e1514a3719d11b507dcbe8222cb54fe5c203ce107da9a3b42cd0	Photos/IMG_3547.JPG
65367055440625821917336a0a7c3a75899c834c4da4cbffc5a4fc2fbf73704f	Photos/IMG_3548.JPG
468f4f1f8343869bef84c10d2128e007d2a45bae1f4ca24a7886b2f9f0c8ac6d	Photos/IMG_3549.JPG
54b96b10131442fa2dbbb45c6e8d4a12e5fffa90053875cda6f351a1d3789782	Photos/IMG_3550.JPG
0453bd16f95114b647691309ca7f4f49a669d80c1f914cc7180054f3431a7f9d	Photos/IMG_3551.JPG
f8a6852f1cc3c527ba13838c09b3caa3c2700f957c75919ba3a5d853e1c37dbd	Photos/IMG_3552.JPG
f3f4d0fb58351c62239efac74737fccd7478d1881931a4e596665b7e4cbd6579	Photos/IMG_3553.JPG
c9b8544da15dfb697c7121d641308b54df1cd9f730a0f259389350e46979fc80	Photos/IMG_3554.JPG
c1744254886a56a26d6de041b8057882c8af3ba1a44bd4de13e713d927b28ee4	Photos/IMG_3555.JPG
b2b44ef4d2b06fdb0dae2c246770e10b266ecbc1e1d8f67b084d1ad7f4c94cb8	Photos/IMG_3556.JPG
ff8507a0aa7bb8b72e0101ded2cb864cc4a61f9a85bf5751cc205fa7e7ee7e2a	Photos/IMG_3557.JPG
11da6bf2d396c56ac941b8afd0c8954534a32e2efc09afe8ac26d3067b2e9275	Photos/IMG_3558.JPG
7505acba498a2f4b3dd99a1cd363b76356007b1f3b7e69a31e3fd76c3656d14e	Photos/IMG_3559.JPG
e9f27bb9c6650cfe430f2064200d5cc6e355e003dbfe306dac8710a537d18140	Photos/IMG_3560.JPG
f941b2ccebf1f3058739ed11fb03565dd165a3074b04f66f6ce243d962ef8ffe	Photos/IMG_3561.JPG
e7d6fd9bda66bd3f5d1026c8e6b6087f58722ae8611b7c42c5eeb9bfb0f90868	Photos/IMG_3562.JPG
e577dbed635b6ecbccd7efe88c539e71ef5141a056a180e02e384c67253a85b9	Photos/IMG_3563.JPG
10ede210f42480a49cc6cb24c57055fbcbd6f43f32e39c28cb390023e70f30ae	Photos/IMG_3564.JPG
0bbcc587285006c6239975668a6f2c862e47d0cece6037dcf16506ceae7cd27f	Photos/IMG_3565.JPG
ea15e4293e9dd04d98b9ed47dfade183d9dc44f7312a83b5d96ce4da679565ed	Photos/IMG_3566.JPG
8486f03ec0217b7d05ac3e05569d9defb1e8a9f949ba622f0623eb1d456c30c9	Photos/IMG_3567.JPG
f317a3006b84658cb2fb3ca77c6107a0b64045d26aabafe4d2852d3241f02e3d	Photos/IMG_3568.JPG
1e76e208fd0f6edb9e9455fc9e76699756914c6b9afe4823b20623c2d8454aeb	Photos/IMG_3569.JPG
a3dd3ccbe1e87f52caed0a829bab06d86c0a86a118a8b6d446844383507c89f2	Photos/IMG_3570.JPG
0947b2689143e56c138a7ce6c9e2b828c2eed45dcbb90744b5a5fb17140a26c1	Photos/IMG_3571.JPG
11a2a95e2c499d7c117a73a4d08a50076e85f52ea67a8235c35694373bbc757d	Photos/IMG_3572.JPG
54b8e9919ce9b0f72c120bc8c078b8d925c4a48bb63baec3f6f3d61001c0163f	Photos/IMG_3573.JPG
33bebccd8235a844049fc2a5c3d113617b30cc1f52164fdd78a528ba8d04e1fe	Photos/IMG_3574.JPG
db49f36907b99403ae4360c77994e1f63fbb8a15f8d6c8ffa65568eb15367f88	Photos/IMG_3575.JPG
cc69c0b93da3ecc7c532bf92586c1faa8059911ab35d2e32fc2c67d8849a068c	Photos/IMG_3576.JPG
e76b5f0070872d9e9b01e54e38a75f91691b317f60ee233d80c3a38f7a189d24	Photos/IMG_3577.JPG
aa14d114cc3e0cc95c843a9e40c11f1aece1df4e6198d1a942c4305994c8540f	Photos/IMG_3578.JPG
4d41e4a20f1562c9ada19a251fabfcf683c61fb63d5012f3c6d8f045a1c15bf2	Photos/IMG_3579.JPG
99865eb6121d99a894128627a7b43ece62bac67e30f3c6036c4bca9aafd1a56c	Photos/IMG_3580.JPG
83ea00ceee4605c6a9592962a84c532d3f7cb37734f43f69981ca5211dce788f	Photos/IMG_3581.JPG
18d1c405257408b76cb9a5b0d60588d89405c60d0c082eb317508ca354327e9c	Photos/IMG_3582.JPG
588e0001412d54b41bd6bb3b7c1031972813b8d86d7a0f1135d129944878fc81	Photos/IMG_3583.JPG
df1a4b2174fcf3b36b60d5aaf3555487c685bb6c78da040b0b514fda718adcfd	Photos/IMG_3584.JPG
9df0c5369392d1f9937f178f00b1aeadf74cab6121b3c63b831d033c720b4b06	Photos/IMG_3585.JPG
627e11ff38a0346863b9461eb6c9bcfd56cc313952c4161a9681fc7744533c19	Photos/IMG_3586.JPG
80e40adb58544da7180ede9ff48f6050fba4d849a91e3200349f3116ccbf14df	Photos/IMG_3587.JPG
c693d4f22577af40b1687af7dd59ad2d2f20f567b0dd6736b0d7d2811b153c26	Photos/IMG_3588.JPG
0ccb590f6b43e21b70571bc2f9f5f572d94a894538c8eda7db1c599b92e8a0dd	Photos/IMG_3589.JPG
645c90350e74983ccf31ce94e4c52931646c45bf170f2c557ec29743dc64ce41	Photos/IMG_3590.JPG
c5fb765d955a43d8c2a29e39bdf4d5654b7c45cf73da3967e425ad1785bb5083	Photos/IMG_3591.JPG
7c3fb20859557dea9d65dcfd9686f7067c6c43149aa27f6b2de3a82b1a5b647e	Photos/IMG_3592.JPG
aad63d614f6cb628377fd3131be71965854f753fd274e5fecd95b40f6400b8b9	Photos/IMG_3593.JPG
ed0e9c931f401c81cd34a61bd6cfbc97b8e1a68f4d2807f92400ae70575a6952	Photos/IMG_3594.JPG
6a98d23155cfa59b1a893fe16a198382c1087c3949e5db6d860cc4d34f111054	Photos/IMG_3595.JPG
cbb466a2f8a2fc36432cafd14912a1c169d9cfd602a1f426833a1e23fcc46e75	Photos/IMG_3596.JPG
d002f38d3f2e7bd857172a1297228701248bc6c0e8bdbe8481e12d519ed52c81	Photos/IMG_3597.JPG
f29d2d0567cfec1beb6bdf2d974966ee9f71625ae6b204d321e2e749b32e7de8	Photos/IMG_3598.JPG
39ab4bffa8ed7187ea70af76988495bdde8d096086c6e741945e29858b96180f	Photos/IMG_3599.JPG
bf3a42c6195da82e0190949dc98b66be4dfdac46e2a3ad99f3f81f0e7578c479	Photos/IMG_3600.JPG
1e6a5da4b8eda1cf52bc2fa4c6d870449fc7e43a0d2bed1a5c267b8b70d87c13	Photos/IMG_3601.JPG
8989d70e84a33de5e3261096f829b75252ddf0cb691d69fc2098f98c7ad91915	Photos/IMG_3602.JPG
894ced52485b3b12971723ccd43bd2f7b579ebda742e25d4fae9bc06c59d3fa7	Photos/IMG_3603.JPG
9aea58a76ff5f37896c01eed6dc592f4a1846b3c492d0507377685e6a3911e09	Photos/IMG_3604.JPG
86def2ada28fda83629c3e32f14c127c92fc962552e683f06f34a5bc7e7bec53	Photos/IMG_3605.JPG
82536b58d45b9c65bbf0cd1c5d625b6b81e11cfc60eac109984e3113a04899f6	Photos/IMG_3606.JPG
a7acc6a98a58b6336c247cae7143b63c91d572590853e3d451376708fc2792c4	Photos/IMG_3607.JPG
e80beff98338fed449641cf09624aec91d0baff80cc861d040da4a05cf0633d2	Photos/IMG_3608.JPG
b8d576919c5f2da20c5d881c90d98be3a11f34ea2a7582d7391cef2ede3e7e1b	Photos/IMG_3609.JPG
01c14a9632e48ac4f37ec83d1480b09c3e5925d64fcb21025dca70e7d6cc8b8c	Photos/IMG_3610.JPG
06aed195dea89cf5685d944542f5a25083568555ba92fcb57522083895c70ad7	Photos/IMG_3611.JPG
f4eb958cc34367ff01c87bec3911991d4c4bf7a6d5af608cd6c59aea34a29223	Photos/IMG_3612.JPG
3cc8c6cb9aa83b1136f8d87216be452a4c27932ffa9aa2fb766e73558e2fba35	Photos/IMG_3613.JPG
ec26f95335884d20fc46d7d2bbfe28a213afcd84dd0b4535f742bb3eddb37a63	Photos/IMG_3614.JPG
fd4a5a803d5b3b6c2e310361401c17d2be2f0bb64cc4f89fb4a47d0b95f2cfb1	Photos/IMG_3615.JPG
10b5903da30d849d8db79a9d818bcbec0bbea8a833289120e158fa9459dd6e33	Photos/IMG_3616.JPG
7e3b596cd4e78ca29734467dab1bdb86b8e72eec2cf416a53e7fff8edc6715b5	Photos/IMG_3617.JPG
544207afbc1fbe3b38e7c1298d88092746782b5af4f8ca763589a7a14526ed57	Photos/IMG_3618.JPG
e2aa92aa5b733329a29b26b8a6b2a7652c0914dc15f917391dd943792566f7b5	Photos/IMG_3619.JPG
6d079752c42840ccb85590cf7392b8a1615dba3599e3f47f585d331da566b04f	Photos/IMG_3620.JPG
bcf8e41ea77cda3d6e951d7843f86e0e8aad10c101b7020ab3861fcd03e3ffc1	Photos/IMG_3621.JPG
8c1d6b706eb5a29685ef665e6d89c507474a0fd348ffbe56ef00fc0ec7068604	Photos/IMG_3622.JPG
a11bf72875b9240e9c4af9ba8a9dadb4456244da4323ed7f85cd933860e0cfc1	Photos/IMG_3623.JPG
e0a82fb2f94dd5f85598244116f3ef1d091ad0e16e3a6437a7e08e6a16909c99	Photos/IMG_3624.JPG
6edee0e16841b53a591b6c80391473837212b6ec623db66f1d0a9eda801eb918	Photos/IMG_3625.JPG
24778c20975e585e54c07bd5f23dc39ae7974279acbe96f1ad22e174ea129791	Photos/IMG_3626.JPG
c156a265982fd3a863a6ebc2ed7d2c20671bd86beb614850c887f52745cad18c	Photos/IMG_3627.JPG
796fb0c51cf1ea74445006c843533359f25679387b9c210e0c82aae36e47d8e5	Photos/IMG_3628.JPG
cf7990a464cafec471a06746c381e0f78046e8ba54bbcd90149995d5d8e1d2d7	Photos/IMG_3629.JPG
3c0117d4356a4dead6d9651503eef29c98d944c538b93516c2794279cadf35ae	Photos/IMG_3630.JPG
a426d24d2d075c27fe2637b32720650ba7c8350be73fed7331d006b4b0769607	Photos/IMG_3631.JPG
107b0a9b66debe9ed321e91bd19f2d56a28297c83bdc7bad5dcdb1e3611de6ef	Photos/IMG_3632.JPG
84ee0e54557001bb64fa641255a645dc0cb186bd3248ccc89ebcb404f4ddbec8	Photos/IMG_3633.JPG
343fe5af6348c16ce6bbe7538ee023434e9fe618b1947644011d30c8c113b73e	Photos/IMG_3634.JPG
0d11bb2213c9f4bac1dc7ae0b733802bd02613cc4b3e72c195ccbb2864595d78	Photos/IMG_3635.JPG
66570c493f5919d27b39d8cd2d16b1b43727ea4154a744da4b76f7804b175973	Photos/IMG_3636.JPG
2c0e60e33276fe0ab0a0ec7e3f75d7b517f83a8e1ca523e06629f4312d28a12c	Photos/IMG_3637.JPG
463f24bc91d56e26851194bdb505224679d83347c9887bb13ccdd2b4410af9a9	Photos/IMG_3638.JPG
b922bb15fea42d21694d14ad973dbbc4286f417c5230929808739b1790fd7835	Photos/IMG_3639.JPG
97e9901d26600a9c3c62062930adff87ca8660fb58c0fcb46b2ef98a2ddb6b32	Photos/IMG_3640.JPG
fbd32c28706b5ae7617e8794f9314b59db54d51dfa0b06685a199b72cd385f63	Photos/IMG_3641.JPG
bff8d14cfdc62162ef0ff44f16798409ef5928d728a2bd5c30d67349ef49d20a	Photos/IMG_3642.JPG
689ba8901b64c0d98a2b88a7c6e988a9d6a055ff5b7e90087ffe49bbab8c8389	Photos/IMG_3643.JPG
132179f8c61666b66757b7a01d1eb13da7b526f03ebe3e74f71e89dcf3fd893a	Photos/IMG_3644.JPG
f3283d75631f02ad5b2cc7e7f4f7ddc3700d85d6d8af35a94b7d52128d40e5e5	Photos/IMG_3645.JPG
c0358843189fd7764724a5fad06c24ca9ea561a811d8dc8992ab0eaa041ee515	Photos/IMG_3646.JPG
5f528dd329bcb4deee6f8beb5ad7427147d7ad067c191014a5187da9da8a4d11	Photos/IMG_3647.JPG
0ab68ccb1a583cbaeaa9a6fc7cc25211a07f00ce64160d61ec8205b63c5c184a	Photos/IMG_3648.JPG
2a465240686672df58143e683268ed3fc048e9eaf6b04ae1d16c1baf381b54ff	Photos/IMG_3649.JPG
edeb23802e17e7f513b3b47b6f146da349becd56531bf92ce0543260bf72d440	Photos/IMG_3650.JPG
bcbdc81750697061260b5d9beac57590839e5fc062c30861a83d6b3fe633b850	Photos/IMG_3651.JPG
5bbda4b6ffcd1b205b616417bed6f0da2c6cbd1d5d0a8758de4249390b194c1e	Photos/IMG_3652.JPG
940cfb1ea409e618eac461f76d9776d9162b574de908bf3ad5851270d5ecd97d	Photos/IMG_3653.JPG
e4a05257a5336393ce30153e41bd96b5e152badb119d17b1c541acc078a01584	Photos/IMG_3654.JPG
c4b31e932b35fcede5c14da0b4799c58944bc3b550719c0107d2599c5311aa84	Photos/IMG_3655.JPG
7cd54d51124d4db6c9d81744dd26339bb2916fe21613d108b2b0a9c100412ea8	Photos/IMG_3656.JPG
ce3628a658197a4530e2123730830fa4a15f99a4fe3cdf2824cd8a14b29ad4dd	Photos/IMG_3657.JPG
b5b171596c24f1e04c9493f4d8f22e4a5e0b9f0b875f37067861a2a17e5a406c	Photos/IMG_3658.JPG
3e0044c3eaa56b3545ef027f6c8b8c99b47e86e6ab4e4dac996e3a6843dd142c	Photos/IMG_3659.JPG
670c996dbe2b93874ce31528a863ba13f2b432c314ce35b7ccb313a90fcaffb4	Photos/IMG_3660.JPG
1782a6b19a1279c6e48bb79de172be3100c425fefb39c607fe046844bc0b9747	Photos/IMG_3661.JPG
c608ee119570145712ca51739bbaa9d0e7e382976e038a1265d9282c19a7fc1b	Photos/IMG_3662.JPG
27afe80502fcf68da45b4714110f0e1e22a42df904e15110f94ef00e27567a80	Photos/IMG_3663.JPG
38d9411a3a1e2391237d2e82ad86386d46a2d35c259876dd2167bfe421246b66	Photos/IMG_3664.JPG
f532911fdf64ceef360810683433e366d1a084339679ae83b730c99502858687	Photos/IMG_3665.JPG
c4143c93b4d6bcbf8eb74cba310dac4783a6d755790292eafbaf2aac60ddb3da	Photos/IMG_3666.JPG
da823af7d4105d7114921f61c716e23660e912be9c52098b1fb3275a7802e1a5	Photos/IMG_3667.JPG
53ab3996633f8462c80a011b5b732850f7fb96d83386c30b61ab47a02b57f026	Photos/IMG_3668.JPG
9a2252bcb8ef1a40d24347a144ef619b2f8179ee8d231d74ee86e621b4a7ad6a	Photos/IMG_3669.JPG
5614b378dc4bdd7924716e755fc85acf47016eb040d9c14c02479a2251eb6b8a	Photos/IMG_3670.JPG
cda3893004a6e81862c7f14a75c8aa678b466a3f959fd69dbaa47a0c81769fe6	Photos/IMG_3671.JPG
8d2b0575f9f0612049f3c4bf7cdb05b28deb2970b3bd46cad572309b268a535d	Photos/IMG_3672.JPG
4d262b3c22f3edf986817f51864c98202e166fbfec242ddffd6673d1815fe15b	Photos/IMG_3673.JPG
c1bd0fe757921822147c0535ed518208cb1926774794116f53eac2e37b981fa4	Photos/IMG_3674.JPG
685c09627187337b1c9e3d45af5f6cb50f328bb649ad57ca14dd0b70de7c1b11	Photos/IMG_3675.JPG
224b5b284ef096862ead1511b2617f7b7b96ebcdd52e7da0e7482304b5ef2789	Photos/IMG_3676.JPG
46dd9a6c3e03ea6f916e3badd6cd7f64e5f15fb5ddd401b3522292760ca117e8	Photos/IMG_3677.JPG
42f9f66f0e1fc74bcbb14b06805dffc558e7b73804043e7ace119b6f55097b8d	Photos/IMG_3678.JPG
ec86eaec25baf8ca78a579c5907f995aecc622206ad2b6361ae1e67ebaa9cf1f	Photos/IMG_3679.JPG
a3a358053211d6aac498c4b7cf209fc3dd223dec50acba2d216ed736684bef15	Photos/IMG_3680.JPG
1331131c17bfa0dc54a9a777bde3c9f195a55aed7a135dd6eeb1cf30e9d4faa8	Photos/IMG_3681.JPG
8f02a21fe68e5ed1975e74812fd8aa1f9ccca019579611efc124a2a6df56a4ab	Photos/IMG_3682.JPG
0e42e29153707d7f02662b062be7771a74c437be8417bf23847c23b1cb6441f5	Photos/IMG_3683.JPG
78a5c116611e03791be4d01865ed5449e6e80136efdb4f416dfd7fdc14c518c4	Photos/IMG_3684.JPG
dc649e1a90209a327db4856dde1171b7d0a3b8154c3d6f163c453b12d2a904a9	Photos/IMG_3685.JPG
12248d414e5441e6158f40649b0af092c357abc6f658e0c90ea3a9f543efc204	Photos/IMG_3686.JPG
ffb9904efc34dad51b323649e4f55a5421a6a064598adb5a91210148fb18f114	Photos/IMG_3687.JPG
9574d06f8489868313b4d97ddc0552e899dd2c95a9fb83130a6a4fea8d99b9a5	Photos/IMG_3688.JPG
29c239ed225139e1f4a0fdcf54a82b8974b28e3f27ff1154454c86d73e2921c2	Photos/IMG_3689.JPG
faccff7089f2f4f97b2ec03f80961d4bea1ae1bc7cc71a6b564cda376f17beb0	Photos/IMG_3690.JPG
cfa4c7f50872883b01b1701324ea96a054954903968d0b49c28a5336fc530722	Photos/IMG_3691.JPG
29b68b34ed1cbb5076c4a059e7f15eb42817808910487db1029fd641c697abee	Photos/IMG_3692.JPG
af4eb90a0d9121de1a74ce2c3e969dea8078b87a6ea9ad7c2054ec1de8ad6338	Photos/IMG_3693.JPG
02136ee767d73c13db520bdbefa9afbed956fbb25f1604041a2cc432ccdd147c	Photos/IMG_3694.JPG
92909b4e7ef71cbf0eac1354afd5dc5837cd9dd516fe3eb74eac507730e199a2	Photos/IMG_3695.JPG
f7503e0544afa9c7a40f5aa836fc644b0f5ff46626f4ed8d971a7556be7d798a	Photos/IMG_3696.JPG
fd2c049e9831efa08302b43fa3486bec46a9d98dc3d8ddd6a2a178e87b10d4b0	Photos/IMG_3697.JPG
2b793dd9e04bacf762578f06e85dd410b1140545de79a3c87bf6602ffa7e13b9	Photos/IMG_3698.JPG
3e6db409b63bfdfddd420366a66281ed8c90ab606c8930ff06ec84fd374e308b	Photos/IMG_3699.JPG
f78d5dfbb038c93124ee5600c2c36fb553552c2d0fbeea6852eb6d4a3c5a1dd1	Photos/IMG_3700.JPG
2c618bf6cd263e2ee746dcdefd25dfd80dbdd202d50a189d596bbf353c3d8cea	Photos/IMG_3701.JPG
ae6fafde94f8bcaf7c9f87df58fea561d26cf2531305b7ce7560049224a650dd	Photos/IMG_3702.JPG
c2f54b273c85a9e1f1453282c635289297824eb9ef045a2be312670ee4287099	Photos/IMG_3703.JPG
4a521e0a92ee41309b8fc62321d556af739fe70bc764415717b1e1e5218615bf	Photos/IMG_3704.JPG
03410d7d2d35cb884aa1b73cb8fff9efaa2b98b2d3fff63051b15d8ce0b20aa7	Photos/IMG_3705.JPG
ad33addae29349243e7ff0e5c52f8bf808f72ec19836ccca7768a7e2ab9a09a8	Photos/IMG_3706.JPG
5407cf9295027ae60cb785ff9d620152ad8c03b575ee4fddfba308970f511958	Photos/IMG_3707.JPG
8c7ea864b276ea6fe7c315173af9fd57294acdc98a367d21b2e09cb3f5619274	Photos/IMG_3708.JPG
e592dc9c08e3057606aa5e9ac3852bf515da374b8f94b68bdb9b2442c932deea	Photos/IMG_3709.JPG
b90428f698f2579dec5aa5d5ed82819e9daa62951186553335dcbb44c84e53d9	Photos/IMG_3710.JPG
e8baeb3a0c09e45017f66777b0a1351f40fce00ed5196a9d4868f319c2fc30a2	Photos/IMG_3711.JPG
f62020f4758a6a1e034c6c367b39b18a951c7960f899adf5f166e1c71b4c8fcd	Photos/IMG_3712.JPG
02294053e3dc29bf877b2ec2547f735af4eec21c08b9c0b9887444a6bf76d931	Photos/IMG_3713.JPG
b90b4fac2c95009b7e16b022ada9d9a4d7da896414c909e30f88e2d8fccc55cc	Photos/IMG_3714.JPG
30ecf1575234a018ed9d2eb579734d079e0fd54d62d1f0b82d7687bcce3773c6	Photos/IMG_3715.JPG
8e76786efe7c04b30ed8c57f50d9c016a46cd7c09fec528082febb1ae2168405	Photos/IMG_3716.JPG
9a5c93825076b344c98945e3a797e22e6cdc9ea0c6eee7d21a26e9ce25b944bf	Photos/IMG_3717.JPG
58bb86b0f4b962167acba43ce2e1df09104545af5b539f9b01d09bbae3d53837	Photos/IMG_3718.JPG
ad9bc90be8e673541b7b031ff71d40860de41e15c58a1c42c64aef7d2270906b	Photos/IMG_3719.JPG
ac20c1070ec95a7219c6784c5c3578a76f588158b405e1c2b7f9dd7b4b179221	Photos/IMG_3720.JPG
be4b0f0eb644c341c4212ae82e2ffb8cb52047d06304fd1bd17ea17135fd0b05	Photos/IMG_3721.JPG
165874a3db4a6a2eb02cedad891c595d0711b7d9ec1cf4a7ac42410763ed1c7e	Photos/IMG_3722.JPG
5dbc40108552d5ac79df1836d7ba6f486a62c44c7e5292ced06b25e2f87a9bbb	Photos/IMG_3723.JPG
c157bc524f5c3cea764de3299eefef7c59934ce54367d303d899a06f473aaa7a	Photos/IMG_3724.JPG
f7b17ea4334b63865a153667547148b2e102097d3403fafe7760906945de6c1a	Photos/IMG_3725.JPG
00d4101dba705a74717e2c64eb0b42cefe545995e34af294ef457969c91d41e3	Photos/IMG_3726.JPG
619d2d6d1075ce99dd37437847782d3d490bd8d84c0aeff41f86285c47e4b96b	Photos/IMG_3727.JPG
c90955be8345376fb32c638d849d14b1c2cc03714034e38ef63206a8b5706e17	Photos/IMG_3728.JPG
9c10e19c842997819d1e610c87d0977934baa83de1e122d1c595d3cf3ca2b494	Photos/IMG_3729.JPG
d124b4351f66586f4b363d7b42ff49dcd897d540c62efa25e22f1e88b9589b1d	Photos/IMG_3730.JPG
37a1377916cff02544cb1f8a96139414bf7cfef6824170523768d9303b1515d9	Photos/IMG_3731.JPG
6432724bfe289236b2d647a8c40caa6f08b0f0fb84613477014dbe0624aab88f	Photos/IMG_3732.JPG
0db9241eb1664a100b27b6f9f8958aa76e180b37bdcff6f88b464c475593854c	Photos/IMG_3733.JPG
083954c7441fb38130e36068b0645b4c12dc971d7c71da2fc39a9fc21152563a	Photos/IMG_3734.JPG
f6d5b0c2415e905ca86d8ad6e4219239804d046309fb4e474f95cd14566c2a9f	Photos/IMG_3735.JPG
0b7d0c3c70c4426713b6adb63fbd1d8d21bbf6ef3b4939a63590220175a191f5	Photos/IMG_3736.JPG
73e166c4cb03a4352da83cc3048294bf2d478938e88f8d6458d5a90957feb7a8	Photos/IMG_3737.JPG
1ac664aa0428c0b082e38d15bf4479754a7ef1c1cabcc87a19df8ce349701c8c	Photos/IMG_3738.JPG
d37e7f4eb8fa17e85313be4fe47db459e5c82157754182dea78f7b18f269b623	Photos/IMG_3739.JPG
781e1995feed991f6e93d521fc00da8d134aa002db5aaccb64c792eab02c606d	Photos/IMG_3740.JPG
efab10ffaeb00283320d6e908bd7d0e3c04984620bfa824f651c7564b13c41c8	Photos/IMG_3741.JPG
e5a659a3c8ee650f93a468cc56d9c96fa1f5963d0d8d20032e14b258794abd49	Photos/IMG_3742.JPG
c78d7cc49c5813c9fa6708142b6750849ee3c425072647b860c58059a534def7	Photos/IMG_3743.JPG
671e400428a0963283277415de9b252cd2bf3ccc0a450f925d12e112425f168b	Photos/IMG_3744.JPG
6e6f6cd571defe41566cb5c4b0242c6a1fd441920019b4af04154ad4f62fb64b	Photos/IMG_3745.JPG
f24f7e4b9c3ed8b0f120107ad6b60ca4182fbb7b4995a853dfa5411448e9de8a	Photos/IMG_3746.JPG
c672536e36d385790ae431a1e619bc65ddbadc152bf31631ae7d9b927efb0dff	Photos/IMG_3747.JPG
27751140359f89b14f5fe4bc475a4ec6f0b78bfd00bd31348e44678474e456ff	Photos/IMG_3748.JPG
f2382a8760997abbc2566863aaaed3fedf94b64020f3a54ff80e7c312da08b48	Photos/IMG_3749.JPG
6085b268a0f196a41340fab7ee88fc25ec3d61a942ea5153659d66709925cf66	Photos/IMG_3750.JPG
9f08b0dc337112ef71a5638b0a04b7f63a8410b10cbd588de5f736250f35aadb	Photos/IMG_3751.JPG
bf3a21f6214bd022aec6d343db23f20e43e5c5e6cbbabbc25cb347c49e574888	Photos/IMG_3752.JPG
1fe3a876238019c51c4ab4043a70f71c98a0e29cd8fbbd48e64c100c72787104	Photos/IMG_3753.JPG
ddbf65340edc7e098e299cd9b9af4c0e894d2b18d07bf42eab870c60e3725a54	Photos/IMG_3754.JPG
884e27942b4f2ffb2da4d1ca5a8b2bb2f650736343f9490b3b7fe9b97b91988c	Photos/IMG_3755.JPG
65a5545f188f9d4aebf0e7ad07de76cb062b3f54fbb1dc2762f2f2d2a6f64c0b	Photos/IMG_3756.JPG
e0e2309b83ad033f43b87a02b3b96ddadcdbbdaae885fe1e3a517a3c83baa723	Photos/IMG_3757.JPG
1c303fc677a66a88753b728697b373b19555529de15185f2c60989f91fbdb11d	Photos/IMG_3758.JPG
06c245d43a4a850a4d3a82f1d0645aa7affb3e1e1ae5f7e6d41a3056b7e7bbe3	Photos/IMG_3759.JPG
dd859d74b795727ab112138ce2fea423c24eed9c51974c1d279ac9f69d0e0a45	Photos/IMG_3760.JPG
be94986bf442080b802c4155d3de83d129abc8d01c798c376272f4e646f5f5c0	Photos/IMG_3761.JPG
0f38969b00d5c024c7ba81e5e02649d852c5ac3d6f916de61a1ee78ee32ef22f	Photos/IMG_3762.JPG
719f18917c881695721fd78f8b62c6de37c74a388d1fe9eabc3cb8233405d885	Photos/IMG_3763.JPG
0d5b84a68e93f2b2a1c6f4006b46d5c386ede2fa94e566c64c168c6f7857fb2b	Photos/IMG_3764.JPG
6669230d4d0be9662eddbe9a8a647fe5217ed3d7149e550637b9d5236e80722a	Photos/IMG_3765.JPG
f0ad53999abcd2d4f5ce036a6b1152f87ae63205dd4d4b5fbc6319274e0c27d6	Photos/IMG_3766.JPG
5157b5a59591ba339fdd737c645f75b535a2567e2d33cce80c920e710421f7ce	Photos/IMG_3767.JPG
1763ffa3c569082f34309e1e27e4c83cf5e143054c7286f5e4875b1c5e32e37b	Photos/IMG_3768.JPG
f4b4d73f296c243fb96c560f4cf523b9e990cf3135100a57df183cd9a2194ce5	Photos/IMG_3769.JPG
111b55ee7bde0407fde894e7c74cea888311e071310bb0da9ccb63b3060d02b7	Photos/IMG_3770.JPG
98f7e59ab4f587beb98a99ad561bf2862d2ecf01a63805c6f154d3723b973a01	Photos/IMG_3771.JPG
927d63882c2e60d068a8b341a1f4a5bd98ff3321f3b99cabcaccd75ae3724a76	Photos/IMG_3772.JPG
4be1cbd0d14dede0ede3bc3c2d5e074de034d5542cb56b041548f557229d7996	Photos/IMG_3773.JPG
57f86f0c2f4bdbb8f963f15886dc8bf7009bdfcec9533249d32c14b81a02a6c7	Photos/IMG_3774.JPG
23f8002791f237126218da6e2aba5c2da37592ff6d1c63b3242301a911bafe6d	Photos/IMG_3775.JPG
01b0d41a6f25070916e6589346ba2062c5a906187b2d230cdd05bb85cb7f1fdc	Photos/IMG_3776.JPG
69bfcfaaa7a236bcf9148ae11a970898edeb3ff350a7c501ea58916fea20de7a	Photos/IMG_3777.JPG
d3fad2181e91c3a96d36c9c55212dcd4df33c55c48441ef6f2ccfeaf3027fea7	Photos/IMG_3778.JPG
0faffecc48a576417b1017c6fe812e760efa3fb51dcf8befda64effe88ab0b71	Photos/IMG_3779.JPG
3a877222d59a7b3ea0d871c6b63ed1c69ad863d3ef815bf8b7aefc6f8a31a16b	Photos/IMG_3780.JPG
c4eef778ae92b91a8889820d0a7d9ff0160906ca58d84cd1e3d5100b3ed93fce	Photos/IMG_3781.JPG
420047fb57d1f7f48ca19625fb8435ec52c85283b7fc8d820313ec4befd7192d	Photos/IMG_3782.JPG
af3317ba77843cf1d36cf9ff4d97095d5144ed4bf2fed654a47a29acbd0baaad	Photos/IMG_3783.JPG
e7b4a59e135f5c5056355b99c4efdc3be06d5bc98830db66d1dfb12dca5a9aab	Photos/IMG_3784.JPG
bbf11105a9ccd47b456acdd1beb8334da64ed267069811810b6f77b79cbfd625	Photos/IMG_3785.JPG
1b1d236b72fd98888a5c698271b5774ddeb96985e8af69a7c8278f23ea1f0063	Photos/IMG_3786.JPG
1fa2c7baaa6eae80071d8bd21299ad211f128a9f0457c4593dd3e3c1b868e310	Photos/IMG_3787.JPG
9d98cc2b6535243355e57563b8df3ee7a89414abef120a5e37cb037adc5c8635	Photos/IMG_3788.JPG
62aa18ace26f2b3add78e941739a903df4df92875a0974498a5d93d7e03eb2e3	Photos/IMG_3789.JPG
18e6a52db9ef6e43dfdab44e4f851cf519810071d7c0ed16c8b608e54da6da11	Photos/IMG_3790.JPG
f088ac122ad95cd9b8ff77d4db695f8d015e7bb96da891fd206d1b0bb263e911	Photos/IMG_3791.JPG
b09ca624c7788c7ab8ff69c620e11ebe9f614ecd941a1c68b4c7dfc8a0ce73b4	Photos/IMG_3792.JPG
b38b557923a5a5fab4c59a839e534397e94a6a88e18ff56d006a2d3d50f3518a	Photos/IMG_3793.JPG
c4df1d1a1cb41f956e6fce815924514fa80bb282c671a040684fac24c6a510f8	Photos/IMG_3794.JPG
97e4a81d2791127258a9a60a4b2bc31740318ae3200429b053fc5900113ba432	Photos/IMG_3795.JPG
df2bfea259edd40cb5c562f38f35876b5f62a331db7c9c5b6ee5c01a17fafded	Photos/IMG_3796.JPG
2d3272c9e6217fd7d9bc4cf315c7c4ad429a27ad2ce110bf3a17ab39c64ff463	Photos/IMG_3797.JPG
b25cfd6098a215e309ae98d23846fd3513084736b8c0f41e77548f94aef6990f	Photos/IMG_3798.JPG
234aa1ea830bdbebe532e643a60299b9c238194eb32496151eb980ea0f3c018d	Photos/IMG_3799.JPG
82364295b850ea61614da3f5284d39f9ded93d9078be1ce04942c0b619a95894	Photos/IMG_3800.JPG
fb896df4db0a80e588807c72cae3f22574a97a2d0932395ab2df4ff2274cf4e5	Photos/IMG_3801.JPG
7d1685d470b634e3e4861bfd5794d620c28160e6d9489cfcd5c3a098e0d71d27	Photos/IMG_3802.JPG
91fefc6600e326c712c47b99109fc6d33932acef439d5343c12d3eadbc0cd4c4	Photos/IMG_3803.JPG
f53f3ebc06fc2170158281a656169159d58b7d4fa3d8bbb9bb43b97388abc8d6	Photos/IMG_3804.JPG
7d31ce08f4234ba3cb189a4f626b24d63d961a4eede84147cc1e115ff4699bb2	Photos/IMG_3805.JPG
f89a30559ff6ed3227ef975f41bd876d1dd8c53de2bb7ff517f10d0daefe81a1	Photos/IMG_3806.JPG
edf0434c0110ebb8457b2d63d7f3fb606e037adc0d7090445c4baa94543bad2b	Photos/IMG_3807.JPG
b16cfa1382a78ddb7e96d23348b5f853fdbb43a678cdbdec546a44f0c15a7cd3	Photos/IMG_3808.JPG
2ef20e8ffba486f5ccf2e7403f15ba18fd67f0c44d2ef12830ca9532c910adc0	Photos/IMG_3809.JPG
e1ac886b6960cca3439aee0e70155981041c44de50413d480600731dbec38198	Photos/IMG_3810.JPG
8053f8178255229266cd64a7b7900ef7754ffd46916fd52a4ccec74dc6ace2df	Photos/IMG_3811.JPG
eeca7e253f5b700cc881e55635fa54c58e2348a718ac682130d1061106a69afb	Photos/IMG_3812.JPG
04ab45922a8bc1de4052d9dda3959dd5f5bca80c3d5d17418e2a962ea9830d07	Photos/IMG_3813.JPG
4dfc24e74ddf493b8389896fa70f84b79253cdb3f90062339aaebfa3422113f7	Photos/IMG_3814.JPG
8d4a699e95e9ebd74c2981dc1f098dcfd2b3e4b44d979b213f4cd0cb414810ed	Photos/IMG_3815.JPG
13d2bf8a4a3dba3ee746f3ab8e3d8c87072302b5fa4e090665303e1fcdd31df9	Photos/IMG_3816.JPG
a21d63528617c19baae9de951d27eb7bb67fb4b1f3a8073b61d61b2e573f0124	Photos/IMG_3817.JPG
41d9e84100067df85ccaac047171ac521e4094e8c04e80deebecbcec3422db55	Photos/IMG_3818.JPG
1148eca97659454b8c060fd1b7fe34e156ec9af4ecccf42490ce599c85b17a05	Photos/IMG_3819.JPG
a6e36ff137d6636a3531071c4da18bf5a0cf25ba4d879ed8dba0dfd42bd4d4e1	Photos/IMG_3820.JPG
452be969e8b5dc34fe08b3fd23f3cf84aeeb6c54d82631ac69405553effd486a	Photos/IMG_3821.JPG
4ee38718e1b697b3517066e0a1b25ecdc6c000b6d027c3e99b962451c189b226	Photos/IMG_3822.JPG
7e57b0b6e13a03afa27899ae8a4ea2869318401927a71c181c4913a5000584ba	Photos/IMG_3823.JPG
df7d323a7eaa22c04a8e1c6a85142d4149079459ef122929a4cbc1c8e2e400de	Photos/IMG_3824.JPG
26d0879c39bcc9998023d0d739e0591d3a8b62e0635213a152d182e6725ff97f	Photos/IMG_3825.JPG
e2301803f1e93737da539742f31a301042ee351f2716346919036d4ae3b6abdc	Photos/IMG_3826.JPG
afda39dbe59fc356e061fff8d837a85a631e952f89f7f25743de6f195a32b094	Photos/IMG_3827.JPG
dfdea925ea5b0d198bf27dbf67d30b488c8cea465833a387c012bb8b7756c01a	Photos/IMG_3828.JPG
d3df632be32af7c27db95f4c4fe506cf5fc5dfd14250e50fe226a1cf74b5fec2	Photos/IMG_3829.JPG
74f65d41bcaec09d170d2df7e9f38d8a919d9c3b66539d02046a7abc3d5a0726	Photos/IMG_3830.JPG
51bde450d7b865597e97600c14392ec0e4df49d4ddaaad3fd3ba385ebe86f9ab	Photos/IMG_3831.JPG
f956ce544cf784d7580d4437a602f04dbaa45165ecf7fbf86248c37213ea2d50	Photos/IMG_3832.JPG
3cbd2a2201367be298ff7a208d9c27ace8df2e0cac207769e56b7f5a51e8d2fb	Photos/IMG_3833.JPG
7258d61e7c5e45fa559ef8944abc3df304d8b15033d863b4ab9695c967d5fe69	Photos/IMG_3834.JPG
e12bc330806ac1da2315523a58e669720e85254816e6b9500b921cad248bd3c2	Photos/IMG_3835.JPG
c96934d2b866143d34cf4fa6616645104245668637886018cd192be9d05e81a2	Photos/IMG_3836.JPG
e7412091fd31f397f4f30a8055b07286d453be355f0dea00df07114f20772f4c	Photos/IMG_3837.JPG
1becda046787bb3b7904ae02ff12b038bb569947637399ab5341246d0a85e441	Photos/IMG_3838.JPG
35a585bd61de52c7d74deeb66b628155298331ab9f7d4a9154f73e50d63b3eda	Photos/IMG_3839.JPG
f7bcea73998ccefecbfa1f5b8ccd1db509fda99dd83b4a2cf117819a5d84c904	Photos/IMG_3840.JPG
256de27d9d85b52972cd4ba78249493e12b2aa7786ca399217e63ce844fb2e13	Photos/IMG_3841.JPG
04d4584aacf8f4860569652283206bca5eac32cf8008c5f639ed7580132ea8c4	Photos/IMG_3842.JPG
e894144ef49694e95558edd0baea05567cc869825c546713acc2882f27bf865b	Photos/IMG_3843.JPG
0e690b2d68af1b06f05b19e09faaacddda90afb529261c5362976859338c450f	Photos/IMG_3844.JPG
44a9d71fe743ec9569d8e36d4858e34e1438dfc78276a7a09bc4d87439aed32c	Photos/IMG_3845.JPG
9b64895faf32b43628902e218c6ba6016f867de3a78c93d79c449dea32685503	Photos/IMG_3846.JPG
e55a0e15b1f69f9c84f5f9cf8064bd82fa4e51395427e8c8ff330a8dd309f005	Photos/IMG_3847.JPG
33ce96e8f34ac96ae640749e21cc2e78afd96c2a5a0b0588dd4a14f3eba5fc18	Photos/IMG_3848.JPG
6baf9603c36472e328f8d79621cec40321c2ba8d9133ebb5688e00af912b56a6	Photos/IMG_3849.JPG
09344bf2c87606697fdf067ce7103ab0a7b176426be60385ed9c865ad4ab31a9	Photos/IMG_3850.JPG
2eabfae8900167aaec516a01ecca6b9f9dbb2e2b4a5c39cff717e543d399b106	Photos/IMG_3851.JPG
ccc54b70f0fafbc96b1f518f788c6541b6a843f08169ff0cb81b778071b0ca22	Photos/IMG_3852.JPG
068afae8fd326fb5d3b4076ec39fca64dbebe0f72072478b11004d316a649ffe	Photos/IMG_3853.JPG
7b9e1af72733bbf26505197ed86b2ec8aa00a7d58b041c6543cd183753b19dfa	Photos/IMG_3854.JPG
c413d2652a73e33c79da6a3a78933fe3a379d180433c1ada127a9c9b9983f643	Photos/IMG_3855.JPG
3ba2eb4bfa3f881c18ee2f3d09e80bd8b58b581495e55ef9d79a9b981b2a95ba	Photos/IMG_3856.JPG
2fcc4044da2931cb7a7b3b484ab4fffe0582cef25eaebef35c8aeb9a71ed1ae6	Photos/IMG_3857.JPG
88514b98344a99fb3e3603e5e8cdfb0e19bc59462b9d9451ab90b54ccd7362cc	Photos/IMG_3858.JPG
f85c673dfa19ff4cd49dfff8d0083edc4958160ca18503d9f6ba6504c22ce252	Photos/IMG_3859.JPG
8fca9b0bd134afe8e3312ca06214b1f459e3c434ed4310101b15d9f8f70c8d35	Photos/IMG_3860.JPG
121f6748789d2f2cca04e16ea82489e05e6925f94160e711ff12ca33d32396d0	Photos/IMG_3861.JPG
09779a1d21abfe0c97563dbcc8c6339e59c39c93dea6beb2405f65530b49cc9b	Photos/IMG_3862.JPG
220d663ecca3232752c138cc2ef90f5d2d65da240839c4b3835aa81319ec9a99	Photos/IMG_3863.JPG
96801801d9a0bd1f0dd5aad49c5c318833f12a296c85251ec4be5612f3f8fd59	Photos/IMG_3864.JPG
10885bf8c88ac6ec492ae0575c08c9464dc63329d3e684b86a6a45a97497a05d	Photos/IMG_3865.JPG
133425c254ef1c714fed088bf75f7335f2c5b64ab2a1e66d7f6a9b75d6398b28	Photos/IMG_3866.JPG
b984693de34f47ba5da8d2e33daa2587450e18f18ac4bef3d98506bf0246cc44	Photos/IMG_3867.JPG
da703f3f6fa39cec1985f1cd7e50d461986616314aaacfec497450b891e60ff9	Photos/IMG_3868.JPG
a217eee7280c7208f3cc4edd14d91bf5ed988fb37e7ebaa577035d57a9a840a2	Photos/IMG_3869.JPG
9530c98d9aa68b4a4a1bf89d44ded67ae343f200ad91c601fe21976dfeada8d5	Photos/IMG_3870.JPG
d7de19857ca61da0c61a1196e720ae2578da0863106ab691c9113bfa3a015b87	Photos/IMG_3871.JPG
d1b9486e9930b7e9450decf7ce7d346f2e82816f84db2aa550ae6c0d6b1110e6	Photos/IMG_3872.JPG
312128397d28ce31528099d09b671dec9b7156daecda4417a01eb2f78ae3aba8	Photos/IMG_3873.JPG
98a20b7b368737d88194619743802d2f6564c7d260a2d0d3cbfbb6155e2245ab	Photos/IMG_3874.JPG
57a81e4e8452190a60d694d154426ab8f9adc759fd1593edcbf8bb63212ae91d	Photos/IMG_3875.JPG
129d2bf23667ac8370830f47fbd844574ea4b4c234982792dbad7574c7b136ec	Photos/IMG_3876.JPG
ed24b32cd4b27ed7f0373a375227c727a4767f04488a4d5e5c44a557447dc625	Photos/IMG_3877.JPG
0074f45a51a8ee43dd8257334df43de4dbb43a2b05b853187d11d76e5f0b9e62	Photos/IMG_3878.JPG
7d86d312fc4d58191a005d29ab0725f92f637d0b6232de49762b46b8de2db1e3	Photos/IMG_3879.JPG
610c8358e58dab6ead07a14f6d6c08c63cdd2392d24798b60d4440e602bc1cbe	Photos/IMG_3880.JPG
218b10bf92f01460e389a4388f74becfba0bdf22cfea1660df06b31feda175e2	Photos/IMG_3881.JPG
bd03fd32f369163396cce464810e1b789c4b388c4fcf317f6d340b181da7ea7b	Photos/IMG_3882.JPG
4557086950ffb955bc024d14ae4045f3f5c684270de7355e1f1a76d4f03b7802	Photos/IMG_3883.JPG
0c490739fab9fd289080f9ae7b665cc6f34a2145caf0b88d259e878616167b08	Photos/IMG_3884.JPG
1f88c08d86bf62c1752c19e38d3f1a5b95afebe74cb9a7d41b9c8fb11a894580	Photos/IMG_3885.JPG
ead73019bfbda8fe562f664bcaa7b2acf7ac4f66cc7edb49ced8ccb03c8d0a80	Photos/IMG_3886.JPG
55ba6e419fcf4c598c71213c690a3466c2fc5d9ff7f549a670fa4e8cae8d1aeb	Photos/IMG_3887.JPG
f423289ed1cd6e1c49d1f7f5852b8143e6d87c659bcb378d9c75139cf143eddd	Photos/IMG_3888.JPG
576dbd9b7fcc76d0161469704b801d8b084c5078a04ce835bde26e9d1dd13c1b	Photos/IMG_3889.JPG
833e9d515b106526961845dee9f1a716b5f7ce671b624180aa9077acb50e4d27	Photos/IMG_3890.JPG
939010b5847ee9e9004f1c7efff792a3c16a7162cd09509b56d57764d6148214	Photos/IMG_3891.JPG
d6e9a42256a02f12a75ad403d208a6bc5b9fc5eaa0e8053303f2448bfa1ebdd4	Photos/IMG_3892.JPG
cbf187bed0b73a48b72b60c5bc9e51178751b01d3f12695d329963d8f52e2132	Photos/IMG_3893.JPG
f041651bddc773bde4b293a81bc4f0dd96cffd81c703a364ee5d099cc97d91c5	Photos/IMG_3894.JPG
8671a9e03fc11275c4b0a21a1baf0b0d138b53cdef8b54832b061479bcb28d72	Photos/IMG_3895.JPG
8ae6fdecd72f2842e1a73bb127fd2d8b48cbb9cf818f5fe1c837ca8c840a0a7e	Photos/IMG_3896.JPG
d1e16c1d1b614b666f7ea53f12bf6dcdeb0c9ae19974cbac858fbd091c3e3dc1	Photos/IMG_3897.JPG
3745e15113008c585267cc1eb1a83f2b8ee1b6e5125971580c292c3196a9f71e	Photos/IMG_3898.JPG
13e6d4e2bebe6645ddc009ac99ba021d35543f8f0b4e25dd405a5d00ebd37d06	Photos/IMG_3899.JPG
bde9320eb9636cc4126efc61411253d30778b3666ceb810f344272b71c1f138c	Photos/IMG_3900.JPG
ff82a4dd8cfe188527e122b9fed67a7677348489d6eb101553438dd6ea22585b	Photos/IMG_3901.JPG
720ed41dd4b104bef7168eb02454e6b7af52f33d8e9e772a32209653da8269e6	Photos/IMG_3902.JPG
c6f0a952ddc33468b4095663ba54d9c7631215247430ced9ef8c082e0e7bc9c0	Photos/IMG_3903.JPG
6063c9be2cba102b5eb1fce2609cfe8c7b73c89f5a3a8020d5acd787bb520b5a	Photos/IMG_3904.JPG
f9d2460b038964f067929f50b4e6844c9af5a3dfe1e28a8fe93ca775f133a7c2	Photos/IMG_3905.JPG
164a705f606524ead14b78d0e9dade8e773cc9919e5d008a751de6db34e2aaae	Photos/IMG_3906.JPG
206cf76bc45241f82772dbb169a5a69a5c02775d7daecfcc29a0737eef07fa1c	Photos/IMG_3907.JPG
d305fde763842ab75a12c07006637699de34d25892a04766c1acda6c1db95b9d	Photos/IMG_3908.JPG
4d5728935b2ade83e3552628119f21aa707a965b2638b1be76f9e350bcf4e0bf	Photos/IMG_3909.JPG
93f83b7c838bffdd9a666eb60f1ac9795fe7fb4dd4ccc4864a2e7f4cf546119b	Photos/IMG_3910.JPG
ba524aa053edfe5b640d2851c074618994f6d4a047dc3c0be50a6638906a25f3	Photos/IMG_3911.JPG
04e904afab9742efcaf301395b027697da25409de1f0476af791d85b66834422	Photos/IMG_3912.JPG
d1fc2f75f789cc97317189d18be5705e04d1de5adda45202054cd6f65b2a5ae6	Photos/IMG_3913.JPG
50d654625169f9155939ed52b1a11013b78264893cc45b632fa83ed5bb582a76	Photos/IMG_3914.JPG
5f7f65f632c209926fe24c10225bf7ff949542cf9d1896c34b6bbb382132eaac	Photos/IMG_3915.JPG
b22f25cee160800d2474d8ebe03b5702b190035652229e0d5e5d50da4527b935	Photos/IMG_3916.JPG
c1bc49a495ece326727a2247309f968da1e74309b24d84917df6b3a34093be3d	Photos/IMG_3917.JPG
9e9d935cd86400b704fe4bdeae098d2fd54d6e46327126985aeca595b5a39e10	Photos/IMG_3918.JPG
9042123199f94e96a8e0c33d3b9ad9a7975919739c51c82bf3708d11e7c14421	Photos/IMG_3919.JPG
0e5a84f392f0faeffc9eff30fb4af44e01252f24795d7c27c395a1458a683534	Photos/IMG_3920.JPG
a4964400c379309e9a6d197b85f265f0bd879f117737b444645defef4a00f682	Photos/IMG_3921.JPG
a1b0a2c5893fcc4a150e01eb52ada6259657c84e726469188c8fb907eb8d3543	Photos/IMG_3922.JPG
461a28a5e0185bb6cc655314c467be850e438885c4adad29ceb7bdd9da887921	Photos/IMG_3923.JPG
dfb0d850c7e301e8d1c02ebe27e6a0ef425ed7b2089cbdb8d3c6fe6b96c3593d	Photos/IMG_3924.JPG
4429e8f721b141591a5d0ee2fa7e9a918076c897d79e598481d8a8504c87d4d1	Photos/IMG_3925.JPG
d521c2e19a92987c51f60038eb57806cb227e4646d3224645c5681d12ca0ab5a	Photos/IMG_3926.JPG
ad9b1b9810795e14f524626c5af3c20d059abbf948c9181efc5c07c504ffbfc2	Photos/IMG_3927.JPG
21fe8aa6f8e5c2498ba38b2d71964068aacfa14528b28b1b8ac5c82c0e2b8e37	Photos/IMG_3928.JPG
3df044f79824aa7cbdde5e9c1cc79e987488c75dbd8a1790afaf22a504831b51	Photos/IMG_3929.JPG
f79ac594b23cc078218c8b39ae3db942426013454d4ac1fabd6fba24b9e42275	Photos/IMG_3930.JPG
ca13635e2b4deeb95b0f3677e907b7833b9dcf6fdc15a0b63f09f015c096fcee	Photos/IMG_3931.JPG
930a89f6d896be826e49f86db28563118cc6cf2372ea01dd0206e2920c197f7b	Photos/IMG_3932.JPG
af5ac5b7157cf4f45bd45d032474ebce62d2086e1d2baa8daeed0d354e685663	Photos/IMG_3933.JPG
488138ead1769074cadc3e262c9beb68663e302abfb051864800548943381aac	Photos/IMG_3934.JPG
b595f3cb953ec9d18d31709354c0222b5bb13250b7a90c099b09e5769218b239	Photos/IMG_3935.JPG
b0350ba13828dd7cc6087fdf2d3fc89833f5f0a6a1871ce9c121243774c7d8a6	Photos/IMG_3936.JPG
fa4c4c38e3e97080acf4c96f41e7e26ba8ddb8b00bf055a9d4770149bacef373	Photos/IMG_3937.JPG
a79ad61b521d28a0a331cfb8e678919ff2675ce3c3dd9d881b9f57db7ea3d3c4	Photos/IMG_3938.JPG
458e17438c879792a74d493f1653c18c7b2d74d2e7b4ac1f24e0c5739d71ca85	Photos/IMG_3939.JPG
4591a5f8126a667ec2c2d2e8c316065e9c57e0b1c148f24eba109d9c417b10d4	Photos/IMG_3940.JPG
2e62370d9c58415149177cb15509ff532b87e50c6067e64ac7cb192acd73ebb9	Photos/IMG_3941.JPG
3daa71196bdf2b0e4347576f7d35dffe903326eac25a07b9bd5282158de19365	Photos/IMG_3942.JPG
aa7db9180712d5814c1b760f64934c0e51ba9fcc1aa1984f8e39c611503df8ed	Photos/IMG_3943.JPG
0adb0ba77903fb8719cc56d6c4f8531410c15ecf46bd61ab15963df268e22d97	Photos/IMG_3944.JPG
63cf0882d3805189c8a0de017deaae29052a62a074c8f7dcf594721852155160	Photos/IMG_3945.JPG
f96127a3dec706be1645a3dbc6fc9eadc4c6082206eccb73ed1d4a81e51f59d8	Photos/IMG_3946.JPG
fa559b479cb0c4bedb5ac50a6b41541195d14b787aae5d8adfff900ad41fe380	Photos/IMG_3947.JPG
71b451d834d3e5a7be558dda7b27473e9ab8495ef4394219f57510943dfce57f	Photos/IMG_3948.JPG
479b9e56a8eecb8730faa9d3f8cda21f9172f3277af0cc9e419b873d7a5d99ee	Photos/IMG_3949.JPG
e5926af2bc634e9b9140abb517f6aaf298a924d1f449e39050d7d51a25e924ee	Photos/IMG_3950.JPG
e6edcb81f70ebddd1b43c502ec19c0080622100b91649cf39a36396d2642dcae	Photos/IMG_3951.JPG
5f525fcab4381936748878d0cebe2ce4ca5fadec7f1d7ceabb10a3453f9607b8	Photos/IMG_3952.JPG
e55b61bb53574c5652f1d449e26277cb541782e88a57ccbec315da9a77d54871	Photos/IMG_3953.JPG
4f7155460586c5298c7765bc1cb6fac37237f7d40a998e88d7555ef2c9474e74	Photos/IMG_3954.JPG
2138226211cbf58546a04eceb12e5d134a26bc1f6b21c14b917dc3f8cf873e9d	Photos/IMG_3955.JPG
9e8b0472e53740e35b89e014964b30eb56a65551787b4dd01881b1b88c8a1944	Photos/IMG_3956.JPG
15a7388b7bec0ece1489c553bd7a4c7817f9a6ace8ab1e67fec7148de76e6c67	Photos/IMG_3957.JPG
4e07b0e8a7a733b83c3daddb2c90ee1d47a6f1736b34a688ab9990d635503897	Photos/IMG_3958.JPG
b46b8a1b01abe9146529b63ee0a50c438e288eb585fbc867ed6d0b5223b6d3dd	Photos/IMG_3959.JPG
24e1e88a021f753e5333369494164830ebae1a3141e4d88118aa067aabe1fb7f	Photos/IMG_3960.JPG
b6d5f65b202b763adb61b1259566100b5c0b3d761d8b3739ade64d7f834b6ae8	Photos/IMG_3961.JPG
1d354e923ad504eac119f596a66ebf4c2822b5a970b20bda7dfdfc2f168d408c	Photos/IMG_3962.JPG
10807c0bf13940c6638dccc39a1912a1543796518561eabec3d4c78768b34c12	Photos/IMG_3963.JPG
6929c02220eb97f2fa131e808e0ebc054a600f81d4deb9feb4a0b58c1a8761e6	Photos/IMG_3964.JPG
4e73179ec6c6bce93e08e03c45795b924186a3b5ab801dc45b08282f44c4836a	Photos/IMG_3965.JPG
01ced2bed4eeb8fc6b8d92d263ef254c5308b076bf55769c4a0b889afbb4f201	Photos/IMG_3966.JPG
79e2eec7184eb423b6f732d98679c76a2fced85eace6eab65082ee66e9797707	Photos/IMG_3967.JPG
5d51803b9bc7ac305c799e47e96bdf702971a3cc444a3efaf597bf0554ffc016	Photos/IMG_3968.JPG
907e68e7aee388626481f66c3bcff1d254f6ce7e7df37c431424ae9f7ed92601	Photos/IMG_3969.JPG
400d33ead2f93e8c93b1fcbb10380b9f00ede346af1a6646177f264fd5eac910	Photos/IMG_3970.JPG
f5b5e4534bd640641a67dbf9f0432a91724266b98ad13959a1ce4befac71b4d1	Photos/IMG_3971.JPG
d7243ab7c8f696894a89e8fffdeb5a90b0dcf54e41f52f6e99901a62319909b9	Photos/IMG_3972.JPG
51ee32bffb1ea321a3e2ee13b428fc9a2161c0c0c8bc0fa7adf467782842ef73	Photos/IMG_3973.JPG
11d8695a914271b0e61f9fb41a7ac51d5776eceb7976ab76cc6d8d869502b2c9	Photos/IMG_3974.JPG
a291455ddd45cecf1771bc0c0fcab7cf434b30a3aff173e7ff64524c0d91d4e2	Photos/IMG_3975.JPG
b75e38f71e92b1ec51ee2533b91c75501d86289d3c38e6108ccfe079be3e0499	Photos/IMG_3976.JPG
386779a89021632d8325c1c3c15d1daaa91c256b7209c903c5f98692d65997ac	Photos/IMG_3977.JPG
b3026019c215035ec0055dc4790037ffd60f815c7018f9f7373be3ab65221cd4	Photos/IMG_3978.JPG
671ff9581ca5fe7f50f542ea1c824b80dc5b91b0f14adf6b8b85e715aeb94130	Photos/IMG_3979.JPG
b0de142d00cbc33dead0202d5c5f3432da75bf363dbc8aaa806c759c3252d611	Photos/IMG_3980.JPG
1adb4adb4ce5c2a9b3ccbab44d5302d88978d7536612503df77f566f05b4a927	Photos/IMG_3981.JPG
482854d3b4c06403ecc689d363fdc09b30e8a9d8079f865e6040017b6996dce0	Photos/IMG_3982.JPG
db821596c213aa78bdb8ddf37ef300e371ef3fa018c2e4ba0120724c0b4911bf	Photos/IMG_3983.JPG
1f052367f3d168003eee8173dfe8c7f95a67d824eaa5a82febb7a76b7a57daf2	Photos/IMG_3984.JPG
f1e889995ec73ae5cd926c204242d8eefcd7d9e10c3ab5383483f5ad0b81e20b	Photos/IMG_3985.JPG
fb97d3e204929d0d0e28097bac12c458278ffee0656397318b1dad67fdcc81ec	Photos/IMG_3986.JPG
5b95a92e142d259ab286d92b07c33797c3aa6791c3a8783430925dcc42fac0d5	Photos/IMG_3987.JPG
5fb2277a4677d70b38c24a37d326882ed2a3ced416202ed7c0c6e02389917e38	Photos/IMG_3988.JPG
6c87426c66dfb0916b37b9bf5b0e39e1a6d29ba74a46c7ed70f4e344e3e32f6b	Photos/IMG_3989.JPG
7b4a28f0bc8ca0018eb6e56dc66d049c0462fc8c85808b87362b0eca82c24f86	Photos/IMG_3990.JPG
229d4629f0b6ccbf552100eb6819bb75e954383c0055f48345f6fe551e6ec5fc	Photos/IMG_3991.JPG
5a99ee0d23efdb1afec8b4bae50da8ea69b0faa1ad37f8ed18a7d94f526b9c7d	Photos/IMG_3992.JPG
048e1efe09fe6190e1d8390cd436435f268beebc9bbbf08f67b4543a50da8aa8	Photos/IMG_3993.JPG
0ee4321494f617896beeb366c84c9349a7487e646d3119c5f3617ddf8ed0f478	Photos/IMG_3994.JPG
06a10ad90208147425d7650903f48a910d55f29c6de2cc9692c64826ea47820b	Photos/IMG_3995.JPG
44593cd528fde680acf0b5ef5971f5b8f23afe648f62c9c6ae0beea47bca7944	Photos/IMG_3996.JPG
4f23b8a5dc9e94978bf88c4afb302fe060ca9e377327c4cf7a7a0de39c354fbd	Photos/IMG_3997.JPG
2a92e87be2bd9d0bd9f6268e8175189c1d94e5b54f55001f5276dcbe51b45b5e	Photos/IMG_3998.JPG
877f9b9910295158ff938d788336f30f83fa3eee7bb21ce9c643c5a52995b60a	Photos/IMG_3999.JPG
6fdab7b8bb284160126070b890daa0ad0616f89686bdf3a70778e0428f181823	Photos/IMG_4000.JPG
24dc3004e0719dab562ccc6dcb7cb6e685759c220835eb02e2e701447bcf3129	Photos/IMG_4001.JPG
43a098a9a6a8c5467020b29a25c0dad87d5567e7369e2c0fe32a33fdb667eabc	Photos/IMG_4002.JPG
3cfc3d0805e8fec1113925fd9d3d9f18dd2e5b98b653c7c7a1f656e2ec6b50c8	Photos/IMG_4003.JPG
d2caccc788cd56f32da4adb9713498c3077acaec5c9bf11fba56bcd321855199	Photos/IMG_4004.JPG
24804ba65a693b79b42a037871136cb13ad515d65d1ed07483cb3046a0124d0d	Photos/IMG_4005.JPG
d594d274856f73d2f5311914ffffde9840ff504b5d51f9627710c25f8b115f60	Photos/IMG_4006.JPG
4addba526b050c43758ab5cb62e4afadfa80665353146f019701c1f80fd859d8	Photos/IMG_4007.JPG
9c7f1a4f443037e63f57cc499e3e676312e0cbde84e12da4f6fd40aa2cf3e034	Photos/IMG_4008.JPG
6cbbffbb5f4615b81f8b245abf997f95e809fb603c0b1b549b3e1f90081608af	Photos/IMG_4009.JPG
03d04a12f6677a69b8574462def5e459ab83f46cff6bfe506d82a1b1f7dd058a	Photos/IMG_4010.JPG
c1e4629e7cc84fbcc2c4e020f0c503281001d6691c429fa92d3b1173c553aa46	Photos/IMG_4011.JPG
657c08372f0fee757a4226045a46d972321746836555fc468139d3c2c2ac785e	Photos/IMG_4012.JPG
0169be326db4a2ff669fbaac2a9a7f2d31b36afa63de8fe42b3224c55ff93200	Photos/IMG_4013.JPG
fb86768b72eeda0b4d2110e30c96604fae21e76538c467502102b69b71a35d72	Photos/IMG_4014.JPG
160484f83ff89fbb29abadcbd968b04f3a8d9c503bc94512c81a72950d19af0a	Photos/IMG_4015.JPG
008cf3d9ccd35bc491df8382f72ac35beefa03f9e84e2ae63032277ee508cdfb	Photos/IMG_4016.JPG
a08a07efcd0e2a3136f3e7994bbfe79a0e11a043baf6919aea6102f01c902cd0	Photos/IMG_4017.JPG
ff752e3fd37cb5a1039701af7d49e1c3c3374d7797f5cfb334ba8e437e1dac39	Photos/IMG_4018.JPG
04fa049f280c62b0a03986af407157f06ab403e7e2c7e10b7be7550c78d1c440	Photos/IMG_4019.JPG
c6fb5f190f1f6ce12e6c049981c83a66020be74352e27a922eeee4e5e6af63d7	Photos/IMG_4020.JPG
7748de9bbee7f42732e6ca1bcd2188467eaed493a5e543043832fa31c5562700	Photos/IMG_4021.JPG
2458316f82c39351c0116a3745571f015027c8cc478d2efee622e8485a2a9a05	Photos/IMG_4022.JPG
4951c4eb607ad608aba6d600283a2e42d7c247da776b30d08d21ad7d6c0784b8	Photos/IMG_4023.JPG
376b73bfa8655ba969ef2720ad645507271f57ebd9dd320e0231051eeba17939	Photos/IMG_4024.JPG
0d272d4847dc19d0c324032bdd3774bdb1535879a3829d5133f7558078d74ff0	Photos/IMG_4025.JPG
3205e3fdfe3548f05bf98f00ccef2205c796550854dd540fdce984e59749dbeb	Photos/IMG_4026.JPG
b5e2a9b750424dc53b7fecf0b52db3530e7843e29f42cd6668c3209aaa2ffc39	Photos/IMG_4027.JPG
fcae5a5c8926187542a6d743d62e75c1951f91ea1c129fb0c517317fa5d8c89f	Photos/IMG_4028.JPG
d2e740fe948f6a48af6780cfdf6f9f644ba2dddf196ca84f95f4b287a8f362c8	Photos/IMG_4029.JPG
ce0d941867d22b1e4119cf29f53a935a556404fa47dcfce77bd98ba39e296c79	Photos/IMG_4030.JPG
a637ed8b0c5ced4bc814f56ea356120381ed88e0769f59fc6f2717d917214094	Photos/IMG_4031.JPG
210993b8fab8d264af5effdd3df2fbfd78b7b99b0265baa3b6dc449f4eed871b	Photos/IMG_4032.JPG
462ec3e1edbc60326f1c7af9d0dc955d2e7f3cd5229bc2042742b12c22ed159c	Photos/IMG_4033.JPG
77985db84e190270275ebfd836d4b838f7fd4366c5b0fd4c5dcd9de34d72cf81	Photos/IMG_4034.JPG
410a6bccf1b94e5371a9308bc9370ea48c7e1f4bee22041d8f48a4c5d0cf2f82	Photos/IMG_4035.JPG
6ef50a1b49b90ff6939070d8028628df6fe92de0b66c77fd78d7cb0430d7489a	Photos/IMG_4036.JPG
f8c079d09e96838d5830dab48eab11117b655aec1d2eaa38e0efdfd6feb9fbb5	Photos/IMG_4037.JPG
fabd80003b9d850552e81d1e1a34906c3c9aaf0e38efc975f2d5cd48fbacea95	Photos/IMG_4038.JPG
e2ad40c7efe89e9c4216a9f3d4ce64672216e97f5b78905801989ca9baf02d7c	Photos/IMG_4039.JPG
73ce3d28dba79a19ceb8a80992ca25127c4120aa91c0dc007b2472e9f445b754	Photos/IMG_4040.JPG
b503d14cd93949b1be72c772a7c3297ea69e9316e56e93900db7248dfab05a06	Photos/IMG_4041.JPG
70ff35d0b4759e438ab7a04874753ad5fc1a72d5faa18c5b0d691e7418aa567b	Photos/IMG_4042.JPG
9470c98a9cf98fafa4bf733581b0ea14af53861a1db6168c051eacf5e98fe721	Photos/IMG_4043.JPG
38cdfdc785390d6a274de2f2105056dcc538a5f3cdf5616e207f7ed90230a384	Photos/IMG_4044.JPG
ea985e5c1d2600bfc7cbd8550da66e927a09de7caf0dbb21168db481f2f3bc1a	Photos/IMG_4045.JPG
3e8ca9c3148194188576fc13f00055038455ebca699c5d54264b89cd84ec1f97	Photos/IMG_4046.JPG
53ceb2c3eb7b52b7e6ff0ac13cf1f6ee6e4317b2cb6608381aa8322ee4f6f5ae	Photos/IMG_4047.JPG
24487c09fbb97ce1561f2b8d30a14b81b54c55f20d37c531464822cf887ab185	Photos/IMG_4048.JPG
62d31a8aab28d5e3bf9811b7afb867351ef4703641e33a77d019d5b621b3d8f5	Photos/IMG_4049.JPG
f66a7af5177bdc1eb1f5581a8d800a3666a7125a6d3417114140ca850595869b	Photos/IMG_4050.JPG
1a0e3345d102a859a72d04814a23a7cc768ac833f1953963b213f5032f563875	Photos/IMG_4051.JPG
f4b532c1896fb24a244382a87963ea766dea06a5f717a390e0019c4f7781be3e	Photos/IMG_4052.JPG
24a6a38397e194cf3b9d8cf71bd1999550d8e3f2eeabbb3046e179ac5d7ea0bc	Photos/IMG_4053.JPG
dd019ff57e0a7c9d985f64c35f03acaa7758c9539462f4af809241e3e2d21539	Photos/IMG_4054.JPG
261e24c05452141d6750ad0a53c66552dcdc764867de1334680713311a5e1365	Photos/IMG_4055.JPG
3bfa44f996c3fa9641d7a571da0665c7313306a61bc17cc0db596687cb5dcd9d	Photos/IMG_4056.JPG
3da605dc7a86d9cb08280783cb5946e509c08fb827c0cf93c8d061e7cf5310bd	Photos/IMG_4057.JPG
da09bd4606123bcc5a8320ba955070650c165523260c5ebf7e30c495fab5bd15	Photos/IMG_4058.JPG
d5bc5145d3883e98cad228b69226c70339191fca6bf9844b4cf0fd921c645fb5	Photos/IMG_4059.JPG
c3a3832fdf5e3bad8637ae8154e6dbc3aacddbb8cd47039f81b4f5df3bd47a44	Photos/IMG_4060.JPG
880d0c415c5432a3cd86bff7c2fbfebbcd0903803ae8d662f6a7ccb959854d62	Photos/IMG_4061.JPG
2cf428882499d2863c62c410818d3bf0df256b2edf8ddeedd08d9075afc803d5	Photos/IMG_4062.JPG
760da982851351483b17050215e32556bf887aee6e2738258cc9e0b7a0132568	Photos/IMG_4063.JPG
9bd4df5e413bbcccc4a31c12333dbd0e39c230b50084d41b5e6e868ae38d1176	Photos/IMG_4064.JPG
bbf025cc52e3daf0e9cafea4a42030b9f069ba09254d9705befcf8ef4a04ac2a	Photos/IMG_4065.JPG
f3eb3d6bb683a87bb605a76ce0105204054c24c5381c5f877509b3a23f979a74	Photos/IMG_4066.JPG
6828e0040c042a2655150b3e9ca899dec1f33a5e2f9c8edc924572b566cb49bc	Photos/IMG_4067.JPG
9d82e75ac4a9a62a36c0380232fb8662c95768c19ec2a700d0fd1088979b8053	Photos/IMG_4068.JPG
11a6dffd2bb1520c062bbdf37a57e0ad2553db79e0c223666372966f8d5d68fc	Photos/IMG_4069.JPG
1958b599cb281028541637db74867fd4afa2e0aff4c5b6032aa6a41267601b2e	Photos/IMG_4070.JPG
6dc230586117bccf5fe857cdbcb1272fca8d436027fa27d58172215197b4031f	Photos/IMG_4071.JPG
9cd896107b00dd94cbf530ddd40c7125cf12b3da954a52812854928105fcd576	Photos/IMG_4072.JPG
0ff42d19ead59f871c66318cb0003b3d7487a2493ad93959853fa5d882a5ac26	Photos/IMG_4073.JPG
2c82b543adb9d87946cfc7979c4fb72f6154c4f7bd80e3b9ccd18738c884c80d	Photos/IMG_4074.JPG
5369312106474f257273420b41395cfbdd983c89824a7a22e5100ad7d5b72c36	Photos/IMG_4075.JPG
0a068c6898f5fd635ff8d18e28e623d8480c9d2fcfd23d5f730e513e935e0927	Photos/IMG_4076.JPG
7cfddcb04beda29551094db5de39dc25339cae6bed1e0ed19e321fa2f10b606a	Photos/IMG_4077.JPG
df08952fd710590efa78b5aa6c564b4762526a783b41a0f1a93b5e99dd39721b	Photos/IMG_4078.JPG
27079c4388a1c6da4cfff1302ae9f28c4560780ec272250497ddba646ea9deae	Photos/IMG_4079.JPG
709dd71a199a04e965160ae4c11fd1e9c3aff469322a90263154f461e4fad8fb	Photos/IMG_4080.JPG
87c061ca4e2391e764009bc228f7f154a67a0b2da5af374b9967b36a4898aa11	Photos/IMG_4081.JPG
268a19f66ba4f88eb00048a56825fba71eb735a18f2ab8332b4b022a739755d8	Photos/IMG_4082.JPG
008db7b7ffa3ade97aa42f447a34e2fd2520f3ba71f629286a2fabc490b6eabd	Photos/IMG_4083.JPG
a2b936c355f930bd62813c486915b16eb32f414002bf61938a8f9613314a0c08	Photos/IMG_4084.JPG
a752e4b3e87256834a80493fe8712ff06d1b8472589294e21d2a0a5c1ccddcb2	Photos/IMG_4085.JPG
8d3ba467ce5ac87a8c4f499e8714130456d59d99c404a75eba38fcf4d0d84f74	Photos/IMG_4086.JPG
79bf88ea5f68b707724fe46f183b39fc57876024bb24c57d5141208ee8825e10	Photos/IMG_4087.JPG
dad0e4a6f15c38bd7e7307cfe1690ca1d3cbc669f16ae56cf5a27d27d0ff2bde	Photos/IMG_4088.JPG
2e21374d3da6a907f2298df7112f25e31546992c05a6c273d2700227f8f6092b	Photos/IMG_4089.JPG
93a706429c5a4c4ee4dd06648970046faa2eb6c8660254ab0e5612d3414c62fa	Photos/IMG_4090.JPG
52436a4e4051d2fb5514a9abca9a1afd2cf19aec65a7b9f82fb7dfed8ac5783a	Photos/IMG_4091.JPG
6c15717c8ce7190bb5a6c1db337ff6e865ce91ecd85b4283458daffcbe71bf9b	Photos/IMG_4092.JPG
c75ccaf0be1a53e7652f4dc42b4a4cef3e1f312bc3d6e613d01e1cc68b62e93c	Photos/IMG_4093.JPG
d424be58cba92c50f436da9c248fb2ac46fe286af2c1fb542cd3ddac63fd3bf8	Photos/IMG_4094.JPG
771a0cff41698c9b30996a36b2af9b758d3f39c89b92f3eb1d0065f173ddb9b3	Photos/IMG_4095.JPG
51eabc1f8e11f4e31ee408cbc503cb68d12afca4fba6d893a190830ec343bb53	Photos/IMG_4096.JPG
2b5ee826702325211ab2fda7377a2966951445a9d8bbc6f16ecf482f8a742e84	Photos/IMG_4097.JPG
5d43acb1eb606a2e923111bada45e40ea43e929f8bd6c1f5076b4abe273d958f	Photos/IMG_4098.JPG
ab247273fce5da3bb5dffec06f61665852ad21731d9136e112cc2f8fd1ccd31b	Photos/IMG_4099.JPG
b8ebb835754281ae830c5b7e6866a64fa9e9d7e8bde64c47922b18e71402ee9b	Photos/IMG_4100.JPG
0bb58432a7e32401485d9de555a5deefe26cc70683152f8d527b5825a654cec2	Photos/IMG_4101.JPG
137ad32370c1d8e94ab4e349ddad1f618e0b0a388b2971400732fe79b05002f6	Photos/IMG_4102.JPG
f4629fae2696bf4ca5153a520a03ea221a9554c16cacb20a73dc311d5ff92b0c	Photos/IMG_4103.JPG
52d8fc3c630a99187126b0c26dea9ed095a620fa38e5cf60c3cb78fd1508a4f0	Photos/IMG_4104.JPG
e2dff4793ea28db9a53a0d37dd877de805eb3ab66178e12ee21b6349939758ac	Photos/IMG_4105.JPG
06006644c5e613f73296ebe25cf1286fae5214aff5eaf0d01b48fec1866dda4d	Photos/IMG_4106.JPG
10b213c6af0bfa407dcd24bf4a1ab2c730a611c28e6eb625fc777443d2d45c38	Photos/IMG_4107.JPG
438105a579261b1c55632ed5d15c29fa5aca55d44b480e822917160bf83570f1	Photos/IMG_4108.JPG
9abfee658d94b0f0fe989f45112a277312b9f077bd73471b776e62f712a90b7a	Photos/IMG_4109.JPG
0f11450c3500a91d5965e058326d96e45d955b7302f6999b30bdac19cc890653	Photos/IMG_4110.JPG
f83b654d139167a32bdb4996c832218406c343d92818715ff746def062ad60f2	Photos/IMG_4111.JPG
358ae58ae86f5d824734fda2ea4bd939e8b3391428ddba8cd883440527e83257	Photos/IMG_4112.JPG
8708d02645c0487e9b49711c4b7cbb1954fde4425376db9a94a76878a14e57a5	Photos/IMG_4113.JPG
e40d1d25d93e2bd9cc0cf97da0edfc1ba17eb5e28ede96cb0135074c30a6217a	Photos/IMG_4114.JPG
f18978f49a82c389b34480108d75bc075643c7125426347eb82c493fb5792fef	Photos/IMG_4115.JPG
d11e86e5945c5888b349b98522e76bf60ed819da366d433ceee64b25f6f73925	Photos/IMG_4116.JPG
8e1cbb79be913af1ee9fbc2934425fe1fd449c9a2638c6840e989514f7edfaa4	Photos/IMG_4117.JPG
92772346e3d78c1e7e33e8f359ab4bc1b773045269527a4816be5b4385b64a84	Photos/IMG_4118.JPG
60f077d8a25f06e3857cc32f988da64df2ae58e1c2ac81a9ed6696a20259da2b	Photos/IMG_4119.JPG
0784d2e715a0cedf8b96d205a94ae3e60fc5a0e0d2b9e88d3afe594b0b289a7c	Photos/IMG_4120.JPG
39423b85a9d1bf34d9b1f8aa59d854ca0da9d809ab19a7b440ab76678499e5d0	Photos/IMG_4121.JPG
25d6137fefef443df76673d86d42ecb8d60a1bb22d9064d07f55059af941bc51	Photos/IMG_4122.JPG
806598f10f1f023dac8e6727fac5bce10d9fc70a63e0d743759de0084df138a1	Photos/IMG_4123.JPG
80be58748233e1110026d96bc215c11297e81a990412e325c45a10fb886c27a2	Photos/IMG_4124.JPG
481b7e86b6e8a8b39a06648d5128ff5343f2db4c3cf0494ed57c445f8aece874	Photos/IMG_4125.JPG
0aee1c8da87a15c755fcf941e93cfedd794fb2e9344a25bba48a6deae0d7d4bc	Photos/IMG_4126.JPG
45f2315331b442c23243314c406ddab99d5d960c24802a70959fc04e3a231767	Photos/IMG_4127.JPG
166b37f6d5b40d45d88745d660c463c24dff4dc17d9bec25b49722ad995f6f79	Photos/IMG_4128.JPG
2476963b8b997680a2bb6f2429b2e56a33497886279692f141becc4047bf4929	Photos/IMG_4129.JPG
0bd5c9ed2bdf43d332ae5fe9bcfcd06c0a49cc3d7b0de96d4dbe459b62f50432	Photos/IMG_4130.JPG
f3ef47e9442c579cbe4d1e69cae259a9ddd35ecf9c12176cbada5de0e6cdfe57	Photos/IMG_4131.JPG
9cfb84447e893e693f5b2c3934fca8ce55b20875daa25fecbaeb138f267423f2	Photos/IMG_4132.JPG
84cf16dcc33b375ed80a85bf3d62ff6450b0bedfacb621aab816c652f9b524ef	Photos/IMG_4133.JPG
3130be2fdec6ae895067ee31bb03b39ea2aa79d49a49c2f31614283e079d2456	Photos/IMG_4134.JPG
955332d19595da3e4c91a5923139baa1b18e5950544879279f440db3f29af112	Photos/IMG_4135.JPG
25efb188b9b011d1fcf68b5e863624f28e9c69865748f1e2b1a314283fda4749	Photos/IMG_4136.JPG
2bbdf80221e9387842291ad7ddf92577e24fe8753a7662f9914790191cfad06d	Photos/IMG_4137.JPG
5e3152db3291d84d897af9f7a302b233b4ff297f6f08967b38d736ff872edbd0	Photos/IMG_4138.JPG
dfe2769fc411df6dfc2a9e5323759d5253874676dbe1bd5b3e5f776e78e8d583	Photos/IMG_4139.JPG
48a7ddd1bc871e9fa20b17626e5837dcd40f0f816434f68296e91faae2d117c0	Photos/IMG_4140.JPG
ed0b49b31295bb5259a6d7808f723b052a0079257fa46901905a7cc1840604bd	Photos/IMG_4141.JPG
c9d816f014288df17eef892af0fc1dabb17316c34e1f67445e3fe3e206f89ae7	Photos/IMG_4142.JPG
937479c68c67e73f7c5c42728f74782d2b5e85c143d05d7674fa07dd37ed4031	Photos/IMG_4143.JPG
7cde8f77c9426cd1b160b2401ed64b3c17349a9eb88d9cceae3b9084437867e5	Photos/IMG_4144.JPG
0dba05047d363ff646962ee2fb09d96fc1d719a96bc5447d132c1ea84458d64b	Photos/IMG_4145.JPG
210adc9ab8db035ebc2a4d07bf69acdb32ef176a87533d7ad31963744068f685	Photos/IMG_4146.JPG
4c5cf45876a298f5d8baef9e3a1b8329b59f32db13a59cf494cb704642c545a0	Photos/IMG_4147.JPG
d893b5b796f5c2f2f5bf18c49e34fcafdf8fb79552659ce90b658a420d31122d	Photos/IMG_4148.JPG
85bd6fc0418233e49c3ed7fe05bd5037d7d97897c1c9ce230714cb16586f6ad3	Photos/IMG_4149.JPG
ce27704abc0f70777764b5e4bc3cad646d81d0e3397b4a879f52ac3cb6205a31	Photos/IMG_4150.JPG
a2c16c56b1dda0312bfd5152df79e87f2ec31c7d752cc67034d411a7cec69ae7	Photos/IMG_4151.JPG
df09286045be49c91015bc355dbe76d788a7186df1646e815e0aae76dd78a2c9	Photos/IMG_4152.JPG
a29f3bbbc401934c29c00ca564ed50278794046eda3c3ed72d07f5f99042e7cc	Photos/IMG_4153.JPG
cfb932e0571c7a113ac9a8917ffedf6c8d3a9da58155598e269f9d31be82f062	Photos/IMG_4154.JPG
e5a9616d065894c18dedf6253fcea7f169a9048bab311a6516bda227940efb27	Photos/IMG_4155.JPG
86e4b53db302bbe43c8cd90d2e5f1fad333376f9d039c908f5f86dfa0a0fd8f0	Photos/IMG_4156.JPG
73854d01f40ef4aaa77acbf27a7a94aa77a79c0b0fbcadf9852dcb4d3a7b1414	Photos/IMG_4157.JPG
41c61af3cf555ce62d6ca704e83cf3dd684f29af3c97e7b3926c63d46afce68f	Photos/IMG_4158.JPG
34de7fc9ac1f0d4d562e24836930145491234a04e98f411a641eb6670b01e2b7	Photos/IMG_4159.JPG
aa7b55466b047e690c9cae79b9c88a3e05054721b3e66bce0ce94060ae99b304	Photos/IMG_4160.JPG
c13eda397f38db11876ec47617caa2bed11e9f5290d613ba9923028b70f86c53	Photos/IMG_4161.JPG
a64d6042bc5942fef42074be07ac6b6c5cb8e4808eb9bc4b74da8f9187c618a7	Photos/IMG_4162.JPG
42a328259108f2c888fb9bb65c1f51daeb692ffc33ece72838f14db219cb756c	Photos/IMG_4163.JPG
4247bb6bf437d31f3794275eb9fede74f673fbbf07bd86c57dd2ddc96cc29e61	Photos/IMG_4164.JPG
ec14c77515acb4fa0053bd4adeccb5a7525a32262a182aea77f2b8fbc6c19320	Photos/IMG_4165.JPG
619e4527d0b4dcacd1db56f9e479c6d77cff5ff744a2b6de4c534f942102d0c0	Photos/IMG_4166.JPG
491eec501741d8ff42c5e52b4b4ad401a0e199a0398dcf51e7f0c3209ed1144a	Photos/IMG_4167.JPG
af5d3f9e2ebf7e511e2d6c5a88c96191f3d791ca2ed2b3f1580e9e1e88603565	Photos/IMG_4168.JPG
53036e8e0c1bb91a7e1fa7597542f18d9fd3795a91ffb57c1cd14c1b2687e8ff	Photos/IMG_4169.JPG
1f680c8f4779f950466bad6364882d5a763451f421df0e7936cfa68d1a08a2a0	Photos/IMG_4170.JPG
0a7615e85783f33a8db72dd711c77da43cc49cbec7a5fa4db3fccd36cc550335	Photos/IMG_4171.JPG
84d813f5f81f2d535ab73a7f26e1b2a76bc6e3adab3423719767cd4f2ef71e6c	Photos/IMG_4172.JPG
b76844da6c272a961bf0f2ca8a5401357cdb38859e61a9114e9f3952264e1dea	Photos/IMG_4173.JPG
39082b00f087264bb7ceead964cbf445abf5a76e9b84792365da18eca82498d0	Photos/IMG_4174.JPG
bd22d6a0755bab7c97e914c86dd7d7704374a501b53430ec6a5f0396d1c62095	Photos/IMG_4175.JPG
6697a1dab04bc3182adf117f058af879c67da1864da2a05163015b986b1176c0	Photos/IMG_4176.JPG
517db96edf1310b42060154c13aeefa6ce6ca50eea9279e8a475422c61650577	Photos/IMG_4177.JPG
3873e26a825b477882afba29e246819732c645aaecda739f221b34bbc3a8762d	Photos/IMG_4178.JPG
93c89dba486446a751a25ee9ee953d6fa4eb94ac69820958af3989398dd915d5	Photos/IMG_4179.JPG
2093c5a7861383e2a19726772f05f0293262db8018a49d1ffbf5bcff76aab082	Photos/IMG_4180.JPG
ce5cee7978ac692262f64c415ed030c47c59097a8f0d1f796ed320b522036bba	Photos/IMG_4181.JPG
0872889224d4b451d18c5ce5ca1c2aa7c97700378cb080167f0d160fc1eb71d1	Photos/IMG_4182.JPG
efba3866a0615fa19e71e5c20666f72c223e0338f9a4b5acd074cfcf8fb47907	Photos/IMG_4183.JPG
cf0414ae95e06ff64257c341ef04d13885a695f5c373a42914c1d9e051e5ff8e	Photos/IMG_4184.JPG
689eca1daa9207ed134da15352a32f59f6c84468159c2df37ac0aae52bb30a45	Photos/IMG_4185.JPG
6dd54b16f43269716c4aacc03831175376821ce2b00b136352a96b9c5a4d8ff6	Photos/IMG_4186.JPG
4bbbf43f44529d4de1fd7088b1211bb1b1e9482488b91c38018653949847cf17	Photos/IMG_4187.JPG
7a769fad6930b933328f316a9e24925621456787ccee3cce416b0e23d810bb79	Photos/IMG_4188.JPG
2d41067361e56bcfc4550aac1e3ab9c8ee362aa3857832182b2daa0875053074	Photos/IMG_4189.JPG
e74e2c6a2ea2c9bd5e973ce805837ca80edfef62f3e5972eba17c82acb6c55a0	Photos/IMG_4190.JPG
f5627a1d7e5f8264e5035196489fe04e95aa31c9961f55e13d0bef9ec546af16	Photos/IMG_4191.JPG
8ec39158e2e59cf2820233153bb07f7f2ff26301c8096d07bc03911ff1323b73	Photos/IMG_4192.JPG
0744cbb892417f48ec7130b48a6f8ef35d9a57459bd80f09b6156afb432756fe	Photos/IMG_4193.JPG
8cfad58a1f59598b05d89790b13f71e50428aefaca989d7cbfe1815ca1f8a51c	Photos/IMG_4194.JPG
9c44cc2773d25d0c1c9bc3d28e64556c7bcd3972ab5a10d1fa20a6533dcfffff	Photos/IMG_4195.JPG
d80740f8806724f45603578d32fd836c76f5def80cc20ab13b8fb590ef278a7b	Photos/IMG_4196.JPG
45e47b55d905779682e7e4bad70d3be38d7faddde8f4da93660b29f272586bc0	Photos/IMG_4197.JPG
bd4003a597ea212d282b17d6f4351c6e63fdad3aa0f40c8826c0a9805562bfb5	Photos/IMG_4198.JPG
e7ad50463def8af18314d4bf0a887e7ec909bfb41489bc36c9915d226302303a	Photos/IMG_4199.JPG
54eff5642f5bac51f691de0ad422baaa5098e24d60dedba090724b9496194f2c	Photos/IMG_4200.JPG
859449791916fed6dbb1aa3baa4d9128d474f8913924973d4176ea9f4369b374	Photos/IMG_4201.JPG
44c14e706a88769f4b2c0e2b0b9047536eb85ce81fdee464b8698872182072f6	Photos/IMG_4202.JPG
2f9a963ad5926a72a8c0fd0aafa16c9a1b54683e427f3d491fa7491c8b094701	Photos/IMG_4203.JPG
7cb11275cbbc282a38cdd9113aa8f0e71ed4ecd26aaae6507b1c189b5d448223	Photos/IMG_4204.JPG
c05ab065028c5a0c67b93727cada43528ca03a81155c016e92c3109b9c08d19c	Photos/IMG_4205.JPG
8e1144f99f57b1a56ad9a0dc24f882749c2a5ab8728b08fd35f7c76bc9220cba	Photos/IMG_4206.JPG
a2f799447b8350d8c65640a95e98f4b1e0c07950f031104a91ecd569c83beac6	Photos/IMG_4207.JPG
285e1e01eeebbc4d250c89a1bdef29b44b013e9f2a3ce6dbb9d0bcc504dde101	Photos/IMG_4208.JPG
5843720532a975772fc3da4ffaa1db0bae50b4edca994f7ce279713c3e95ae35	Photos/IMG_4209.JPG
f546aa165529d58239ea52c1791e9c933b3e953a6a940203d90328031e1c0189	Photos/IMG_4210.JPG
23408730116b2a2a0c053152239b7d967535a68036ce0aa19208993a5f080077	Photos/IMG_4211.JPG
78a41b56d60097add64e5df04705f6041dc13faa13acb7b3cd92bc4db66bf10d	Photos/IMG_4212.JPG
6e38493fea821dcd0ba4998eb77a317cce0a5b2dcde93ff376445b330bf92f54	Photos/IMG_4213.JPG
ce490de8c7edd35042cf775a7ee3d886bcd220940116ecb56c2416aea045c032	Photos/IMG_4214.JPG
4bff55ec7e470a04817dfa7da84f1ac25755e2cb932c48bf8969b131cf13b84e	Photos/IMG_4215.JPG
385733b677b71ae7dac9497711545f0e7c1ba35cb260ca9c60ab3ac13f70676e	Photos/IMG_4216.JPG
4a5af16c6210e5e11a4250bb439123e604bccec7ac88a9bd4094712182939019	Photos/IMG_4217.JPG
3920e3cf00dc720b97233f1790e2b3af3fea59c0ada7dfb3de8c591d9019f3a1	Photos/IMG_4218.JPG
1a6e79e05fc96d2eeeba4f43fb5de24638fe000b341aa6c7e8203d8bc9c61f12	Photos/IMG_4219.JPG
7bf1bc1219991af0dac22fe420b8abf766a1e45ec7d34c4b2c290a130a51a072	Photos/IMG_4220.JPG
d998d79c07c357d4c7aa38c3252b1c38afe2fdd4efd01d001f14a833e6422d27	Photos/IMG_4221.JPG
7261d9674e50f7d8424aae3bd8793d42c30c5e45474dca8d2035a8678c4698ab	Photos/IMG_4222.JPG
c424af84eaf143d08264d9933d93fd4a1d7839fa9abc338e58a1f54d79478521	Photos/IMG_4223.JPG
e944356ecc81af6d0152d75138abd98f8d1115407be07b352e2051b4545a277d	Photos/IMG_4224.JPG
b846e4b2d196b663dde7c0bf99e579870e150fa821845953971527e945a61de8	Photos/IMG_4225.JPG
b81fa9cca70fb994476d0a18a471bf3cf58311dd4ff9bb055eadaf4ca10a4126	Photos/IMG_4226.JPG
ed0c0c76d38fc39091970bf92dc02d05e5ff81385d4f38a72df2314a4a225755	Photos/IMG_4227.JPG
8c31414b85a58bf987ee08ba1dc8762ac87bea66ec7a65667b880895fc8ddd99	Photos/IMG_4228.JPG
79547cd4f3ecc1a5070229ddd4fc2d244787413ef9a39fe511d50217b8ac6da6	Photos/IMG_4229.JPG
e0998c01bfa45b02431604ec02e7ad25515d14422e7fc71f0bf2f899bd6c3b2f	Photos/IMG_4230.JPG
585bd6d25454aff5be5cd3e09e075e4b4006ad79282c6654729468d195ca52de	Photos/IMG_4231.JPG
3a8d13656f0b91b8a8a6e303de509e02871b3a7de1d9ec1bd3a9299b1d422b47	Photos/IMG_4232.JPG
8e4f749d704b2b6f3c192e87707682673b693a61280cc27a500af5dd13ff65d0	Photos/IMG_4233.JPG
7e30026fb942b237ab9d9b1ea1a09c2ac88df08e7c1b09790f0eec65c7ac036e	Photos/IMG_4234.JPG
fff21264df96933368c7fcb7d34513cc7bf23f115e0221f2c1e70ab3a24267e5	Photos/IMG_4235.JPG
40e4f4424af8706f039ab8122e6fcef294e6da681dbe1dca0e3444f775194465	Photos/IMG_4236.JPG
97d62d74f7f17b2de4a423f592723367efdaa241fe16aed2c00676375a505cc9	Photos/IMG_4237.JPG
b9f1ed3ddc7dd020d5bee3d9fb1efa35e74d1cbb74ee875f279a993fdb7e1247	Photos/IMG_4238.JPG
b0d7ac739fc384a7ce6e65c707ef5545654ddfe1e2f9d0b5aceaf93cf0519fcf	Photos/IMG_4239.JPG
4a5d1b1d6037c11928379893160d1eb41983df2d71019b667b8926a27a77ff23	Photos/IMG_4240.JPG
8c7e5d3ecd57af46289720e2adf4e51e212cfde51e1b554fa3bb2860920aa89f	Photos/IMG_4241.JPG
9a5bfed16c2a0bd43a6266bded3708b638f9c0f955aa052309ae116d03feb2b0	Photos/IMG_4242.JPG
d163c36a26454c3a44bc12dc8923d662152309c4684680e94ae6b52c3f766694	Photos/IMG_4243.JPG
59a59035f15233713471b723220b2dff00207ad2142608e86544c6d4e1f8bd6e	Photos/IMG_4244.JPG
ae551068e3a7039cf830a551020baa89a714fbc48a8903f2be886c7d2895adab	Photos/IMG_4245.JPG
38e97da69efe6f1aaebc1dd7168ab456c283b02ecc081249ae2c52cbbc49d5dd	Photos/IMG_4246.JPG
d613d4025033568dbec9f83f6e184387c1fa1a5089ed22ca739f5a188453d743	Photos/IMG_4247.JPG
c5a890e09b585d12e81348ad8f1024bc3323957aa66352c2fe312e3adadb2641	Photos/IMG_4248.JPG
3448dd91520627ed6cef50afd1993ee7b8b1b8d297cbc307d944c073d601245c	Photos/IMG_4249.JPG
733ae19a37ea90c8f80b74e2d086d5be4063ebe018ccaa9f2f008a7e82c408d5	symbols #&() []/clip #1 & take (final).wav
e3b0c44298fc1c149afbf4c8996fb92427ae41e4649b934ca495991b7852b855	zero-byte.bin
