4e495ffe45c662a49c20da11e12b7ccb	日本語 素材/カメラ A・本番 テイク01.mov
256a1f4dc6d1e1b156ac4736fbf7d82a	日本語 素材/深い/L01/L02/L03/L04/L05/L06/L07/L08/L09/L10/very-long-file-name-for-path-depth-boundary-0123456789abcdefghijklmnopqrstuvwxyz.bin
81a75ec16ce30feba7717070bbb0310a	DCIM/A001/A001_C001_000001.mov
6a66d806a36372fb12d7c0a1e27d9cc4	DCIM/A001/A002_C4251_004251.braw
3aa12b422494112a5aed0e364bda54c2	DCIM/A001/A002_C4253_004253.braw
6a59781bb179cecfaaadc5e20fc157a3	DCIM/A001/A002_C4255_004255.braw
0f72eef8bb6aa858d28561116c3d868b	DCIM/A001/A002_C4257_004257.braw
a6a42eb7d89d4f9ec58f0e52aa7a5953	DCIM/A001/A002_C4259_004259.braw
837c638c2a8091cb1bb3cd02eca007b4	DCIM/A001/A002_C4261_004261.braw
244b0587c0be5900c00b21d790f9effd	DCIM/A001/A002_C4263_004263.braw
b938623d48cc6f4ae438da31552b4d2a	DCIM/A001/A002_C4265_004265.braw
f19fada0f1a8ba017315e09f437139b8	DCIM/A001/A002_C4267_004267.braw
0ddacb42cf4312edb7673c41c9b28add	DCIM/A001/A002_C4269_004269.braw
042391725849dadc47e58ace78e38655	DCIM/A001/A002_C4271_004271.braw
f070d0d057033eeec6c6ae72cdd61e62	DCIM/A001/A002_C4273_004273.braw
00d0ee03100873e0884c875a9f6b2cc9	DCIM/A001/A002_C4275_004275.braw
123686d512da192474c2ba62e0b69c86	DCIM/A001/A002_C4277_004277.braw
23dfb2f1f42c27947ae035519be5af44	DCIM/A001/A002_C4279_004279.braw
0a4197f7f0c00a04ffe82d6f07e4c050	DCIM/A001/A002_C4281_004281.braw
21f7b70da028a62babc1c01319c929c1	DCIM/A001/A002_C4283_004283.braw
9fcb7d2db5034b5edc0e3b697e14ef85	DCIM/A001/A002_C4285_004285.braw
ab5a287f7d89537145b0d7b2c34474f2	DCIM/A001/A002_C4287_004287.braw
e82fe8237e545784d929dede3f02140b	DCIM/A001/A002_C4289_004289.braw
8326595e50fc0feea861016c56de4aec	DCIM/A001/A002_C4291_004291.braw
e7d69fe84f14bd3400db21cbcb269ea3	DCIM/A001/A002_C4293_004293.braw
7faaad2f9c2a49c7bb0c58e72411fb85	DCIM/A001/A002_C4295_004295.braw
57fce22c54adf6e756c1e2403accd1df	DCIM/A001/A002_C4297_004297.braw
60438307af6af73d22ba827169c19990	DCIM/A001/A002_C4299_004299.braw
a05222d033f3bada43e3ad46f29f3e92	DCIM/A001/A002_C4301_004301.braw
527b57c31aa460e2ac3df50cdb8df3cf	DCIM/A001/A002_C4303_004303.braw
38df32a81eea54f28eccf7e3e01c7032	DCIM/A001/A002_C4305_004305.braw
0abbfafdb33f0bb320680815f79af180	DCIM/A001/A002_C4307_004307.braw
dc159d4d2c1b0d4c4d370f726162dabd	DCIM/A001/A002_C4309_004309.braw
95549c49579e462f42677520e9759039	DCIM/A001/A002_C4311_004311.braw
cfeb98a96c5f685b8cff5d3316a40564	DCIM/A001/A002_C4313_004313.braw
ea7c27f7c72473504225c35562f4410c	DCIM/A001/A002_C4315_004315.braw
578ee8139b4c8c3b407aab0b07950ad6	DCIM/A001/A002_C4317_004317.braw
ded3b0d8cda25990e1ddef172ab89559	DCIM/A001/A002_C4319_004319.braw
b6b81181508a643bd48d3451959a9031	DCIM/A001/A002_C4321_004321.braw
165acf9fb32f4e1fdff8736f737c71e1	DCIM/A001/A002_C4323_004323.braw
4d149a85cba26b8f4df7abb9d72712c8	DCIM/A001/A002_C4325_004325.braw
579d7b23bb5213f0c90c24dd2b0fe206	DCIM/A001/A002_C4327_004327.braw
3c434ecd474eb284832a6e5c842e2383	DCIM/A001/A002_C4329_004329.braw
b626c90ec88166d07a13f61921ecf30d	DCIM/A001/A002_C4331_004331.braw
c87706b22f2aaa10ac319cd1548abda5	DCIM/A001/A002_C4333_004333.braw
94f9eea48ab7e133a635938a75f3f3d2	DCIM/A001/A002_C4335_004335.braw
99e9809dcff3b4547104174df2f51d43	DCIM/A001/A002_C4337_004337.braw
4498fa14fa1b2b030259995df9f72688	DCIM/A001/A002_C4339_004339.braw
cac0b30770788da854de6322fbf06a52	DCIM/A001/A002_C4341_004341.braw
6aee304107e76f4b3fed1ae43f84529f	DCIM/A001/A002_C4343_004343.braw
1aaac952fda9d169e80b1383c241baea	DCIM/A001/A002_C4345_004345.braw
80fc8f1130af7bca5803ab2e1c6659ea	DCIM/A001/A002_C4347_004347.braw
5c168ee72e65e05afa23ff088cfc852e	DCIM/A001/A002_C4349_004349.braw
43bb3becf56e6f0dba95b3f5fce72380	DCIM/A001/A002_C4351_004351.braw
8b6ad6e450b47672120e9b478b8ba973	DCIM/A001/A002_C4353_004353.braw
7a963b363cfffb36bb63e6b9a3c0129c	DCIM/A001/A002_C4355_004355.braw
773acfe82e27dae8f869dda48da45d66	DCIM/A001/A002_C4357_004357.braw
abf9e658fef03e7e6d7d9a3a6676a10d	DCIM/A001/A002_C4359_004359.braw
650144bf05879133cb7ac773dbfeac7f	DCIM/A001/A002_C4361_004361.braw
5deac5ae5c70bb7d023e98099af7f79f	DCIM/A001/A002_C4363_004363.braw
8aedeb545b7e9543e7bfbf217519f93d	DCIM/A001/A002_C4365_004365.braw
5961aa0a082aa234e7c045b8d288d285	DCIM/A001/A002_C4367_004367.braw
1a3366dffbb555dbe09bc9af183deca4	DCIM/A001/A002_C4369_004369.braw
397e30c8b3edbabbf32f2c4a13a7fdf8	DCIM/A001/A002_C4371_004371.braw
66607adc8eb9bb39d8bf05429cbb35c8	DCIM/A001/A002_C4373_004373.braw
1d5b15b37ae6ba9dbcf8f080ae4718db	DCIM/A001/A002_C4375_004375.braw
346720298794464a95d7209fe29064ba	DCIM/A001/A002_C4377_004377.braw
9d732211bb1a5d78c5779f51239763ea	DCIM/A001/A002_C4379_004379.braw
3eedd07ee6f5c8c8bf941f1560541f32	DCIM/A001/A002_C4381_004381.braw
f41abf27ff67e4b4e19389068a7fb5d0	DCIM/A001/A002_C4383_004383.braw
4bd32c3096994a4cfabb0409a3b3eb62	DCIM/A001/A002_C4385_004385.braw
be371600dc008ba8fa8297e426398870	DCIM/A001/A002_C4387_004387.braw
db2ad3f9acb9f05b0c97961e928dbc2b	DCIM/A001/A002_C4389_004389.braw
517eb31c9b46a2b62d7dc478df4a65cd	DCIM/A001/A002_C4391_004391.braw
cd48403961a50c840c88e3b3149e1a33	DCIM/A001/A002_C4393_004393.braw
e58978edf72489175149c9b64d657927	DCIM/A001/A002_C4395_004395.braw
22134ace3a5537b23d9c6f5d805f1344	DCIM/A001/A002_C4397_004397.braw
a839926acd269768d0a2c7321f052a60	DCIM/A001/A002_C4399_004399.braw
0105e8c5a2137a57aa3c541e6fb761b5	DCIM/A001/A002_C4401_004401.braw
87a6f393186be48721e1cc6702fcf455	DCIM/A001/A002_C4403_004403.braw
bfa420a6eba5efb8c237d5e74c8e78d4	DCIM/A001/A002_C4405_004405.braw
134f6948865dc3a1d9efee3ece71ffd4	DCIM/A001/A002_C4407_004407.braw
1d63a5b7f9729a4204c906cf4513fa08	DCIM/A001/A002_C4409_004409.braw
756b222fb8b96d0985cec4384125c335	DCIM/A001/A002_C4411_004411.braw
80676ee5e8e07ea3c204d1c7267f9508	DCIM/A001/A002_C4413_004413.braw
b3973d36aea6178cb177dd4366d1784e	DCIM/A001/A002_C4415_004415.braw
65068db4edabd045bb900642696e380f	DCIM/A001/A002_C4417_004417.braw
956c1b4f243adab48cb59080255ba40c	DCIM/A001/A002_C4419_004419.braw
aab9586d4efa56046a65f70b7cb75a11	DCIM/A001/A002_C4421_004421.braw
41bde214ffc95d74587f27779f21226f	DCIM/A001/A002_C4423_004423.braw
420597057f058368b74450adde6b17a3	DCIM/A001/A002_C4425_004425.braw
05a9e5f55b3a000215b2c025c2b0a594	DCIM/A001/A002_C4427_004427.braw
b7df136054b06024381e26640c3e5afe	DCIM/A001/A002_C4429_004429.braw
7779fa1e8e91680cd89fa0ceda286c52	DCIM/A001/A002_C4431_004431.braw
f4258951b661954b9c30564b8884b882	DCIM/A001/A002_C4433_004433.braw
869c388cb9c985b4139ca3dbce7547a5	DCIM/A001/A002_C4435_004435.braw
3f0f438aa570cfc004857682e925abd3	DCIM/A001/A002_C4437_004437.braw
722a0374f311b03bcb8d342db9a93356	DCIM/A001/A002_C4439_004439.braw
451f7d0f90622505bbd0b3e98ab800db	DCIM/A001/A002_C4441_004441.braw
a6ad37ffb50f8fe68e5048c8f5ec37b2	DCIM/A001/A002_C4443_004443.braw
64b30bb26a06565a624bd38976a5beb3	DCIM/A001/A002_C4445_004445.braw
ad0967324067ff31b5d2ee379383d502	DCIM/A001/A002_C4447_004447.braw
242d45f42ede8bfb37dc99c2a5dd0178	DCIM/A001/A002_C4449_004449.braw
0772faf081cba3465b7e0ef04f663337	DCIM/A001/A002_C4451_004451.braw
255fd3d4c8e21742ff0359d9d7241806	DCIM/A001/A002_C4453_004453.braw
aa72d48d7e825294af4e2e62b248d4ed	DCIM/A001/A002_C4455_004455.braw
d6892cebf2282b113d6584cf4aa11f28	DCIM/A001/A002_C4457_004457.braw
c1f672bf36052b13268e48d1066e4669	DCIM/A001/A002_C4459_004459.braw
9a5963640f95988f81232b33aa77e2d7	DCIM/A001/A002_C4461_004461.braw
1a9f40d7068914b1a3223963a0ee2295	DCIM/A001/A002_C4463_004463.braw
da7610c6b98445cab97259faebe9dc5e	DCIM/A001/A002_C4465_004465.braw
148584cd4a10ace6ef3983a349a6f132	DCIM/A001/A002_C4467_004467.braw
f6bb6a3dd6cfde5ac023330dedd7a21a	DCIM/A001/A002_C4469_004469.braw
33b4ec91a464619a6f04b38b8ea0c1c2	DCIM/A001/A002_C4471_004471.braw
9cbf0c5ad6eb842afac2a9c9c9e6883b	DCIM/A001/A002_C4473_004473.braw
cb7b648b70014e74cdad0c7cdf0f9791	DCIM/A001/A002_C4475_004475.braw
e7c0a8fcb25bbbe3826bd66998daedd4	DCIM/A001/A002_C4477_004477.braw
2ab1c6f4a4e39806b11eec96814db6f7	DCIM/A001/A002_C4479_004479.braw
121f9d9f4ff6acf66e602abd3db15632	DCIM/A001/A002_C4481_004481.braw
32275929699359bef6c196e3c8a47dbf	DCIM/A001/A002_C4483_004483.braw
eb00e2b3097364c0b3da0843274c422b	DCIM/A001/A002_C4485_004485.braw
1b9d5076e3afa71ab311664ec2ea4898	DCIM/A001/A002_C4487_004487.braw
10eb9b9405fdd15004396ba6adf6fbc6	DCIM/A001/A002_C4489_004489.braw
ae6b488baa615c37bc25fd31a784e698	DCIM/A001/A002_C4491_004491.braw
da483143f898531c149c7d4a2cf846d3	DCIM/A001/A002_C4493_004493.braw
8c89030ac83dc0d15e644356a89fde41	DCIM/A001/A002_C4495_004495.braw
1d850853a5852844552c7ba0fed21585	DCIM/A001/A002_C4497_004497.braw
2f8b07d3560a711e1ca0e041ac2b2547	DCIM/A001/A002_C4499_004499.braw
b42f22f29b1e4c6e6f31ff5ef782b3a6	DCIM/A001/A002_C4501_004501.braw
6f1de48c3e635faa8f4a3c26bca5ff0d	DCIM/A001/A002_C4503_004503.braw
e6dbbf4a61cc7e6288cf01b5fba87ef5	DCIM/A001/A002_C4505_004505.braw
fc4cf819519e5aa168aa72858ab7e0ca	DCIM/A001/A002_C4507_004507.braw
d24a02af30c5ada997768cf2c84ea849	DCIM/A001/A002_C4509_004509.braw
314c609b7ab36153203455dc7f9d865f	DCIM/A001/A002_C4511_004511.braw
570ed86df89d2b123d07d43f65673842	DCIM/A001/A002_C4513_004513.braw
62bfe376139f6c51fdda42b5525f3811	DCIM/A001/A002_C4515_004515.braw
4743f04caaf4afe91d138df92f982612	DCIM/A001/A002_C4517_004517.braw
161348b266a54b3377250a99b329e1d4	DCIM/A001/A002_C4519_004519.braw
fba0f48f95e2be0a35a90c526204d8d9	DCIM/A001/A002_C4521_004521.braw
110f08074d89435782a9c1319af58a7c	DCIM/A001/A002_C4523_004523.braw
15b737b52c22e992b9ffed4f24a2b5cc	DCIM/A001/A002_C4525_004525.braw
e37e419f6e1fd80b8366fbaa1a4f1418	DCIM/A001/A002_C4527_004527.braw
df0c59ee64a9934d3c52f7205c97ebc9	DCIM/A001/A002_C4529_004529.braw
24779967ad32195542a48497b2000b56	DCIM/A001/A002_C4531_004531.braw
6f042753b8eb3cec5a725ef36d6a0232	DCIM/A001/A002_C4533_004533.braw
4f9c3466b93b83c931e0241fcc45fd70	DCIM/A001/A002_C4535_004535.braw
d57a06eb1815ffd04443b3370814c43c	DCIM/A001/A002_C4537_004537.braw
e8c5bf6ca543a4b47c22774d03137a2f	DCIM/A001/A002_C4539_004539.braw
cd9ae884a30b4e513749aeb3967fc2e6	DCIM/A001/A002_C4541_004541.braw
c835677ced7ada403a6eb358a322dbd0	DCIM/A001/A002_C4543_004543.braw
86f6519011571a9619e15fd12fb59a3f	DCIM/A001/A002_C4545_004545.braw
5d843a423489fbeae6559eaba73d1959	DCIM/A001/A002_C4547_004547.braw
3c8dc63a3c02c2596f65545b85a97c6e	DCIM/A001/A002_C4549_004549.braw
c1cbfff9442cc11661fce75133e05114	DCIM/A001/A002_C4551_004551.braw
45f4d2640946dd3172c280dd9a623260	DCIM/A001/A002_C4553_004553.braw
b942305622f7b2e619f25f98131d1138	DCIM/A001/A002_C4555_004555.braw
a6378a668ac30c598b0e762b85c8aadb	DCIM/A001/A002_C4557_004557.braw
789dc93b89b18daa26efcd270629d91a	DCIM/A001/A002_C4559_004559.braw
b67b08f76d78a518286b39267a5378e1	DCIM/A001/A002_C4561_004561.braw
0a54cf92ed7357360a480d73c0614b91	DCIM/A001/A002_C4563_004563.braw
fb16398db010c4b8cd01429a4d341133	DCIM/A001/A002_C4565_004565.braw
3cf6c7e353626855fd4ecb97bc80c4b6	DCIM/A001/A002_C4567_004567.braw
73a157399bdffeb85e151c327180dab1	DCIM/A001/A002_C4569_004569.braw
207280c0aa18f5ad876cd65fe40e268d	DCIM/A001/A002_C4571_004571.braw
d06b0e3333cc99cbebd282850b759142	DCIM/A001/A002_C4573_004573.braw
d10673bc9b504af34b9b951988f65f64	DCIM/A001/A002_C4575_004575.braw
c80c4f5a96a3512a353e5bcb164fea87	DCIM/A001/A002_C4577_004577.braw
28678a6ef8b62bb7118f637a845bc92a	DCIM/A001/A002_C4579_004579.braw
7685b08e7b2abd7f6463d2078ab60802	DCIM/A001/A002_C4581_004581.braw
1380456e24c9f0ff7b4eeb453293d82e	DCIM/A001/A002_C4583_004583.braw
b6cc2f76b55c7aad1dd71976a8ba9a0e	DCIM/A001/A002_C4585_004585.braw
bf9ad3675570e2a9207560513e82ab33	DCIM/A001/A002_C4587_004587.braw
0f68da9eacb9c713b3f1792055c1f4e0	DCIM/A001/A002_C4589_004589.braw
cabafede3c7248c4113af4cdbc74c3a1	DCIM/A001/A002_C4591_004591.braw
37c47e2cefe726c220cc2f5b1a27a36e	DCIM/A001/A002_C4593_004593.braw
030f6718d5bf89281447368427bcda84	DCIM/A001/A002_C4595_004595.braw
30cbc1cd27d8f73d76b03306ddb8de02	DCIM/A001/A002_C4597_004597.braw
48ab550bd5a12b665580e9c95c332fe0	DCIM/A001/A002_C4599_004599.braw
1b2903236b399f7d11cfca548634f6ce	DCIM/A001/A002_C4601_004601.braw
57b5a9bf7eea2beb6960095d7cb1fd72	DCIM/A001/A002_C4603_004603.braw
83054dc496aa41d27abe806741f70ff1	DCIM/A001/A002_C4605_004605.braw
2d9ba87a7156cc2ec2ed1a284e5da2ad	DCIM/A001/A002_C4607_004607.braw
31e7ad689ff4c292b26258844affa591	DCIM/A001/A002_C4609_004609.braw
d4578fd5e7f6714ad50f94ba5127e95f	DCIM/A001/A002_C4611_004611.braw
d10139178ccc880eb97f4ac73416a1d3	DCIM/A001/A002_C4613_004613.braw
315b1a9fffc433175f74f930fcbe8df0	DCIM/A001/A002_C4615_004615.braw
b8470cea36585d63fa31062bd4dc9fb5	DCIM/A001/A002_C4617_004617.braw
cf23c1880d8a8db26f0cda1c3bb0ed39	DCIM/A001/A002_C4619_004619.braw
ad7dce2549fcc43b6d44378ec246671a	DCIM/A001/A002_C4621_004621.braw
e8d3730e63fc0fda1a44c66af9e4f949	DCIM/A001/A002_C4623_004623.braw
0862d0e0f4d1613b7b8e82927d2ca3fe	DCIM/A001/A002_C4625_004625.braw
3859e374424e0dd49cf3b5f0f43c467a	DCIM/A001/A002_C4627_004627.braw
cc961e7b0ff6fed50b0628c18237598f	DCIM/A001/A002_C4629_004629.braw
a108a63149cc3281ddc959e1c2bb4673	DCIM/A001/A002_C4631_004631.braw
4cca7284ae68f65435c5378a3657409a	DCIM/A001/A002_C4633_004633.braw
9f2114c7dab36fb9cb10b68587248437	DCIM/A001/A002_C4635_004635.braw
17ad0dcdd1aa960f6f5d6b4821209923	DCIM/A001/A002_C4637_004637.braw
1ad9329058db7a509aeb6446d07704d3	DCIM/A001/A002_C4639_004639.braw
a62d7721f6df8e1572bf2ee98a941d41	DCIM/A001/A002_C4641_004641.braw
43664116c8bdaa192559a73df004935c	DCIM/A001/A002_C4643_004643.braw
18c0948ebcee808034d5523ac89872c9	DCIM/A001/A002_C4645_004645.braw
58163bf7c56303a03b5154bf74b765ed	DCIM/A001/A002_C4647_004647.braw
fb0dbdba24b46ca656a296c3b7036461	DCIM/A001/A002_C4649_004649.braw
043af19c14e6cf5afcb38732ea52be2b	DCIM/A001/A002_C4651_004651.braw
b5285b6ee7ebea9e931ef7f69a1d1d7f	DCIM/A001/A002_C4653_004653.braw
3137a8e046d6ae1ad10190eb4f47305b	DCIM/A001/A002_C4655_004655.braw
119c94134fe48a7f63188969f82a18eb	DCIM/A001/A002_C4657_004657.braw
c0f5fa9ea88d5853691537b10d77fb9e	DCIM/A001/A002_C4659_004659.braw
918932fb69f1e942f82c1f95dd92e1bb	DCIM/A001/A002_C4661_004661.braw
cab2eb6eead5360992a4a36af824dc41	DCIM/A001/A002_C4663_004663.braw
0544d4e03972f4fd33ff69c48b40ad9b	DCIM/A001/A002_C4665_004665.braw
b30dae5ffb64d5b197626b755571177f	DCIM/A001/A002_C4667_004667.braw
e6c42fb1ca369154c168bdd25eb16bee	DCIM/A001/A002_C4669_004669.braw
6a9cad683426b30c0116bf75eef37eb7	DCIM/A001/A002_C4671_004671.braw
879754184c54273b2635afdb85c52552	DCIM/A001/A002_C4673_004673.braw
bb4db947390d2bce390c45407a3c6036	DCIM/A001/A002_C4675_004675.braw
6840da1f81a78948c1ae36e5839414b0	DCIM/A001/A002_C4677_004677.braw
bb04627712d17016fd85f670161ba883	DCIM/A001/A002_C4679_004679.braw
ae3e439a3d222098b78f0bd290191ae3	DCIM/A001/A002_C4681_004681.braw
fcf8eff7c37dc19f25296ce22b51c6a6	DCIM/A001/A002_C4683_004683.braw
d4058ea4f5268a9df70a3d732717bc05	DCIM/A001/A002_C4685_004685.braw
a8423e8a56b697d2f726429bff5a721d	DCIM/A001/A002_C4687_004687.braw
7d46b06acaf19e44118747d5e419d5a9	DCIM/A001/A002_C4689_004689.braw
eec231d1773856c9edb2b7fc17e01aa9	DCIM/A001/A002_C4691_004691.braw
6509c8d4b28033cdf34766a5c1f0bba8	DCIM/A001/A002_C4693_004693.braw
fe19f3884e86e9815f317ed7bda12218	DCIM/A001/A002_C4695_004695.braw
e026e3c1f7fc381df3c4612c7cef0bde	DCIM/A001/A002_C4697_004697.braw
e8c1a72d4f63c1aa7602e09b0008cd10	DCIM/A001/A002_C4699_004699.braw
ddcb6f18da3230cee549229f2038e17a	DCIM/A001/A002_C4701_004701.braw
f03ac56b6b6d96726c928cbccbe6b721	DCIM/A001/A002_C4703_004703.braw
91d9f23c2a05f57eb07ab7ce09140235	DCIM/A001/A002_C4705_004705.braw
3a623112434bc1366258f024d957248d	DCIM/A001/A002_C4707_004707.braw
49c16be11d8e42001f93e11361d2a273	DCIM/A001/A002_C4709_004709.braw
370178d32c5dc4cf40c64a45e66b1919	DCIM/A001/A002_C4711_004711.braw
181b19a554c42dd9a46e46a234137e26	DCIM/A001/A002_C4713_004713.braw
25a3a67a933e7023973f79205e740f34	DCIM/A001/A002_C4715_004715.braw
45cb68a868abaa2952c17413f2173893	DCIM/A001/A002_C4717_004717.braw
7696e39394f290280c797b79f2779ed1	DCIM/A001/A002_C4719_004719.braw
6f91c4c837af82c4d17041861530999f	DCIM/A001/A002_C4721_004721.braw
93dce98d9d52295b5bb1d3c445e53a3b	DCIM/A001/A002_C4723_004723.braw
d260abcdbf54399747b50cbdec4876b5	DCIM/A001/A002_C4725_004725.braw
9bfb20e42077eabc2882ae3e77f0d8db	DCIM/A001/A002_C4727_004727.braw
9978a70bb4a4fda2ff34fd68aa2118da	DCIM/A001/A002_C4729_004729.braw
0ad928859c1efc2b419ff92ea796ae59	DCIM/A001/A002_C4731_004731.braw
9fc72492ed4d0f62cedbdb3e43eb46d8	DCIM/A001/A002_C4733_004733.braw
0d99eeb2a7d7de7b571360098a1a5720	DCIM/A001/A002_C4735_004735.braw
7f07e57116b5add24c0e0300ad936c5e	DCIM/A001/A002_C4737_004737.braw
ec3de6ae92ffc7414e168bafcee3a4dd	DCIM/A001/A002_C4739_004739.braw
3fcfeaf0085e1c18033e52a9a358ce46	DCIM/A001/A002_C4741_004741.braw
345a8ea45f081de1a57bbccd93339713	DCIM/A001/A002_C4743_004743.braw
0eaa402fd40df57f0499a74da681c6a8	DCIM/A001/A002_C4745_004745.braw
08283765aee83ffa47b8eec3d7df99c4	DCIM/A001/A002_C4747_004747.braw
2cb63bbcec3bf12b7e0f125cc5dc7a34	DCIM/A001/A002_C4749_004749.braw
8780cb6242047b050a9e8f95f75179ca	DCIM/A001/A002_C4751_004751.braw
2ac2874657b6af4b7150b3fff623b839	DCIM/A001/A002_C4753_004753.braw
e110dd88d20ed2f15557414066f5543a	DCIM/A001/A002_C4755_004755.braw
96b896e874cf9c867db6c8500a239aef	DCIM/A001/A002_C4757_004757.braw
f36a0590629e2157b0765ab8088fc45c	DCIM/A001/A002_C4759_004759.braw
ecfb1cd5f62551baea00eeb5d3a0f1ad	DCIM/A001/A002_C4761_004761.braw
f0aa623d6810c4312787d783e7e1d277	DCIM/A001/A002_C4763_004763.braw
7c03f4ac037ca7e81cd985b15e51757f	DCIM/A001/A002_C4765_004765.braw
dc85d22738d26f61ce7281315e01573a	DCIM/A001/A002_C4767_004767.braw
4790939c809427841f6bf940d2babbb2	DCIM/A001/A002_C4769_004769.braw
8cb5db6c5dc78a454e2357a056b152a3	DCIM/A001/A002_C4771_004771.braw
4c4bb72858ee892ea0c0acd010ad7b96	DCIM/A001/A002_C4773_004773.braw
3fb52ce59da29949ee26d4735cb6edd1	DCIM/A001/A002_C4775_004775.braw
28f3ee5ada61fa9409c166333d33ba00	DCIM/A001/A002_C4777_004777.braw
5752c01d1db3c7fdc273b5c7d458df00	DCIM/A001/A002_C4779_004779.braw
f128298ff6282f53ad6bade373dcf106	DCIM/A001/A002_C4781_004781.braw
bd87c560e15325b8ff76f016c17e62f4	DCIM/A001/A002_C4783_004783.braw
f266da745600c4a05d25ec4c37bc669d	DCIM/A001/A002_C4785_004785.braw
402452739cff3295619188b6385667a9	DCIM/A001/A002_C4787_004787.braw
440fd2c4d01cfe969ab4327665fb781c	DCIM/A001/A002_C4789_004789.braw
a9384362d5c480d35776a5e384f487ad	DCIM/A001/A002_C4791_004791.braw
c728fe4e214d87d08ba94d32c9e1f257	DCIM/A001/A002_C4793_004793.braw
c0122e48eb991a96a5b7b9b53d86c743	DCIM/A001/A002_C4795_004795.braw
b45e4f2d45f14ff57409e0473a2c929b	DCIM/A001/A002_C4797_004797.braw
354715d04c5adf3a306367785d11dfe8	DCIM/A001/A002_C4799_004799.braw
70265e0d3b6a3b1017b3de52f86a1947	DCIM/A001/A002_C4801_004801.braw
b6ad938e7e29d0884650b17f50f956de	DCIM/A001/A002_C4803_004803.braw
0ee27edb366f350d5369a72fc7364933	DCIM/A001/A002_C4805_004805.braw
d2ea5bb4ad23b963aee55600cca1280c	DCIM/A001/A002_C4807_004807.braw
5e27a0795f801574fa8fa1e8c57188a9	DCIM/A001/A002_C4809_004809.braw
d691c464a61857a307a5ff91b3e74aaf	DCIM/A001/A002_C4811_004811.braw
6a6a716c21333d8ae6c4ba82b742a7f0	DCIM/A001/A002_C4813_004813.braw
3349710365793bddf0686aca3b24b37b	DCIM/A001/A002_C4815_004815.braw
4f3884cf2060322f9754737b434ca4d6	DCIM/A001/A002_C4817_004817.braw
7a8af2db3ab4ef3204db72a8862f4ebd	DCIM/A001/A002_C4819_004819.braw
249faa970ee96fe600c93b4c207f8e29	DCIM/A001/A002_C4821_004821.braw
25c878b5b49f2b2b453347381544eeab	DCIM/A001/A002_C4823_004823.braw
c76485af3110883b6036787b0f313c88	DCIM/A001/A002_C4825_004825.braw
3fa78d4d3dc863194829bb49388d15b5	DCIM/A001/A002_C4827_004827.braw
9e99cf62e3058fdd29bf90b7971450e8	DCIM/A001/A002_C4829_004829.braw
19de82ec1b6210f086b436d08cd34b72	DCIM/A001/A002_C4831_004831.braw
fa788cd1203891ec67d8a5d14bcc0f4b	DCIM/A001/A002_C4833_004833.braw
46a53371d11cc64586f87d8aee360ebb	DCIM/A001/A002_C4835_004835.braw
b1e74c1fab88037f29125c614774f3ca	DCIM/A001/A002_C4837_004837.braw
e58f09dcd03bb6125d752ac328bec28c	DCIM/A001/A002_C4839_004839.braw
2a8151764bd7a75a6f4ed3d09cc343be	DCIM/A001/A002_C4841_004841.braw
a490109953605855ac7f7d151a9b1b5a	DCIM/A001/A002_C4843_004843.braw
19afe253a3f15fe0c382140af081d978	DCIM/A001/A002_C4845_004845.braw
b3ee69b53d9c56f5ddb851ba12adf136	DCIM/A001/A002_C4847_004847.braw
14b6dc518800d9bcf25646065631ad3a	DCIM/A001/A002_C4849_004849.braw
301bde222db6c276895e744f9d0a5d78	DCIM/A001/A002_C4851_004851.braw
7c48d50ef5dd4147551f38e30fc9fcb9	DCIM/A001/A002_C4853_004853.braw
709ecd5a4f487992c871c5ef484904da	DCIM/A001/A002_C4855_004855.braw
253735a2a87552244502ebd9d91e6247	DCIM/A001/A002_C4857_004857.braw
94873394ec35cddf93f738efae28064a	DCIM/A001/A002_C4859_004859.braw
1ae7b5108bb64b15d5aa95b04a3afc92	DCIM/A001/A002_C4861_004861.braw
9eb1bf4c210f24ad93063b9261414d93	DCIM/A001/A002_C4863_004863.braw
e09691d08c5cd62db5ff173897e0d164	DCIM/A001/A002_C4865_004865.braw
f41a8c99b5c6c7a069f13cbb31f58b74	DCIM/A001/A002_C4867_004867.braw
f682c07c436e6974b999341a97484d7c	DCIM/A001/A002_C4869_004869.braw
7d30be92c22582388028b19521e9ac8d	DCIM/A001/A002_C4871_004871.braw
afd97f6556166d6be024f7240ccb1292	DCIM/A001/A002_C4873_004873.braw
c62e15929de9e4554402229ea0ebc418	DCIM/A001/A002_C4875_004875.braw
cc3919a41ee5b736ce80ae420b2bae63	DCIM/A001/A002_C4877_004877.braw
1ab42124bdb11071a60987dda1971aad	DCIM/A001/A002_C4879_004879.braw
cb6b539f82e47a325044691a6099386d	DCIM/A001/A002_C4881_004881.braw
895d9da793ea041a20565fe8d8bc6d1f	DCIM/A001/A002_C4883_004883.braw
7af650ec39d5f5b35547adef58ab4e61	DCIM/A001/A002_C4885_004885.braw
102e7d82bab81f2f2a1dbfc635e66df9	DCIM/A001/A002_C4887_004887.braw
04d1c6a9b06d233747a511d1fd8aaee9	DCIM/A001/A002_C4889_004889.braw
294965e1b4bba209778c5c6cd1b85e90	DCIM/A001/A002_C4891_004891.braw
49feaeafede46e31ee60a956b7a32d6f	DCIM/A001/A002_C4893_004893.braw
40de5b58b911ed63da74fd8f0b25f923	DCIM/A001/A002_C4895_004895.braw
4bb7b9321f99a8a95c5bb0dfb7a95664	DCIM/A001/A002_C4897_004897.braw
6afcc587fc3be8964d8043a891c07d10	DCIM/A001/A002_C4899_004899.braw
ecc8725ed5d42a6f89658ba7a70f6add	DCIM/A001/A002_C4901_004901.braw
5b526fab3f25b9a077077723a331efa0	DCIM/A001/A002_C4903_004903.braw
eb34810bb5157d6fec0101e1046c8c3b	DCIM/A001/A002_C4905_004905.braw
d9057a1174cd88ae292cc8e0390891c8	DCIM/A001/A002_C4907_004907.braw
ad5a2e4484b8d6af4ca890defc8f49a5	DCIM/A001/A002_C4909_004909.braw
1228a4b45344caa44d456ed3bbb65569	DCIM/A001/A002_C4911_004911.braw
e5ce4a17f3af64f3ae32eef651ee0655	DCIM/A001/A002_C4913_004913.braw
ab75cecb1885b0375e9d0a2e2ee24e74	DCIM/A001/A002_C4915_004915.braw
5c635a07e192701b42a21f8be40e6478	DCIM/A001/A002_C4917_004917.braw
4262e36c61153595f9106e54651a3d06	DCIM/A001/A002_C4919_004919.braw
32151de770782adbbe3ae4cf89c510bf	DCIM/A001/A002_C4921_004921.braw
e26a6fb0957ca62bf3844280f2aeff58	DCIM/A001/A002_C4923_004923.braw
8377ad4f6ffb426234368e368d1946a1	DCIM/A001/A002_C4925_004925.braw
0952d50cf3f5f88386666ea4e7a94c6a	DCIM/A001/A002_C4927_004927.braw
f21742b675d0c6320a329fcf9d5dac0a	DCIM/A001/A002_C4929_004929.braw
6b9fc2b4eeeddde1cfd1f3f2beff0e8f	DCIM/A001/A002_C4931_004931.braw
5fb630124213c5ed2f4856a4910f9058	DCIM/A001/A002_C4933_004933.braw
83642baca1b3f2200d7f230f3808c5cb	DCIM/A001/A002_C4935_004935.braw
79374baa82229c3c3486001cbe4df75c	DCIM/A001/A002_C4937_004937.braw
24b6591840f140778f53b71336b8b2a8	DCIM/A001/A002_C4939_004939.braw
b11d533a34f6631121e3d1bd3ea73c0f	DCIM/A001/A002_C4941_004941.braw
bda3aadb2d9391e056a154bcbf251d34	DCIM/A001/A002_C4943_004943.braw
8b84ddd1025140e6bc20a6e9647f6846	DCIM/A001/A002_C4945_004945.braw
3cc59eef6e0e591dbe98fd9aeb12c23f	DCIM/A001/A002_C4947_004947.braw
eb3f2cea63b3cb565c6cc3625d21f015	DCIM/A001/A002_C4949_004949.braw
9936a9199e4b90dcd1c73ff565ff384a	DCIM/A001/A002_C4951_004951.braw
decc741cdbccb021915f6390601fb350	DCIM/A001/A002_C4953_004953.braw
ecd44fdf9e50cf57f65745db9f4aeb26	DCIM/A001/A002_C4955_004955.braw
3fde5cfbefb27a4455a416864646f9e7	DCIM/A001/A002_C4957_004957.braw
4478cf143a821d520baf519430a4155e	DCIM/A001/A002_C4959_004959.braw
4ba1cd6d7162fdd16e6898e29b40a826	DCIM/A001/A002_C4961_004961.braw
80cd42a04f953349985cd205906c0173	DCIM/A001/A002_C4963_004963.braw
1d5d45ecbfa02c066addce5b6459bb97	DCIM/A001/A002_C4965_004965.braw
938ac81c7538cf4eba99f53fb3b9a13a	DCIM/A001/A002_C4967_004967.braw
495dd4ec646994f43988d3626f7c561f	DCIM/A001/A002_C4969_004969.braw
f482dddc106d766ead44a985e5263c7d	DCIM/A001/A002_C4971_004971.braw
d19f0f2eb16d0379338cc9064dad5cc9	DCIM/A001/A002_C4973_004973.braw
f8eebecd2de4afe7afc21add7f753962	DCIM/A001/A002_C4975_004975.braw
5d6b02eb25b2b8850e16425524dd0d3c	DCIM/A001/A002_C4977_004977.braw
4e49c646078877782d0cbb8897c6e035	DCIM/A001/A002_C4979_004979.braw
c9654d97396c189bd4a9860d53b51a3f	DCIM/A001/A002_C4981_004981.braw
7184fa1c7d605cbdbced8023a0be8942	DCIM/A001/A002_C4983_004983.braw
1b458b579727b93a2f1e1d902ddc2e12	DCIM/A001/A002_C4985_004985.braw
4994522e19225556b9b1415aacc5f417	DCIM/A001/A002_C4987_004987.braw
41160bd0eaeeb12926195be02afe875e	DCIM/A001/A002_C4989_004989.braw
47c89e7b507bca713e50b7e7728fcbec	DCIM/A001/A002_C4991_004991.braw
5e207bdd0743d482b0763d9e3dc4c817	DCIM/A001/A002_C4993_004993.braw
2e6217aa93c6aeee141043758f6663c6	DCIM/A001/A002_C4995_004995.braw
6c59706f2e5277587fc44a13dfea0e3d	DCIM/A001/A002_C4997_004997.braw
02fa7966edf385dada2ee38a4084cdff	DCIM/A001/A002_C4999_004999.braw
ad2f4ec3fc70df2c1efbe677db85ed3a	DCIM/A002/A001_C4250_004250.braw
ed689182db304752f3212eac2ec3a305	DCIM/A002/A001_C4252_004252.braw
7113f87e2aeb357a50005630f1d8b0e4	DCIM/A002/A001_C4254_004254.braw
865f576e9c8f9231f2d79d293fff23bf	DCIM/A002/A001_C4256_004256.braw
5ebd02e9c4c667b395fda9fa5e5a82c3	DCIM/A002/A001_C4258_004258.braw
934f4e319674f5dbb2b7814d09ed968e	DCIM/A002/A001_C4260_004260.braw
747646fe91b789aecf2c1c22d70f7db7	DCIM/A002/A001_C4262_004262.braw
d9b864e2c3c353f8d26d7babea79940e	DCIM/A002/A001_C4264_004264.braw
b3d5e6f20329d6fc39a645f9d2c9651f	DCIM/A002/A001_C4266_004266.braw
190ef8fb588be8e3be357785716649de	DCIM/A002/A001_C4268_004268.braw
f92e68aed19117a0c2bfb2810d8c58eb	DCIM/A002/A001_C4270_004270.braw
805fda8528bc5971275983c78cc00f03	DCIM/A002/A001_C4272_004272.braw
d9d62309606e8f3e6f747f3e9e294704	DCIM/A002/A001_C4274_004274.braw
126015646e6202482988e7a80c65f8fb	DCIM/A002/A001_C4276_004276.braw
547c074ec876badef54732e4e0be743c	DCIM/A002/A001_C4278_004278.braw
510b94707b7c754e281bb8b18307cafb	DCIM/A002/A001_C4280_004280.braw
2faafc243b0d64de5bb9d007e02a97f5	DCIM/A002/A001_C4282_004282.braw
6404ebe96d2acd8ed9f0daa495a4924c	DCIM/A002/A001_C4284_004284.braw
82d8a6f46f90f2b065d7bf992bb6e3b1	DCIM/A002/A001_C4286_004286.braw
5690e9db37f4137851bc91d119e7774e	DCIM/A002/A001_C4288_004288.braw
0f829d816c5d7e0af6092d250b529691	DCIM/A002/A001_C4290_004290.braw
37701487ef0446a03574eb88cc708436	DCIM/A002/A001_C4292_004292.braw
55347d1a92892da4dc335989afed40c3	DCIM/A002/A001_C4294_004294.braw
aee07ac937ecb1d02c8ee73dee902d6a	DCIM/A002/A001_C4296_004296.braw
c81bb13c8560e1cdaae1a310065e4173	DCIM/A002/A001_C4298_004298.braw
a687faf202c42f6e0bea6102cd8088d9	DCIM/A002/A001_C4300_004300.braw
0f4f99a155feb3ba62e5c6cac6cc1b74	DCIM/A002/A001_C4302_004302.braw
b996e4d30820712911a1b5bda5ec864e	DCIM/A002/A001_C4304_004304.braw
356a5dccaf3622e471ed7f060d8c4f61	DCIM/A002/A001_C4306_004306.braw
91e3759a14c21c4a0a5300d97dce6f78	DCIM/A002/A001_C4308_004308.braw
a5535f77302b274ad5339f5d66f03556	DCIM/A002/A001_C4310_004310.braw
517bbba7016852bb21efd07b34a79f53	DCIM/A002/A001_C4312_004312.braw
d9fd790fd57a94db85ab17f030d3f3f0	DCIM/A002/A001_C4314_004314.braw
5b912bce65e9bf3fe7ebc7047de05fb5	DCIM/A002/A001_C4316_004316.braw
5cf518f81d3062aff2e24a038a7a6c54	DCIM/A002/A001_C4318_004318.braw
7e5a2c404f0251654631f6cc4bcdcd97	DCIM/A002/A001_C4320_004320.braw
782f60c6bc3db711ffc83439fcbc32b2	DCIM/A002/A001_C4322_004322.braw
f97ebae91a04cbc596166e4011947922	DCIM/A002/A001_C4324_004324.braw
e214cf581bad0dd57c9bb8d0712c9ad6	DCIM/A002/A001_C4326_004326.braw
d5253c07168ba2c379be0e7c0c85f0e2	DCIM/A002/A001_C4328_004328.braw
da5d6889b4dc85010051fd11cd1ac590	DCIM/A002/A001_C4330_004330.braw
370383bbebf506275483dabd3c4d8db1	DCIM/A002/A001_C4332_004332.braw
16dec01fd801fc2f64f77d83c1d192fe	DCIM/A002/A001_C4334_004334.braw
72aa2086ee03ee89b9d90780fac960ad	DCIM/A002/A001_C4336_004336.braw
04b195421097f08a7cca4dc32a43a52f	DCIM/A002/A001_C4338_004338.braw
2e578172d4b740db39c0ea3270558fee	DCIM/A002/A001_C4340_004340.braw
509a052cade393b3636718d102a61493	DCIM/A002/A001_C4342_004342.braw
21469b900c09c1e134614f92348db672	DCIM/A002/A001_C4344_004344.braw
de09623827e1d7294f3958210905e33b	DCIM/A002/A001_C4346_004346.braw
cccd84fe8cc78a4120676944fd93acd7	DCIM/A002/A001_C4348_004348.braw
6854791d17c4f36b6e9acef5513bf91f	DCIM/A002/A001_C4350_004350.braw
f094df7f9ba2d0c530e7657f3113a7ef	DCIM/A002/A001_C4352_004352.braw
a0365ff57e0c8a891f8d9970a55f3776	DCIM/A002/A001_C4354_004354.braw
48a1a68c237d06793ece404192a59bb1	DCIM/A002/A001_C4356_004356.braw
c39c7fa5a220fe7996a48aea31d423ed	DCIM/A002/A001_C4358_004358.braw
debd087f5f48227a08ce47cd2b189578	DCIM/A002/A001_C4360_004360.braw
f4d6efe02586728f0e6e91a2b84bd260	DCIM/A002/A001_C4362_004362.braw
2fb3fe2e98f200e9cd2d70857543bb69	DCIM/A002/A001_C4364_004364.braw
6c803cc1c6fbcf3b5f5641e582f8f6e3	DCIM/A002/A001_C4366_004366.braw
e56043a4b03f1178cba7e832b8e87ad6	DCIM/A002/A001_C4368_004368.braw
99a6b74a82e7d4914f4d8fbe29835d1a	DCIM/A002/A001_C4370_004370.braw
0ad235ec41878c6139e86ea766a33965	DCIM/A002/A001_C4372_004372.braw
24786479866ffccbd44361effc729599	DCIM/A002/A001_C4374_004374.braw
2e49e9368080836ff14b8270385bb654	DCIM/A002/A001_C4376_004376.braw
79dbe8d763ea0e0db523247cd56f0f2d	DCIM/A002/A001_C4378_004378.braw
75d8b04afd3da54052fe85881446cd8d	DCIM/A002/A001_C4380_004380.braw
e096f59d7abc243c40887e17acc45621	DCIM/A002/A001_C4382_004382.braw
28a4cc72ef054a4701fde40067efff33	DCIM/A002/A001_C4384_004384.braw
41b52dff648ec7d3703733deb31d16c8	DCIM/A002/A001_C4386_004386.braw
2a1e64d4f99dbbece591481a7964f358	DCIM/A002/A001_C4388_004388.braw
7a7cb2cf0791284a29e26c4566f117c4	DCIM/A002/A001_C4390_004390.braw
6fccbe9c5a82f62ad618bcf489a6ad56	DCIM/A002/A001_C4392_004392.braw
9370bc85a4e6bd40b6a220eceb37c6ba	DCIM/A002/A001_C4394_004394.braw
66447aa9b87b9e62a83876d9418190a5	DCIM/A002/A001_C4396_004396.braw
573e6be506f2b0e027b1fa86fbb1b893	DCIM/A002/A001_C4398_004398.braw
98f4b5bd6db34e62c71871cc6bb27c75	DCIM/A002/A001_C4400_004400.braw
dbe63c41a4b9aed9bb3d5d941ff2d280	DCIM/A002/A001_C4402_004402.braw
714824003e4fd91faa983500ae0f827b	DCIM/A002/A001_C4404_004404.braw
757ce467c1ca6753e810ca9cffd03a3f	DCIM/A002/A001_C4406_004406.braw
b5442d58e086c1fbff85bd3d39cbea48	DCIM/A002/A001_C4408_004408.braw
193ad42ed0b4959e7d13418dba2bfffb	DCIM/A002/A001_C4410_004410.braw
a425134e3daac077d4b853adb2ec19d0	DCIM/A002/A001_C4412_004412.braw
746e6677e07f9ee514796972c1856f1b	DCIM/A002/A001_C4414_004414.braw
01954991861e517faeecf947d2615be5	DCIM/A002/A001_C4416_004416.braw
116cf4c38166550d8382575b38e87e06	DCIM/A002/A001_C4418_004418.braw
0ae5090128ccf4068258a26bea8e8119	DCIM/A002/A001_C4420_004420.braw
c71beefac1fd3456c9aa483052d344d4	DCIM/A002/A001_C4422_004422.braw
3d517c0098fa78b9d382bf99e0bae576	DCIM/A002/A001_C4424_004424.braw
a4c6ad7681d7fd96a225b0b66457b28c	DCIM/A002/A001_C4426_004426.braw
b2db8ea57e18f74b0e6a9627e4681557	DCIM/A002/A001_C4428_004428.braw
13f2cb16e97071ee9fa1c9c180e8328c	DCIM/A002/A001_C4430_004430.braw
b929bf18721b17e76bf2918d26dfe467	DCIM/A002/A001_C4432_004432.braw
8886fe84f1de2d7306285fdb74e87790	DCIM/A002/A001_C4434_004434.braw
685f54e84cf68a9fe3d155fb5cf40b2e	DCIM/A002/A001_C4436_004436.braw
8b1be546f357e8176bb7ccecfb4e640d	DCIM/A002/A001_C4438_004438.braw
15dd6494239e34e1503dd0a95b7304c9	DCIM/A002/A001_C4440_004440.braw
a17ee6466860d9dc2ab552e4515d63f9	DCIM/A002/A001_C4442_004442.braw
054db90653a8a027bf0dcf3ec0956df4	DCIM/A002/A001_C4444_004444.braw
86b50c6b94f56a7d41c1ec17b57a7747	DCIM/A002/A001_C4446_004446.braw
b9e7d0a23488aed2e0b17115dfcc48a1	DCIM/A002/A001_C4448_004448.braw
f4bbe2acd9ca559e1118a1266c796e6e	DCIM/A002/A001_C4450_004450.braw
79745e3f1bea70513b2da29a3622f841	DCIM/A002/A001_C4452_004452.braw
10d4a229e57c34aed1697ca8508540af	DCIM/A002/A001_C4454_004454.braw
4be7f0bd568b49284f9ae66b9b17fd72	DCIM/A002/A001_C4456_004456.braw
a502a3ccdf5a06a97179aeb595c8fc3c	DCIM/A002/A001_C4458_004458.braw
94395240a14862ac0072057b6a18258f	DCIM/A002/A001_C4460_004460.braw
a3855f86665a880436338fad52c13286	DCIM/A002/A001_C4462_004462.braw
e4e75fca7961202ef2624aadd8e5b3dc	DCIM/A002/A001_C4464_004464.braw
126dfe522a1459048279bdfa985b2ada	DCIM/A002/A001_C4466_004466.braw
1434f3542b445b3c8cc877fc01ff138b	DCIM/A002/A001_C4468_004468.braw
3bca882ab1b8a93b7268be038c4f5665	DCIM/A002/A001_C4470_004470.braw
5d50ef555a99d57288bb1dd95fb1adc9	DCIM/A002/A001_C4472_004472.braw
e4559a8d9bf05d1fac7e799c6c87f928	DCIM/A002/A001_C4474_004474.braw
fc4429f76b0db91a8ebe6cf4b183a6b8	DCIM/A002/A001_C4476_004476.braw
7bfadba1664fc3d6d61ad71586516c10	DCIM/A002/A001_C4478_004478.braw
bbab3b35ff82e9bf0b5b95cb49cfccfd	DCIM/A002/A001_C4480_004480.braw
ffcc3ed11c1bbaf24162ded78347b7ab	DCIM/A002/A001_C4482_004482.braw
344ed64ddd3b49110b2b53c6cfa2c0b8	DCIM/A002/A001_C4484_004484.braw
639828831d7bd2f43fd8ad64982de1da	DCIM/A002/A001_C4486_004486.braw
fa4cd42c1580c52bddfa3bfd888199e4	DCIM/A002/A001_C4488_004488.braw
5b46fc06ce7d717072f2449b24734739	DCIM/A002/A001_C4490_004490.braw
562ca2fd474fa63134c089caa07e9f9a	DCIM/A002/A001_C4492_004492.braw
6dc842bac28e07ae3401f92cf769c1b4	DCIM/A002/A001_C4494_004494.braw
6196af925ca50eaf6b41a9021953ac77	DCIM/A002/A001_C4496_004496.braw
a8ffcc57f3ecbf621fea065a384b5f87	DCIM/A002/A001_C4498_004498.braw
b8b80317afbc88efc91a07e5a1884328	DCIM/A002/A001_C4500_004500.braw
09ed6b93b1d50383a3f9a6d5d5606385	DCIM/A002/A001_C4502_004502.braw
adeb230558cc3b4a4ca7ac4f162ba1f7	DCIM/A002/A001_C4504_004504.braw
dcd30010a42fc476df957531406baf65	DCIM/A002/A001_C4506_004506.braw
f0f5ab05c5cdd06512c838bc21df9f40	DCIM/A002/A001_C4508_004508.braw
1a1c91089cf84bea422727b81efa5f2a	DCIM/A002/A001_C4510_004510.braw
7e33e692c93258c73da3b1baac703c38	DCIM/A002/A001_C4512_004512.braw
4291a8fb8fbc699562bf8b4cfe5f01bb	DCIM/A002/A001_C4514_004514.braw
4f0652f6a3e87cf29fe5b7f90beff629	DCIM/A002/A001_C4516_004516.braw
d4d71c47a6250c9592fd7e5e2a70afd6	DCIM/A002/A001_C4518_004518.braw
a154f5854bc38754efff978ce5cdb8eb	DCIM/A002/A001_C4520_004520.braw
9e00166801652cfce2d249c847009ab1	DCIM/A002/A001_C4522_004522.braw
1e670f231c785d8102a7287c6e45948e	DCIM/A002/A001_C4524_004524.braw
c7506ee9cc76a53f65b9faf61f194491	DCIM/A002/A001_C4526_004526.braw
3fda21ab21f834bfc15f034ac0e76995	DCIM/A002/A001_C4528_004528.braw
ac70d3a438addee76ad12fa1d5e1cd44	DCIM/A002/A001_C4530_004530.braw
bfef3a6f123ae3fe55fb454cb84b5a0b	DCIM/A002/A001_C4532_004532.braw
d4a5906764bcddb16a1ef4f63e82dfd2	DCIM/A002/A001_C4534_004534.braw
b4a4eef270e3904a7276715194eb7226	DCIM/A002/A001_C4536_004536.braw
50be75200729c708093430ce35723c0c	DCIM/A002/A001_C4538_004538.braw
985054478e48b94d4cd4d18afc614175	DCIM/A002/A001_C4540_004540.braw
90f1df200622d458037e0016cd9c8cef	DCIM/A002/A001_C4542_004542.braw
b709b7f5d72b40cb892052d68e6935c0	DCIM/A002/A001_C4544_004544.braw
97c7edcfb123d5faa9f51b55dd1a51b2	DCIM/A002/A001_C4546_004546.braw
0b1998e324c3b1ab686ee50afd83fb26	DCIM/A002/A001_C4548_004548.braw
036972fe8fe0c4f056088efa04a3f4c1	DCIM/A002/A001_C4550_004550.braw
6f878e50478d1f9b8052c18866f4a1d0	DCIM/A002/A001_C4552_004552.braw
cfc289ef1edfbd0bc762815e3e0d0da6	DCIM/A002/A001_C4554_004554.braw
da8fc282c69faf49220afa8ce6dfc145	DCIM/A002/A001_C4556_004556.braw
46958adea8b046776bc188416c58705c	DCIM/A002/A001_C4558_004558.braw
14443f2f2f52fd074ca1a30b41c2c398	DCIM/A002/A001_C4560_004560.braw
51a3bec55bd115102376cd2f56000afa	DCIM/A002/A001_C4562_004562.braw
e38c279c4f27fcecbbda064ac10cc7b4	DCIM/A002/A001_C4564_004564.braw
4300dca1ed912575eba6aedb9f0f46a6	DCIM/A002/A001_C4566_004566.braw
ba10893ebf8eb2649a48c6da168abb02	DCIM/A002/A001_C4568_004568.braw
e3da2189ba1f9d23a4989096620181de	DCIM/A002/A001_C4570_004570.braw
1e5df3a1dd93cd0bcb4bd3f65976a427	DCIM/A002/A001_C4572_004572.braw
6ec6812bcc3191ffdbf8c9ed5a7d7a33	DCIM/A002/A001_C4574_004574.braw
69dbb3cbc7d034b2c153062e9278179a	DCIM/A002/A001_C4576_004576.braw
cc585ae05f67505900c65af7b6138f83	DCIM/A002/A001_C4578_004578.braw
39acfbfab04104577f341052bf90ba63	DCIM/A002/A001_C4580_004580.braw
0234fede72ecb03c57b1c4bcec2e05cd	DCIM/A002/A001_C4582_004582.braw
3d32ec881d959631802a2f3b0d59ade6	DCIM/A002/A001_C4584_004584.braw
97e45e7d19c0e3844d6c5facd289af19	DCIM/A002/A001_C4586_004586.braw
0a7d311eea94ebb22aefb02916a68dbf	DCIM/A002/A001_C4588_004588.braw
aab5d89324681c83cc52cef18e70360b	DCIM/A002/A001_C4590_004590.braw
029062d2bd538d5ad65dc0bbea1b9b06	DCIM/A002/A001_C4592_004592.braw
b893deac674d4576eaa2b38261b67573	DCIM/A002/A001_C4594_004594.braw
4e4e72ec31e245fe727b31e5c7394844	DCIM/A002/A001_C4596_004596.braw
b7f598dad2a848f92da146958efb4c1f	DCIM/A002/A001_C4598_004598.braw
4612d499301161c794cfba3fe68526ef	DCIM/A002/A001_C4600_004600.braw
11f65e7685f19b4e41412c1e9b11e58f	DCIM/A002/A001_C4602_004602.braw
ced2402dcc55d540064cc231b98bebf6	DCIM/A002/A001_C4604_004604.braw
c2315f91ed8fc1c8528ff69f7776ef52	DCIM/A002/A001_C4606_004606.braw
c20bd1159f82da45a9968fb9e6374ade	DCIM/A002/A001_C4608_004608.braw
c0c26853c9e2964b8b51a7d21f178b08	DCIM/A002/A001_C4610_004610.braw
00dfc918c9200966b89e9974001865e8	DCIM/A002/A001_C4612_004612.braw
f301a97e56d0dd6fc0fdcdc69a695d05	DCIM/A002/A001_C4614_004614.braw
df5a2b39e345ff1fbc6641ed051fe914	DCIM/A002/A001_C4616_004616.braw
341c4514c69735a3735b4669fdb7de05	DCIM/A002/A001_C4618_004618.braw
247385197a386d3a4bd9eebee95aae75	DCIM/A002/A001_C4620_004620.braw
f958aded080208034d23f6e40ea6f9db	DCIM/A002/A001_C4622_004622.braw
e4c1d678c91a616157ed9b1adeda4644	DCIM/A002/A001_C4624_004624.braw
1552dae8ec43a26a52e359408279f0d6	DCIM/A002/A001_C4626_004626.braw
d7c80e09720c910f512fd27b73150fc9	DCIM/A002/A001_C4628_004628.braw
10c35069f89e554b720119ed7b08eecb	DCIM/A002/A001_C4630_004630.braw
2274f0095faa336b1e71750e7d05c183	DCIM/A002/A001_C4632_004632.braw
491c6924a3899cdd1b27a7eb787487f9	DCIM/A002/A001_C4634_004634.braw
5ae7d14e0a13014ffae77480c23afe42	DCIM/A002/A001_C4636_004636.braw
70f6bad58ffa7fd3fa0624cb8656c83d	DCIM/A002/A001_C4638_004638.braw
7510765d8ad932aac14aa790d997c003	DCIM/A002/A001_C4640_004640.braw
faa63424c1a1ae312c04835e2ef62251	DCIM/A002/A001_C4642_004642.braw
4c68bcc33e77dd8108011387d02db0f1	DCIM/A002/A001_C4644_004644.braw
569ed6de66f718f93c574f63e31ad725	DCIM/A002/A001_C4646_004646.braw
30da34ed7147017add3db8d6dcf2aaf6	DCIM/A002/A001_C4648_004648.braw
d610d12d3e3d48845c2545a03493d2d5	DCIM/A002/A001_C4650_004650.braw
a902cac7c362a28449a441ffd3881826	DCIM/A002/A001_C4652_004652.braw
64d9ac3e24a4cb37e736b8571d81c3af	DCIM/A002/A001_C4654_004654.braw
6cb01ce95d6599fad1bc7910f943d6e3	DCIM/A002/A001_C4656_004656.braw
bff314ef024d6ca49c1394dbf27a6223	DCIM/A002/A001_C4658_004658.braw
8cf32597816c01047b405de0358c4e0a	DCIM/A002/A001_C4660_004660.braw
667cad628ddb009e4af54bfbc73869d7	DCIM/A002/A001_C4662_004662.braw
3adc79548eb10d8220548144ff45abb0	DCIM/A002/A001_C4664_004664.braw
0c181aeb2d1221dcf67c6415293a5d41	DCIM/A002/A001_C4666_004666.braw
be2a81ce6319ee194bb3b9fb3d2f79d2	DCIM/A002/A001_C4668_004668.braw
6930ab8b95415a1f57494dead06723b3	DCIM/A002/A001_C4670_004670.braw
d934c5887d803a37879a94a16f8b6ad6	DCIM/A002/A001_C4672_004672.braw
332c9739ae67c416028069d3ee00807b	DCIM/A002/A001_C4674_004674.braw
93786f5e5142132ed803cc1330f13dfd	DCIM/A002/A001_C4676_004676.braw
be0b02f388b3b5e821ceb75c3d50bda7	DCIM/A002/A001_C4678_004678.braw
6ddddf5469fe26330b00fae12087821d	DCIM/A002/A001_C4680_004680.braw
0bc59bf8f79ce919c905af0d516aedbf	DCIM/A002/A001_C4682_004682.braw
a05e164bbfed9c57d7a1289bac4c1e83	DCIM/A002/A001_C4684_004684.braw
5828d4181253f5760f736833819aa89d	DCIM/A002/A001_C4686_004686.braw
6fcd63ecfd40f3410cc017f80c3a4c9d	DCIM/A002/A001_C4688_004688.braw
016815eaea54b50248daf8a065d841f7	DCIM/A002/A001_C4690_004690.braw
20b6dcfdeb1c125489fc5602e4a52483	DCIM/A002/A001_C4692_004692.braw
cee46da37007d7283fa46b20003dbe12	DCIM/A002/A001_C4694_004694.braw
feb2d29dcc1e0a6b718d599de665e535	DCIM/A002/A001_C4696_004696.braw
dad678924b16aa80287713d1acb60d43	DCIM/A002/A001_C4698_004698.braw
0214237acf84ce1a7271427f688b04d3	DCIM/A002/A001_C4700_004700.braw
28be7d6f284b8781fbf53299ce0e9f2b	DCIM/A002/A001_C4702_004702.braw
4a065e941fb97e27cba31af9cf27b216	DCIM/A002/A001_C4704_004704.braw
268bcb8c74a101596c7517ce3d4d4a1a	DCIM/A002/A001_C4706_004706.braw
ae8124dd916735fecaa572a50f6fe841	DCIM/A002/A001_C4708_004708.braw
ba684ba23222f00be8fc2735bda47b1c	DCIM/A002/A001_C4710_004710.braw
cba731a22fa8e7d271bef3b00b6493a6	DCIM/A002/A001_C4712_004712.braw
baf32c48142f250906c985084193c09b	DCIM/A002/A001_C4714_004714.braw
a5f9685116556377140ad3ed0136dc0c	DCIM/A002/A001_C4716_004716.braw
54aa459b3231e978dba9fce27ed127c2	DCIM/A002/A001_C4718_004718.braw
6c334d8e24de19066bdf66bca3ded9d0	DCIM/A002/A001_C4720_004720.braw
164fa5a831bc0cadd0440066ebdbae29	DCIM/A002/A001_C4722_004722.braw
35ec94899c2dab442860f8dc311bad45	DCIM/A002/A001_C4724_004724.braw
6abf1ae1de0a5205777fbb9f91b584c8	DCIM/A002/A001_C4726_004726.braw
6689673b38af8c008c815a253bc5c204	DCIM/A002/A001_C4728_004728.braw
0dbc7c36421b281195950b9f01751111	DCIM/A002/A001_C4730_004730.braw
e81999a8d70c24a65438e542e7c206bd	DCIM/A002/A001_C4732_004732.braw
52097b8634b3112fa35df325d06feadd	DCIM/A002/A001_C4734_004734.braw
c53f0cb511863d543c7c4e26d8ed06b9	DCIM/A002/A001_C4736_004736.braw
e6b31c787ed36c6887e6ba1d863a0a4e	DCIM/A002/A001_C4738_004738.braw
9ca84f1bff505465988091221263f3e0	DCIM/A002/A001_C4740_004740.braw
d87f41f1cdd5855b00ef6583e7c8fd8d	DCIM/A002/A001_C4742_004742.braw
b9a410e58b8e0aabe932852e9666f9a5	DCIM/A002/A001_C4744_004744.braw
be7b129d99d64cfe1e967541f0e77788	DCIM/A002/A001_C4746_004746.braw
5460a3d4980f6fc40673d22c1b465135	DCIM/A002/A001_C4748_004748.braw
1a8be91d3f5dd10fab51f0acf0e5a63a	DCIM/A002/A001_C4750_004750.braw
f77633c8592d6d06ec3c9477efacd226	DCIM/A002/A001_C4752_004752.braw
8b297c08d50872dfae379f9f1f225559	DCIM/A002/A001_C4754_004754.braw
eb7ac670417847db3f279e2f5467e04c	DCIM/A002/A001_C4756_004756.braw
f32bf6e48da1c7070ae6959c791c42cd	DCIM/A002/A001_C4758_004758.braw
742eb4ee048f6859e17399d77851974d	DCIM/A002/A001_C4760_004760.braw
f6759cda9533dd6e0a7b89bd2344e88e	DCIM/A002/A001_C4762_004762.braw
af8beb36ab7bd6585bedf64fcf74ceae	DCIM/A002/A001_C4764_004764.braw
83293c3b77ecdce43e2fde4025e1c646	DCIM/A002/A001_C4766_004766.braw
61e0cdf0344daa11bc8a2ce80748f883	DCIM/A002/A001_C4768_004768.braw
d36e8baa6afc26e4d02a59abde196093	DCIM/A002/A001_C4770_004770.braw
616f7cfcc4dd7e52b70abc0f6722099a	DCIM/A002/A001_C4772_004772.braw
30dcacd4fccf5da1ecee1b51c0f3e4c1	DCIM/A002/A001_C4774_004774.braw
19678ef26c4e6ccd92d187d377702b41	DCIM/A002/A001_C4776_004776.braw
6d9c2c3c7370f7bd870f3d7a3035675d	DCIM/A002/A001_C4778_004778.braw
d5eaf271845cea003ab90a2efb6266d9	DCIM/A002/A001_C4780_004780.braw
155fccbb8f5c2b10d47fd6e6fe105393	DCIM/A002/A001_C4782_004782.braw
e53096d58f0e2e1b49ed9c539c4130de	DCIM/A002/A001_C4784_004784.braw
8be0dea9afd5fbdfe98203052264e9d8	DCIM/A002/A001_C4786_004786.braw
714d2a3230c32f36987e5fe8d2202202	DCIM/A002/A001_C4788_004788.braw
e99269bb8b54ad1da31a818d5c6e67e8	DCIM/A002/A001_C4790_004790.braw
5a521f9af231c350d6d995693dd54b28	DCIM/A002/A001_C4792_004792.braw
9ef9749c236bf1e12f473dce1dd7a058	DCIM/A002/A001_C4794_004794.braw
fc68dedbed1db667f62daed7a803b23f	DCIM/A002/A001_C4796_004796.braw
68417a3b6f33ee8a648db0af38b6d349	DCIM/A002/A001_C4798_004798.braw
6ca2d0a17fcf03c42a6b29297b6533c1	DCIM/A002/A001_C4800_004800.braw
c638c40708a21b0c76fb1eedbc7a1b99	DCIM/A002/A001_C4802_004802.braw
e97a300f11569921a9315662dde60476	DCIM/A002/A001_C4804_004804.braw
2c8034aaca8363dbe34f2cce4a6bae9b	DCIM/A002/A001_C4806_004806.braw
ff44f02b3692db036a6e232677f4163c	DCIM/A002/A001_C4808_004808.braw
57d4ef95a030b06556bbbd5cb7a480cd	DCIM/A002/A001_C4810_004810.braw
9cfdee442c180ecd6fda50c6f515af56	DCIM/A002/A001_C4812_004812.braw
f923bdaf9b1edce1b988ef590334ba1f	DCIM/A002/A001_C4814_004814.braw
a78c43e10c812bf8a6d05d5b5dad7287	DCIM/A002/A001_C4816_004816.braw
75ca1aaff0db31f92c0d23068a78caed	DCIM/A002/A001_C4818_004818.braw
9b12f975e3d5552ff4fc758303842e6e	DCIM/A002/A001_C4820_004820.braw
cdb4692562e1dd3aa07e291da9fec9f1	DCIM/A002/A001_C4822_004822.braw
7c27e1486f4022fbaf3c6d9581213f74	DCIM/A002/A001_C4824_004824.braw
dbac80a8d4dd34fec160b211faaf8e74	DCIM/A002/A001_C4826_004826.braw
f2ea2a4a7efec7ee8aff0f60454aad49	DCIM/A002/A001_C4828_004828.braw
44b4dd53f2971ae236dc6c2dd995488b	DCIM/A002/A001_C4830_004830.braw
7ade11c9668b3612815e174870e9a550	DCIM/A002/A001_C4832_004832.braw
96f2a744904b98759c55e5fb48f413c2	DCIM/A002/A001_C4834_004834.braw
2d862b3032d85854a73466f47a5dc6d3	DCIM/A002/A001_C4836_004836.braw
d4b1356154e10754a3d32580269e3807	DCIM/A002/A001_C4838_004838.braw
77c63092c6574dbd54863d036f12864c	DCIM/A002/A001_C4840_004840.braw
61ef6cabe689debc90d8e7ec325b6ffa	DCIM/A002/A001_C4842_004842.braw
50507d8074ead4825106f8e3ff512197	DCIM/A002/A001_C4844_004844.braw
7b27a5be862d080b5e4af22167e19004	DCIM/A002/A001_C4846_004846.braw
7ce5ed30ce2aa0474cc2764378d9e8e5	DCIM/A002/A001_C4848_004848.braw
0a81032f1bed02b36d9d3148d17452d8	DCIM/A002/A001_C4850_004850.braw
f6c2b8bddc8f956942f4afaaff7cd858	DCIM/A002/A001_C4852_004852.braw
9056cf94bb19416dc915e42c2b51d3ef	DCIM/A002/A001_C4854_004854.braw
835ac28adbd431552e66527ce5b77616	DCIM/A002/A001_C4856_004856.braw
b32079ecb5432a735bcb198a2ee7da65	DCIM/A002/A001_C4858_004858.braw
a9eb00a5ea6a7a7a5398b6c82d1781e0	DCIM/A002/A001_C4860_004860.braw
7d523166fbd5106e9c68630078ef7e3f	DCIM/A002/A001_C4862_004862.braw
09097a2ee0b438631076e2d1b176dff6	DCIM/A002/A001_C4864_004864.braw
0fd8fa58252a857fd3a13b1e313a6542	DCIM/A002/A001_C4866_004866.braw
609815931f5b7bacaf27d19546ed10f0	DCIM/A002/A001_C4868_004868.braw
d811ec4326aef1a41246dcce97523e8d	DCIM/A002/A001_C4870_004870.braw
eb30b7f87ccffd5d8c98c0535242d427	DCIM/A002/A001_C4872_004872.braw
4c1afacc66b5f1516864fe42545f5bff	DCIM/A002/A001_C4874_004874.braw
4f2dc2688fc676cce4e578d3dd3dd606	DCIM/A002/A001_C4876_004876.braw
e1d09ead6b92df985be89a1d6099fff0	DCIM/A002/A001_C4878_004878.braw
2e4ea00952b9e6996be11607987db8b8	DCIM/A002/A001_C4880_004880.braw
119f0322ce62068baf66ff17eed492c6	DCIM/A002/A001_C4882_004882.braw
b1afe73237224fa47cc40d3b379b5e6f	DCIM/A002/A001_C4884_004884.braw
68814fd23e75fb74fdfb992c4e66dbca	DCIM/A002/A001_C4886_004886.braw
75fb16eee47a51b336cd36104aed9d83	DCIM/A002/A001_C4888_004888.braw
915062342eaba364389a0b82ab6ef5c3	DCIM/A002/A001_C4890_004890.braw
8f048281e5094a650c0f6241a0339651	DCIM/A002/A001_C4892_004892.braw
89a4a9f28adf8731e83452ce2ee78771	DCIM/A002/A001_C4894_004894.braw
6162b7bdf47c491c6356c05cd78d8b72	DCIM/A002/A001_C4896_004896.braw
b4d34e896891b970c44d277ecbc19f34	DCIM/A002/A001_C4898_004898.braw
1eb19c20a4563abd535ebe2f4ed5fa3e	DCIM/A002/A001_C4900_004900.braw
0d4bade7ed493d94aa1bcac6a15ec354	DCIM/A002/A001_C4902_004902.braw
53cd6341941aa1ae911aa8eaa6bdc7a2	DCIM/A002/A001_C4904_004904.braw
5eed567b169643782733789bfddb694b	DCIM/A002/A001_C4906_004906.braw
f5e5e225b4120adfc114227f069d5754	DCIM/A002/A001_C4908_004908.braw
2a37ee7efafd9ab24e9441a66b74a41b	DCIM/A002/A001_C4910_004910.braw
2d3395be539148ff27fad02ad04f12e7	DCIM/A002/A001_C4912_004912.braw
d7835471a0df3853b1b65c9dde871d28	DCIM/A002/A001_C4914_004914.braw
46cb1b52d77a754c511cd9836449fa7a	DCIM/A002/A001_C4916_004916.braw
7bfc3e213b739ee3505c277d8bb5a1a6	DCIM/A002/A001_C4918_004918.braw
c731ac97c4aa5c3353ebadc62843591f	DCIM/A002/A001_C4920_004920.braw
0e816284c61fc933b59ce6713ece21de	DCIM/A002/A001_C4922_004922.braw
22c0be926c9f943ccc8b82fa3b8dbbd5	DCIM/A002/A001_C4924_004924.braw
1d8950bd47ad684daf9a6d7aa62a9cde	DCIM/A002/A001_C4926_004926.braw
ce897b58563b2f7920d8419ed0307b9b	DCIM/A002/A001_C4928_004928.braw
f7d49b32e5209ea0785d480d509f8184	DCIM/A002/A001_C4930_004930.braw
8bb51724a664b009089be1fd1c660fe9	DCIM/A002/A001_C4932_004932.braw
9707f2344f23fcf37a60704af45e86fb	DCIM/A002/A001_C4934_004934.braw
de33c17ba8627a046658996e1809d199	DCIM/A002/A001_C4936_004936.braw
aa86b6c554ed82153364ddf22d01a123	DCIM/A002/A001_C4938_004938.braw
bf1e49fefe1ace960764d18d95358286	DCIM/A002/A001_C4940_004940.braw
818fe0b61b7313d1ed4b092e102987f3	DCIM/A002/A001_C4942_004942.braw
83c70b1bc8a26a9bdb7ed8fc2ba6ce72	DCIM/A002/A001_C4944_004944.braw
dbe9a0ed63ff8ed921b6c79fd945b3c5	DCIM/A002/A001_C4946_004946.braw
0ea3f34bf117e5e3c9230a696264cd20	DCIM/A002/A001_C4948_004948.braw
48d6113907057ba0f9265a834eb27a6b	DCIM/A002/A001_C4950_004950.braw
28104e36ce51dba16b4a58880b3f4a53	DCIM/A002/A001_C4952_004952.braw
d7a0cdbcf055c49cfe5bdeb80d720738	DCIM/A002/A001_C4954_004954.braw
e222717c1389590fd40798689f509d4f	DCIM/A002/A001_C4956_004956.braw
5ed03724b6e77e036819f6a220960db1	DCIM/A002/A001_C4958_004958.braw
1fda7fffdd924b04142f564da5b2eee5	DCIM/A002/A001_C4960_004960.braw
1b8bfae14241209041d19367475e1f68	DCIM/A002/A001_C4962_004962.braw
0754c556d423b527f64a79f04e571141	DCIM/A002/A001_C4964_004964.braw
bbb21a94214b07e2fe091dc68860855f	DCIM/A002/A001_C4966_004966.braw
7f792e78ffaf39f7e856f845ba815d84	DCIM/A002/A001_C4968_004968.braw
654a01fe3ab30fe4dd4e7bafc64556ab	DCIM/A002/A001_C4970_004970.braw
6be3d099bd73ed821a4a7fa36232176a	DCIM/A002/A001_C4972_004972.braw
fc75e77ad6994831151e85c5af8246f3	DCIM/A002/A001_C4974_004974.braw
9450fa34d60980f1e94239a6b9f6a095	DCIM/A002/A001_C4976_004976.braw
be543268c5db83e166a20363c2d69124	DCIM/A002/A001_C4978_004978.braw
37c91699247c2cac36c45e8d1a5ad128	DCIM/A002/A001_C4980_004980.braw
68819a5354be2855dd461cc0d59eb059	DCIM/A002/A001_C4982_004982.braw
f2f6ff3e2e5efd39a40b30550cf00a51	DCIM/A002/A001_C4984_004984.braw
4e533346a7130bb346f8675adcd2a039	DCIM/A002/A001_C4986_004986.braw
d22dafb7b36fc8626a7f8ea1ca010970	DCIM/A002/A001_C4988_004988.braw
51bea87c0df7f77dd52e55559b7cd17b	DCIM/A002/A001_C4990_004990.braw
9393feeef9991b9a9500cd224d66f62f	DCIM/A002/A001_C4992_004992.braw
a101ce62bf520c857444f5ea59676653	DCIM/A002/A001_C4994_004994.braw
8939707e1ea98c275bc32d08985b90a0	DCIM/A002/A001_C4996_004996.braw
2d21e6df34e31c1273b1bcf9187c3852	DCIM/A002/A001_C4998_004998.braw
5c7401c0ec22eeeeeaf06c6480b2cd11	one-byte.bin
fde2e601df61243c859a4c87752a7b84	Photos/IMG_0001.JPG
c338d4286256c24557d269c78d8060b6	Photos/IMG_0002.JPG
1866a8a1b2c31474d3b12bc1955ef6e3	Photos/IMG_0003.JPG
e445133bb4c0e3f4796a5df2eb8e8f5a	Photos/IMG_0004.JPG
bacbdaf5aea75866ea944494685d56d3	Photos/IMG_0005.JPG
ceb3a0b2929164472489849682d36b20	Photos/IMG_0006.JPG
d7ffb433b52c03bd27489bf87be1faac	Photos/IMG_0007.JPG
d9bdd415641ed2d8ed4010b5e640a2b2	Photos/IMG_0008.JPG
465c7525618ab40c5f790d8d55465164	Photos/IMG_0009.JPG
90c8aafabebb29ad8dddcd8958913c06	Photos/IMG_0010.JPG
3f8050a8635e552da236bee10c8094ad	Photos/IMG_0011.JPG
19e9ce8bc0d6344224284de41b699cee	Photos/IMG_0012.JPG
6cbae1490ff66fee7faf594d06106458	Photos/IMG_0013.JPG
d96b08bcd885c4b885be90c16278c608	Photos/IMG_0014.JPG
f7883c470e52f8bb774f8a3e523917e0	Photos/IMG_0015.JPG
edc2c6045a621ff19217c4f71cbc5ca5	Photos/IMG_0016.JPG
630ed02bf3ed12738391463aa5df1ded	Photos/IMG_0017.JPG
eb3ded1adf62ebe06a1bc7d9af81f6a4	Photos/IMG_0018.JPG
e83e6db41f06f2ed0e4fe95450d3f87d	Photos/IMG_0019.JPG
eb12144453d2cb3fe814b068ab2e2c4e	Photos/IMG_0020.JPG
65e31b511cd6e1ef0178150b7459e6a6	Photos/IMG_0021.JPG
d5cf2d06419fad0397a25dde7344d5c5	Photos/IMG_0022.JPG
785a1eef20867a366cd0e6e427a72374	Photos/IMG_0023.JPG
ba07df12fae47b023c68cd6a40791fa3	Photos/IMG_0024.JPG
501f78490891e1b5c9e7808b1970ff6d	Photos/IMG_0025.JPG
458a1547df35e0144cf769cf08f1d60f	Photos/IMG_0026.JPG
16b8e10b15e18d4d66b4a5b0a7c0a15f	Photos/IMG_0027.JPG
fbf10bcf6b8acb48ccae56bd13e1a9da	Photos/IMG_0028.JPG
5796ad27606db912fb2c37d0e8c3f757	Photos/IMG_0029.JPG
87f6c802ee4ddde94813251dfd997394	Photos/IMG_0030.JPG
ed756b522f69912ed5aa063352d56955	Photos/IMG_0031.JPG
9d588941c336564d5142ccfe3109d4b9	Photos/IMG_0032.JPG
a6c24da6df24a09029528d2902ae8c26	Photos/IMG_0033.JPG
df69f8eafe9ad098e8424abb127b8578	Photos/IMG_0034.JPG
c2751d7897dff7a68db76cfa56b977bb	Photos/IMG_0035.JPG
305ef263bc5e0697c3bfc5bdee9aa1ce	Photos/IMG_0036.JPG
a6e752d58e0b5d5516d96c49f2fbe14c	Photos/IMG_0037.JPG
348b54d50d7aed64cd75421812714ad9	Photos/IMG_0038.JPG
882177474fe558792b4bfce7b2f9ccd8	Photos/IMG_0039.JPG
48e08f601aec59fbbf148b2ddea88cd3	Photos/IMG_0040.JPG
60a2f371a381bab6f1955e3abd472a8d	Photos/IMG_0041.JPG
0c770d44887254d6deea2c8d244c9484	Photos/IMG_0042.JPG
b4c8580b27b1cae40693b312f2063659	Photos/IMG_0043.JPG
17210fffda9e957a080ae91d137fa9d0	Photos/IMG_0044.JPG
1b20974ddb9ee382712c3ee677e0981f	Photos/IMG_0045.JPG
ae9aa2b021d2c1fa0ed519084ec96bb6	Photos/IMG_0046.JPG
8351ee7e272908ba4a72046c9ba11d67	Photos/IMG_0047.JPG
cdedb0984685e18772b6974ffd6362b8	Photos/IMG_0048.JPG
f315b29924caa64e69e2904da9cc3a49	Photos/IMG_0049.JPG
52dd989562c1e6c6eb645f12023eacb5	Photos/IMG_0050.JPG
02575ac952f38baa6605d2bf0e87497c	Photos/IMG_0051.JPG
14cc326d4279f2ceb714749b3abb607b	Photos/IMG_0052.JPG
726ffd17556d1c3e8f7097d8d464c0d8	Photos/IMG_0053.JPG
0f28f11d788a23482fd3eb32459e0939	Photos/IMG_0054.JPG
67409e95afa1dd4bf47bcea01ff369bc	Photos/IMG_0055.JPG
167e799dc969040823bc7c8ad7b53f1f	Photos/IMG_0056.JPG
072287262464a7be6c51c63b1231b5d7	Photos/IMG_0057.JPG
71f667189ed4e89ee8c8dfcf3c15cac5	Photos/IMG_0058.JPG
5d16e2b79621198494841adef7605425	Photos/IMG_0059.JPG
4602e8a87617b9cab025b8aee9a1ea1d	Photos/IMG_0060.JPG
eaf6fae6dcbf889ab2bb54e6564755f6	Photos/IMG_0061.JPG
5ff72e983be4d7ff01d648c1fbfa5b40	Photos/IMG_0062.JPG
12069192289e3cb497bd7badd512d8ee	Photos/IMG_0063.JPG
317d8cb939323894af4196bd0078714c	Photos/IMG_0064.JPG
5e81473c0cf8c1805366279e1faebbdc	Photos/IMG_0065.JPG
39133f406d03a6264caa3088e73d8518	Photos/IMG_0066.JPG
9b07296cd32e07d1ff2163fd041e12b2	Photos/IMG_0067.JPG
f7d3d86f7a7c445cc97a846422e20a6d	Photos/IMG_0068.JPG
a4b322ad15110a21197ce7fc0c029cb7	Photos/IMG_0069.JPG
086da9d020224b6121114782c19fe97e	Photos/IMG_0070.JPG
3461332a6dba649e4c82326b5471ac44	Photos/IMG_0071.JPG
26c8963abe4e265a183b5348738853ff	Photos/IMG_0072.JPG
fdd6c6144fe3bdc40127ed5b23ef20be	Photos/IMG_0073.JPG
99763379fd483aee3088dab9c5cc5edb	Photos/IMG_0074.JPG
386bc67869dd26d16cd58836842adbdd	Photos/IMG_0075.JPG
0c33344437402964a791b0176b431a0c	Photos/IMG_0076.JPG
dc681ca2a160c7a76e40a78a72c28231	Photos/IMG_0077.JPG
c42803e13bf0a53dab3afc439a8fdaa5	Photos/IMG_0078.JPG
bc66171cd69da8f59228a72d9041b0ef	Photos/IMG_0079.JPG
d08e3eefa87ec8633dec4cf9e0f09783	Photos/IMG_0080.JPG
4c86a9a241202405207d093176d6cf7b	Photos/IMG_0081.JPG
95a5631ef5bc957c65efba46d7b433fb	Photos/IMG_0082.JPG
812cc526d67de508c647150fdfb00994	Photos/IMG_0083.JPG
3a0e8ec706f85a3ad7734605a2f9f5f7	Photos/IMG_0084.JPG
4815eb69b3093e87260585fb0f922fad	Photos/IMG_0085.JPG
3cdf48556846dbdcb557ba22a48d177c	Photos/IMG_0086.JPG
1dff5b805897415b33e732d825d2ba71	Photos/IMG_0087.JPG
a5c5519aca6a64d18112108e34b252dc	Photos/IMG_0088.JPG
d2c1e62d3eed94f1dad4a1ee138ec80d	Photos/IMG_0089.JPG
4922d0a9d71cff7ac64336045a344fc8	Photos/IMG_0090.JPG
857464c50f630a78ed5f044fcd7286c9	Photos/IMG_0091.JPG
17d69a1a185f749fbb68889b22db93bc	Photos/IMG_0092.JPG
21ff2d1afe0351d48553bf4c38e38178	Photos/IMG_0093.JPG
9389e5673dad8e01879e729f778e6ef2	Photos/IMG_0094.JPG
38449ce593b7a369f7b06835f78018e9	Photos/IMG_0095.JPG
7871de742e089dcbeeebd511decc4bb1	Photos/IMG_0096.JPG
e58d93207d3b2c8750928c16a6745ff2	Photos/IMG_0097.JPG
370a487a75c29326c26010d7854ebf4f	Photos/IMG_0098.JPG
d7ba955e0ac44d79db0b401711458db1	Photos/IMG_0099.JPG
3837c8e2292f81c003cf89414d442659	Photos/IMG_0100.JPG
f371cbf5bacc3bd828645aba44d89ba3	Photos/IMG_0101.JPG
30aabf615f949c2617bfaee8d074c713	Photos/IMG_0102.JPG
a2acdefb320c54138a27212713361378	Photos/IMG_0103.JPG
da053e7e81c46839ccf2202fb19ca0d5	Photos/IMG_0104.JPG
a5aa471d4e7713c89dc414a7294ef6ec	Photos/IMG_0105.JPG
ad67d24f866ef7dd2ca726bc039e8768	Photos/IMG_0106.JPG
2190c4edac21b742b6e7903ca5956a60	Photos/IMG_0107.JPG
ab1b02dec7f39731ba400c6b59bef620	Photos/IMG_0108.JPG
dd32986deff4f73914c4c3bd6b63386a	Photos/IMG_0109.JPG
98c3d7768985b0eef1ca7577b464f0ba	Photos/IMG_0110.JPG
be2eff8a035e258627606955458cd043	Photos/IMG_0111.JPG
b249dc904b637f9e998d7feae3188ab3	Photos/IMG_0112.JPG
8f2b32f33c38de5e31986dc168b1e8b7	Photos/IMG_0113.JPG
6204ad6a0d44ba8444849e5faee8b49e	Photos/IMG_0114.JPG
e35f3015bfbac29740a89d5e07faec8c	Photos/IMG_0115.JPG
bb48065b928cfe05ba71d8273ac518a8	Photos/IMG_0116.JPG
19adf587f54346a10ad0016a728fd646	Photos/IMG_0117.JPG
bf65cf1231fd3b843fa9cf6acae6d732	Photos/IMG_0118.JPG
9b33bf950dc749e36f1bff8a3f62a502	Photos/IMG_0119.JPG
c57b85a32ce814ee883fc1ae70896eba	Photos/IMG_0120.JPG
c30e511772ea5067dab0b5e015be47d3	Photos/IMG_0121.JPG
bdaa826a497fbacdbe47edcee69f2089	Photos/IMG_0122.JPG
3476beb12457e3d6f1b528e29b3579ba	Photos/IMG_0123.JPG
0c1a243ffa04fec77e0800a96359f034	Photos/IMG_0124.JPG
12f0e94a9b6327f17015c9be487ee5d7	Photos/IMG_0125.JPG
b89d33f5fd6d11b37f73236833df663f	Photos/IMG_0126.JPG
eae68f064805a9b3e5d5b5c78378d30b	Photos/IMG_0127.JPG
297b8dfba9b5b8b20618bc1861320ff2	Photos/IMG_0128.JPG
0a5d814bc92a6b0d028685afe4656cf3	Photos/IMG_0129.JPG
55c579f6485f96c6c2981bf3ef325e27	Photos/IMG_0130.JPG
c4f6d5ae7635608efbcbb7e3e17fc5b6	Photos/IMG_0131.JPG
d9a8458ffc54e29ebcfbb36c99e2f937	Photos/IMG_0132.JPG
256cce43b64a37d3c97390775f2b8e7d	Photos/IMG_0133.JPG
e8b706097bef40265e17dd95d35e276f	Photos/IMG_0134.JPG
05d6c400e58340f658830e4f814cb644	Photos/IMG_0135.JPG
2947ef649ad60f7407c99b22bef1988d	Photos/IMG_0136.JPG
f91cb9d9b12f63d4823a0ae1c1b34db5	Photos/IMG_0137.JPG
0f96b2d521174ca4030ad3588941066e	Photos/IMG_0138.JPG
758534b65e05a3f963b3412e4f517ed8	Photos/IMG_0139.JPG
2cab81ef4c3d495a4cd6d0d5fd3e6ba3	Photos/IMG_0140.JPG
ae7e45c77871cf14617b40d8ba1b9679	Photos/IMG_0141.JPG
3e40831400058e59d47d24da40ac4ab2	Photos/IMG_0142.JPG
5ab14c8daed3239012396a9488652f4c	Photos/IMG_0143.JPG
4c2a7795efa205e59785da7e5566d36b	Photos/IMG_0144.JPG
25dc7ab39a7019dc5f78a25f3e6fd34d	Photos/IMG_0145.JPG
f486ddd35f45a6be0e311d1d44f2a488	Photos/IMG_0146.JPG
2e7369a82c3239080a93e05b68c64cd5	Photos/IMG_0147.JPG
68a5006633ebe4987f45cf02355a29fc	Photos/IMG_0148.JPG
125cb97096ede33d184f1748366aa58f	Photos/IMG_0149.JPG
13321fe4846f1fdcf0aaa770a31b7806	Photos/IMG_0150.JPG
dbc7ceb96a4040d523599a80a71c5188	Photos/IMG_0151.JPG
228d1fae1672188ca6a24160b0fc9f61	Photos/IMG_0152.JPG
7dc50551b985b0825ed190296eeb3c62	Photos/IMG_0153.JPG
7432b102c96470e15c89ecfa428804df	Photos/IMG_0154.JPG
cfe930931661e44afeb9353e88f1d531	Photos/IMG_0155.JPG
b1a431f45ef6781e00380be2bcfb4028	Photos/IMG_0156.JPG
4bf5ff18023c16e75cd3ef4346f24f93	Photos/IMG_0157.JPG
37ab71c4213e7a1f6c3dc036005a504e	Photos/IMG_0158.JPG
0b1844946d1152558020829f905e17d5	Photos/IMG_0159.JPG
82d2d219074a3de587a35d478c34f337	Photos/IMG_0160.JPG
c5f84209331fd683a25ea9b9e13dfaf4	Photos/IMG_0161.JPG
91f9b5fee2aae3b102fbd877c7596d74	Photos/IMG_0162.JPG
5a42c55b6ca91063bdd81d87e2a6990b	Photos/IMG_0163.JPG
381329f8b50ad5e31d52a98d9ba72d6d	Photos/IMG_0164.JPG
f588f52cf94462beb3f26770317f9811	Photos/IMG_0165.JPG
7a70be147859fdc0ac491430f2a96270	Photos/IMG_0166.JPG
8f4eee42e5fb3e61fc44ad0fe7b0c4c3	Photos/IMG_0167.JPG
7abe3609d79194fc19958c9c060a8672	Photos/IMG_0168.JPG
f76a23812aae542621b3bcf5f2f6eaf5	Photos/IMG_0169.JPG
fe6604f6d38562af95cc3982c1778d89	Photos/IMG_0170.JPG
f27b5a0d42ea239a95457031608bc7a8	Photos/IMG_0171.JPG
24c131110b888595a88b6362aeffb63e	Photos/IMG_0172.JPG
28cb10c62a7890fd63b7b237c0eab481	Photos/IMG_0173.JPG
86cff549aa2567c2a4bd5d5d47c86590	Photos/IMG_0174.JPG
d3dd08895679cc293e97823d88844748	Photos/IMG_0175.JPG
a0d97220a236c7db5d22fe53cff7c659	Photos/IMG_0176.JPG
500faec7e95fc2157295473567685a23	Photos/IMG_0177.JPG
a1c74bb36166e7efe25b4502d6ef268f	Photos/IMG_0178.JPG
f23402136130895a473304cf71083a1c	Photos/IMG_0179.JPG
0ffa5b41e4cf4e578d8f272b7d83a186	Photos/IMG_0180.JPG
67853e0c5b4f6bca8fb75c6463b20b2f	Photos/IMG_0181.JPG
8c9100af593c9c4d508d75565a41db1c	Photos/IMG_0182.JPG
98da5f2b72a8e7f163c8ba623e57a27b	Photos/IMG_0183.JPG
91b8b6e39eb0a51917bbd517c2f7dff2	Photos/IMG_0184.JPG
1d20fb92896511f25590e418f2186618	Photos/IMG_0185.JPG
12e20b5b1e499554a4523ef894cedffc	Photos/IMG_0186.JPG
d6ee1379ae2bc279c0cb54fb0129647d	Photos/IMG_0187.JPG
ee8ed95485461184724da3cbb5f44182	Photos/IMG_0188.JPG
4f7370ce85ccb616f1d62f9def5a732c	Photos/IMG_0189.JPG
bb8173a7bfb304fdb213ba58253fdfad	Photos/IMG_0190.JPG
4c96d66d6d844c809046a1ca6889d964	Photos/IMG_0191.JPG
e05a1bcd252d33258ed2647847f7c565	Photos/IMG_0192.JPG
c5074f20494cc99fcec72f45a8bd84b2	Photos/IMG_0193.JPG
bc4474b8cf5af181f1b0d496cde6a2ca	Photos/IMG_0194.JPG
8028fa1908856afc81add8cb7d685189	Photos/IMG_0195.JPG
037298119b452ad8624d452742a4b95f	Photos/IMG_0196.JPG
92bf5570f1a309c0d326d64c0f8594a7	Photos/IMG_0197.JPG
879c61592b8e0132236b374a46fa3e23	Photos/IMG_0198.JPG
f94c62f6048f02d73d5db366227eed0c	Photos/IMG_0199.JPG
f981e063a60fd177d8b78bc0a9cd1772	Photos/IMG_0200.JPG
283a744454b96f8c097856380c241b6d	Photos/IMG_0201.JPG
822cb0d59cda2646a2ae3384d34f8394	Photos/IMG_0202.JPG
05686196818611ed3773de28153da8bc	Photos/IMG_0203.JPG
0a8d75a35b5c9ae393e2ac198c5a29de	Photos/IMG_0204.JPG
d51fcbd46d54d51355c93b5c54b43fde	Photos/IMG_0205.JPG
51f9ef9b96a2b4bf1b6ed8cfc8ede1f3	Photos/IMG_0206.JPG
7b5026463518d7672d04bd4918775914	Photos/IMG_0207.JPG
c9a65789a3ec844fdcdfbbd20bdf1a6f	Photos/IMG_0208.JPG
6ec99563289a115f813694c0a3d6afe9	Photos/IMG_0209.JPG
e1ccd035bada42596547ddf84af34835	Photos/IMG_0210.JPG
49acc1c35963ac8b5cd890cb9fc6aab1	Photos/IMG_0211.JPG
2b1a0127841bd8c7279f65bec909ecc6	Photos/IMG_0212.JPG
b26686ffb8f49ad57f605f078b442466	Photos/IMG_0213.JPG
6a922005a889a042cb94a0b7dba99238	Photos/IMG_0214.JPG
4552792135e1eb19226ec18f3ebf8fb2	Photos/IMG_0215.JPG
414bde5028610fa42532c86227a91490	Photos/IMG_0216.JPG
78d12c7db4b6e0122b07d6d4162d221d	Photos/IMG_0217.JPG
90e7d877bd3b7c236c35a97b43976687	Photos/IMG_0218.JPG
1a1c95254f328be713d3e62346409734	Photos/IMG_0219.JPG
95239236068815de0b9544b4e72ed6c6	Photos/IMG_0220.JPG
fa0bf9aa45abe37ebff5a0cd49879c2a	Photos/IMG_0221.JPG
bd65d14bca3a1e2bf7b52a7eaf31e30e	Photos/IMG_0222.JPG
0468310fc9d4d51202387f168ca19c66	Photos/IMG_0223.JPG
1f5d696b5645d6e4a03f20598dc25bc9	Photos/IMG_0224.JPG
4c984bb121b5b6237264819d387ea442	Photos/IMG_0225.JPG
dbcc5fcee9705ba9ca54ab11d3e8670b	Photos/IMG_0226.JPG
774b313c111823e9353aa8aafb2b21c4	Photos/IMG_0227.JPG
0d8d90d4abedba4f530ec6ead606d509	Photos/IMG_0228.JPG
9a1118d13382b7d2e6e1ced6da0642bd	Photos/IMG_0229.JPG
89d066dda9735ca8f70b35daede4711c	Photos/IMG_0230.JPG
0e3033c4ea45bbe23647ce4430ddd8e4	Photos/IMG_0231.JPG
704db4e1cbb24b6fae6b489b4c67a64b	Photos/IMG_0232.JPG
56235cc4837e5741cff9d2008a55cb24	Photos/IMG_0233.JPG
28d80dce188e785dfedcc3adc6040432	Photos/IMG_0234.JPG
b8e80377a906b5b148f22d229017717e	Photos/IMG_0235.JPG
85f5288b4fb6b6f08a85ef827a5c35b6	Photos/IMG_0236.JPG
b8559134cd957bf500b7ec2edc9808ce	Photos/IMG_0237.JPG
26fccc52d64d68b56e23106321b09c8a	Photos/IMG_0238.JPG
60d95be0d5492b7fcd17cfb93978fe18	Photos/IMG_0239.JPG
f9ee63a592092286806d603c10114325	Photos/IMG_0240.JPG
e20164c3a53d91474a4e405cfab33532	Photos/IMG_0241.JPG
ab864d3f10e9ccad9bde75fba2074828	Photos/IMG_0242.JPG
12770bb20814ac03481434be83826813	Photos/IMG_0243.JPG
4d62121d16e864f4b90e4b2f034c8316	Photos/IMG_0244.JPG
beb28a0ec7c1eb3aa1ad274e047919ea	Photos/IMG_0245.JPG
0c54d86419ee2eaae1622fcc7cf348b5	Photos/IMG_0246.JPG
d08afdc1561344dff04e50f213762ac1	Photos/IMG_0247.JPG
4b3c7418319333034d4cee5ee5e1ae6f	Photos/IMG_0248.JPG
1ea449483d0442348dd269d8e7d52060	Photos/IMG_0249.JPG
a65c5df445624e0c135adb82d0693803	Photos/IMG_0250.JPG
d847a194bb10da412bcfb1c957856d31	Photos/IMG_0251.JPG
7e2a40d7fe6b8b47888b02d9a5243d40	Photos/IMG_0252.JPG
17f751191c7a34e98047016464e33df1	Photos/IMG_0253.JPG
b1ca3de69dc57de09d6abc9a5e01cf89	Photos/IMG_0254.JPG
8a7ee233e50deb8cb47786249a94c6cf	Photos/IMG_0255.JPG
fdc1cb3fa27a092a6f6fe0547380653e	Photos/IMG_0256.JPG
be3b5c2907613058f90bde856f1f4f77	Photos/IMG_0257.JPG
33db8fffe5731940a24b3a3801b0e4aa	Photos/IMG_0258.JPG
2f11417755a3720f375fd736b109079e	Photos/IMG_0259.JPG
04aab567e37189ec0dc0c8db57b71b3e	Photos/IMG_0260.JPG
e4b9ae38e0eca4a7110a6749093caac2	Photos/IMG_0261.JPG
e68fa4973342ca7271253032a012e5e5	Photos/IMG_0262.JPG
24827e4205b6b11d4e24b929019d5c9c	Photos/IMG_0263.JPG
14f85a3ac9c41bb439b0d5ff8a64a0dd	Photos/IMG_0264.JPG
90500081a63b5720484898f4af9b6479	Photos/IMG_0265.JPG
d288e8e5cd8f9b89433f3e665b6c0691	Photos/IMG_0266.JPG
5ffd5b6def92ad31e34176eb3a3cca98	Photos/IMG_0267.JPG
9e78b30476a4fadf58af9dd19420ebae	Photos/IMG_0268.JPG
92f61c216420015d8a1da868a3972397	Photos/IMG_0269.JPG
10637e9cd37c58c1636950f46455dff3	Photos/IMG_0270.JPG
cd273384cbf8a5cfb3d45c933eb7eb60	Photos/IMG_0271.JPG
0c46f89bc8e28daa4089697a9fcf6f08	Photos/IMG_0272.JPG
342e53ae61bed8b71f49da5489d6ebe2	Photos/IMG_0273.JPG
33b31a3976976e206779201c77c8219d	Photos/IMG_0274.JPG
4d45eceb9f7f32262742d0b5d97cb804	Photos/IMG_0275.JPG
36c7ebb67004acc8484ae29877348f82	Photos/IMG_0276.JPG
d1cd72b613aff4d2fb712530b8975fca	Photos/IMG_0277.JPG
0dfe65c983d789fdad31ad3eae7daf25	Photos/IMG_0278.JPG
15a3b553ca1165e70d24e59af8057de5	Photos/IMG_0279.JPG
0dd6320738f4b6daba779523cdc1d4a4	Photos/IMG_0280.JPG
0e0e2a5674edb05721c1d12ef09c26dc	Photos/IMG_0281.JPG
85e4d07b93669282add80d829cc29f5e	Photos/IMG_0282.JPG
b6c957d420da4201113ab83c114bf2b8	Photos/IMG_0283.JPG
a6bfb20f920f171775bdfc32c07f409f	Photos/IMG_0284.JPG
70de12d4b05f67e2c1e71a24c1d37b01	Photos/IMG_0285.JPG
ba8cfb91db1cbfa61da21847928cda32	Photos/IMG_0286.JPG
ec29fda8453f06f8065996bcb505b65a	Photos/IMG_0287.JPG
5693357b7ca0ef332a86609ec5f78119	Photos/IMG_0288.JPG
37059adb20948b4e734845cb24bb77e9	Photos/IMG_0289.JPG
1894ebc4185a2fcaf70911b5797faa34	Photos/IMG_0290.JPG
8dc18bf6096c089eeea5c8a54d0e81b8	Photos/IMG_0291.JPG
43ffcd191e23c5df59d87eef820f8b57	Photos/IMG_0292.JPG
354bb8a7a345ae91aa755f4dfa8bda43	Photos/IMG_0293.JPG
4a59139f0dabee3bb39ee4a58019c9cb	Photos/IMG_0294.JPG
0676dbfb1957d166bf88b27377c27ec6	Photos/IMG_0295.JPG
4aa53effaa7cd45cc9b65b0ca99604bf	Photos/IMG_0296.JPG
f34467b25284bbf037b2f756de1f6e82	Photos/IMG_0297.JPG
efbedbe858b667352ee34375a7aeb5ba	Photos/IMG_0298.JPG
1bc502e707764a779d3dcfd59163a362	Photos/IMG_0299.JPG
1ef8fec372105f434860131519292b88	Photos/IMG_0300.JPG
08b786c9aeeda47d641e3b78ff43f01e	Photos/IMG_0301.JPG
baaec880d7272ea241d7ce4411b4ecd4	Photos/IMG_0302.JPG
66cd04498bd9da799b45562d1b0092f3	Photos/IMG_0303.JPG
aada25fcf7794f9e80f9000c96a46f2c	Photos/IMG_0304.JPG
3da6bc88ffa7c7185c42bcf467054a7b	Photos/IMG_0305.JPG
1a6163b088b477eff3d46ed153a2d281	Photos/IMG_0306.JPG
11dbf5004b777213566c6196b4a2de74	Photos/IMG_0307.JPG
0ec503d0e690052d6ddaa6747d501c7b	Photos/IMG_0308.JPG
4c1dad42871531f01c0dce9af925936b	Photos/IMG_0309.JPG
fce65e7a33b16004d73413bd752a5898	Photos/IMG_0310.JPG
86d5c76eeec0f425542ab46e7ddbd1ce	Photos/IMG_0311.JPG
f04c665865207fdb56ac7310876bf575	Photos/IMG_0312.JPG
feb573104c1437ac9775e746be5e0abb	Photos/IMG_0313.JPG
82eec30c0e8ea4b6f37b204acd7baf01	Photos/IMG_0314.JPG
e3cdef7a4f541059dc8c8cb4b24a27cb	Photos/IMG_0315.JPG
d83c53251551a283492c7c9adcc93423	Photos/IMG_0316.JPG
a653d44e586d2dd9dbe11067c098295b	Photos/IMG_0317.JPG
d4ce75436beb32ba533c278f6c99410f	Photos/IMG_0318.JPG
07eb7ae4faa8ff4b6cb1303ee4a3d97e	Photos/IMG_0319.JPG
128acbb62bca688bc6accbc5debcfbaa	Photos/IMG_0320.JPG
e977132adb856bee0a899d176daeeeac	Photos/IMG_0321.JPG
1bdf9851850dc947ec182225bb1cc4e8	Photos/IMG_0322.JPG
c45edf51175dda8f995525ff10f16bed	Photos/IMG_0323.JPG
959f65ecba407a88e442dab23d6a4657	Photos/IMG_0324.JPG
46d9d4e1821be34d927eee9ad130a148	Photos/IMG_0325.JPG
e588d42230955d601d2390456a618ad8	Photos/IMG_0326.JPG
8923cf261bd39822c3b086c199177784	Photos/IMG_0327.JPG
79a61d75b152a21c191c37d25e93321d	Photos/IMG_0328.JPG
56d053086b29a3d320dca727a9365a59	Photos/IMG_0329.JPG
392c7836ce32b711412a8d65279aa077	Photos/IMG_0330.JPG
4eaba5a62c2878d7cb4f04c0d96cf2bc	Photos/IMG_0331.JPG
e9839a03ba3c3b358708164b65c6f549	Photos/IMG_0332.JPG
2accab97f44f696119b239e22e6ac5e1	Photos/IMG_0333.JPG
f3c48cf14ae3ea89ca608cfae6a825e0	Photos/IMG_0334.JPG
a925d771d6afba43c610173876f0fc67	Photos/IMG_0335.JPG
b76a86fbd6c23d2ad6825cf09115b6bb	Photos/IMG_0336.JPG
8cef420554cb47070e5feb5ff67bfce2	Photos/IMG_0337.JPG
af7233eafb3c99200eaf26389965ba5f	Photos/IMG_0338.JPG
b39d753c549423488f538108256a760a	Photos/IMG_0339.JPG
a1521230e76c75e36322404fb2d43fbe	Photos/IMG_0340.JPG
028269e9ec7f4f5316257340de7f569c	Photos/IMG_0341.JPG
b3261498992e8197c5c4b03c534ef66e	Photos/IMG_0342.JPG
131fc5fc3094fb653e8a8b36c1e57474	Photos/IMG_0343.JPG
439ca91b84394fa371ad065ed1617c3b	Photos/IMG_0344.JPG
a264bf8316f191b9f9b326f3b2f9fb60	Photos/IMG_0345.JPG
d93c2385f1ed8fb5968409510ae61670	Photos/IMG_0346.JPG
b42ee750c61d853503b2f4f467d7322a	Photos/IMG_0347.JPG
3011cbe39f615fa8ce96e5060719778c	Photos/IMG_0348.JPG
9cf75490739cab8712ba30fd8a88a149	Photos/IMG_0349.JPG
f95123f92c573d789f9a0ed38d5b66dd	Photos/IMG_0350.JPG
832f1084dce47e721ce19632031c2a14	Photos/IMG_0351.JPG
1ebe38d88970ecf09399d1b038cb3f57	Photos/IMG_0352.JPG
98a164a55d81890fd89bb01b86be7a6d	Photos/IMG_0353.JPG
9ee4b1cf7b2774c39af1dab8884a4a75	Photos/IMG_0354.JPG
a8039cdd319db49761a7329d1fab7e3e	Photos/IMG_0355.JPG
b5e6e47e91224ffd877faf8d165eb7fb	Photos/IMG_0356.JPG
7b63db04cad71404c17b527896833ec6	Photos/IMG_0357.JPG
02236a352858671bdbc5037b65a4db35	Photos/IMG_0358.JPG
ef277cd8141830ab1dcdd6ec5cee6d82	Photos/IMG_0359.JPG
2676dbe2fb6253032b59e5d9e772b535	Photos/IMG_0360.JPG
e2394182c771e41002bcf949c1d88ec4	Photos/IMG_0361.JPG
f96abc7aad78eba0d2c60536dd7e3b58	Photos/IMG_0362.JPG
2c19ba5b43c0abf459609ef9d689cef4	Photos/IMG_0363.JPG
3978a070d4ef52508f7e5772ec848306	Photos/IMG_0364.JPG
8810d5573763c585702427116aa8625f	Photos/IMG_0365.JPG
947b11f0f40c5ae80e7a3b4b1af219f2	Photos/IMG_0366.JPG
b9b1319dff11bf2e9ab1d2f8d0765dfc	Photos/IMG_0367.JPG
e8df66c4d08c620ec782b041f14f939a	Photos/IMG_0368.JPG
be57d3ddc35cfd31e071bffa7f55d605	Photos/IMG_0369.JPG
a643bdf56b39139c9f2853b3441fadc0	Photos/IMG_0370.JPG
aec8260d1d9e578fac25b442ed204dbc	Photos/IMG_0371.JPG
451cfb5c34a8c91a0517e7335b39cf2c	Photos/IMG_0372.JPG
9da88a8f803783ccd3021df97e3654e4	Photos/IMG_0373.JPG
2334305dc95ede90d81a43b7cf643104	Photos/IMG_0374.JPG
e18e7bd10934c865bd56bd3764359c27	Photos/IMG_0375.JPG
6011de19c337c16568bceb00a68c87e1	Photos/IMG_0376.JPG
2889034e013a86d47c3e63a1d20b6ffa	Photos/IMG_0377.JPG
a6fbbf1ea6d7c66932692a0150bfe58a	Photos/IMG_0378.JPG
2329038172b82179c550c52e8496c715	Photos/IMG_0379.JPG
12aabda553445e087c5bfc3ebb9b1d8d	Photos/IMG_0380.JPG
56fa873457bd5dcf0755dbea163c4a3b	Photos/IMG_0381.JPG
544c18455e7c22d3531501c3a54e3ccf	Photos/IMG_0382.JPG
fa4ae450a7f1f553ea8378b768eb0c33	Photos/IMG_0383.JPG
e4057f1774cdca4fe42eb702a6415fe9	Photos/IMG_0384.JPG
5536bb606f363456dfba3805a79e04a4	Photos/IMG_0385.JPG
d94588859277a38b49729d8b1c102940	Photos/IMG_0386.JPG
fddc0abf8c37febb97a6a08af0004c3f	Photos/IMG_0387.JPG
e6088c1d4c2f96d4900c4d94281204c6	Photos/IMG_0388.JPG
b161890ac780c0bbba1688c17862324c	Photos/IMG_0389.JPG
292519ccf300280eb8f12221caa71756	Photos/IMG_0390.JPG
ea62c9f2585b438428bb0cff42427e26	Photos/IMG_0391.JPG
cb4f743278b76fbf3d546471750baccc	Photos/IMG_0392.JPG
6086ddc9556b1a6c0ca8c26f22695993	Photos/IMG_0393.JPG
c58a8f46e02ddfe3ac0abddbdd8c46ad	Photos/IMG_0394.JPG
398bf93ddc8508bf9d91376df123e651	Photos/IMG_0395.JPG
f5a58976a21e5eaa8dd3e4a6def94e70	Photos/IMG_0396.JPG
8936a2a423f0b4e93c87086be83addee	Photos/IMG_0397.JPG
aac30aa36a4816621513a2c8ca0a8fbf	Photos/IMG_0398.JPG
0777aa11969224ca383b4aa89aea0525	Photos/IMG_0399.JPG
20f9b8fbca65f2064d34af48aeea2caa	Photos/IMG_0400.JPG
11d9869a135ce4069778a4c61db6849b	Photos/IMG_0401.JPG
7157ae05367606f35bc4579b3f5325c1	Photos/IMG_0402.JPG
e8f0e740c9a7d1984ff3371ee8a26679	Photos/IMG_0403.JPG
3761ccd933beb8abaae2f8eb058ab64b	Photos/IMG_0404.JPG
339db34a7c36e0eefe0592d6e069dc56	Photos/IMG_0405.JPG
c1c7735527fe5ce799de16f662015c83	Photos/IMG_0406.JPG
76a12cbba2ea394d2e5a20b327f49179	Photos/IMG_0407.JPG
7e867e12cdcf33318074af1c4e8a1bb7	Photos/IMG_0408.JPG
abf2b670fee321c3841aab77288469ab	Photos/IMG_0409.JPG
1011e168456dcf371ac008589d5fcba0	Photos/IMG_0410.JPG
37d7a5205b7ac2aa9d3cecfd30d41d77	Photos/IMG_0411.JPG
541a8200c2f258f4edc48a44da0559c4	Photos/IMG_0412.JPG
e375ae78ccd3e533c771908e702e7a5a	Photos/IMG_0413.JPG
2b21a4820881272f30b09a5b25c4a492	Photos/IMG_0414.JPG
f8badbd26a5639dd04d719a72d290fef	Photos/IMG_0415.JPG
c0ad2d06d1ffcc8f4062a6fa456e0fca	Photos/IMG_0416.JPG
77e40e365e2211d26b46dad64e213b55	Photos/IMG_0417.JPG
309c3c4e420997ab6a5d1a2bfad39b6e	Photos/IMG_0418.JPG
7e2d8d478074e5a4b985089ef7458842	Photos/IMG_0419.JPG
76859e2f17359dea92167ff9483ba201	Photos/IMG_0420.JPG
36bf18be112c5838f07398af5b91ce87	Photos/IMG_0421.JPG
b43c0f1e473ebb6db82ce075edda0c8d	Photos/IMG_0422.JPG
485d4d4e34673523f5981c1ea37cccc2	Photos/IMG_0423.JPG
b35b861d01efaaf400954b5adf8d41f2	Photos/IMG_0424.JPG
7e50847b7d3bbea0922781a44101b4aa	Photos/IMG_0425.JPG
6dbc0e4e3d733deb84f30d1e19bdc709	Photos/IMG_0426.JPG
0f1ab6f84604e9170246b569c5eaa2b3	Photos/IMG_0427.JPG
5f76b796234dcce356786b928816bd87	Photos/IMG_0428.JPG
53c4bb1137f631e1bb9ebd5e06af8026	Photos/IMG_0429.JPG
9554d20a58f7afb220dabccd34bc1762	Photos/IMG_0430.JPG
c7f4f77776ca46ac39fa15dcc33a2e38	Photos/IMG_0431.JPG
1aa6a863c21f44056dba5d86a52d95cc	Photos/IMG_0432.JPG
a7f2598a45a40304e8286916fc1f50f7	Photos/IMG_0433.JPG
a3b242c6265b4b28378aaaedd37b1b2b	Photos/IMG_0434.JPG
979d7608d9c6ff6874bd61d10072f3b5	Photos/IMG_0435.JPG
55892dff68785aa9af00b908dee5f665	Photos/IMG_0436.JPG
f268366a958f6376a5a938b0cec44617	Photos/IMG_0437.JPG
34f931088aebae3d5d10f051464c7a1d	Photos/IMG_0438.JPG
4e1bf1069a1454e31b56771b5514f396	Photos/IMG_0439.JPG
034da81e9aa0a90b79ed907b9c64ec6a	Photos/IMG_0440.JPG
56b08270af62c89a6ce8cdf0947a474e	Photos/IMG_0441.JPG
fa2658cdc8b9e5d47ef4eb863af1c1e0	Photos/IMG_0442.JPG
b5dda69672ad9accf332961dbc0afecb	Photos/IMG_0443.JPG
5f74b40f74825697822a143040af1ce3	Photos/IMG_0444.JPG
c21a942937baa0a1abe35243d03b2265	Photos/IMG_0445.JPG
0d964c2ae50b35d329fc6dc5342daeea	Photos/IMG_0446.JPG
201a55932726f27d35acaaf648cdcfb5	Photos/IMG_0447.JPG
0d49a1f40b7a9fd94d3a211ec1386b24	Photos/IMG_0448.JPG
f69ce55ff307ecd5a72bb0d8cc4ba553	Photos/IMG_0449.JPG
63ff6767ff437911ef3af154a65d88ec	Photos/IMG_0450.JPG
898d1e19d6da3dad1928d0255c5497af	Photos/IMG_0451.JPG
1aecd59c8d31b5dd6a5602d194f8cb62	Photos/IMG_0452.JPG
22155181bb8ed4987dd6b0725fb23ea0	Photos/IMG_0453.JPG
55e3feedfd1ed7b6ba78f47a9d35be2d	Photos/IMG_0454.JPG
ecfb8a20a883527ee8a1df9a7cd47e33	Photos/IMG_0455.JPG
4d998f9676097a0883024e9232dfb49d	Photos/IMG_0456.JPG
816980598620f1f82816511ecfa17e53	Photos/IMG_0457.JPG
57c7e4f20238f12c6e5a6ee1de06d25f	Photos/IMG_0458.JPG
4cd85e01b617cd0e8c725b9234293d51	Photos/IMG_0459.JPG
67ad8982dd159fb5877999c210804950	Photos/IMG_0460.JPG
3e38760388de67e60adaea846d04310f	Photos/IMG_0461.JPG
bd7b23dbf866bc915b3c80b66a7cd95f	Photos/IMG_0462.JPG
4e66c3aa96a73fcb74cec18a7e58a406	Photos/IMG_0463.JPG
d7748f7cb315667c328ba532b66ae47a	Photos/IMG_0464.JPG
8489d97b16de861baf899dcd38ac17b3	Photos/IMG_0465.JPG
ebdb2637c4d0ea9692e4f2f776576571	Photos/IMG_0466.JPG
721dec093be6eca7071ff2a7c87ae9ac	Photos/IMG_0467.JPG
42bc5ad7177215e1b07d4239e398c5c0	Photos/IMG_0468.JPG
6c23e88c0865d41f883430613712dabb	Photos/IMG_0469.JPG
f06e2ea663b66d019d41187269017e4a	Photos/IMG_0470.JPG
a166a4af31cceee429b691b2a0043e74	Photos/IMG_0471.JPG
2295992cd44391a776a8c7c8ccd56702	Photos/IMG_0472.JPG
868765dc5aa1def369b672615d80d5f9	Photos/IMG_0473.JPG
6beb401f36693dc095e0ce72e1939ee2	Photos/IMG_0474.JPG
6a58e15aaae82d8d2866dc3935e413e3	Photos/IMG_0475.JPG
2ed525f711821dcf885edf1313a3250a	Photos/IMG_0476.JPG
4ea684578f7404dfda7842fdf7dc2b80	Photos/IMG_0477.JPG
d351a4fedb55a9ba111888d7a78bd963	Photos/IMG_0478.JPG
fca747a5181c2c60b57efe36fc75b9bc	Photos/IMG_0479.JPG
cad7b02f1bc25c1cd6d7a10d25a3dc45	Photos/IMG_0480.JPG
27449153338d034ea3ec5b625003d227	Photos/IMG_0481.JPG
6e1939916ede99e0d3f73692ca0ad74e	Photos/IMG_0482.JPG
2e75480b82b8e63b6c4cb867741ae18e	Photos/IMG_0483.JPG
b0c40e85c66cb336533d06adbc329fb5	Photos/IMG_0484.JPG
11ad6897267547aef5175f2404c38f9d	Photos/IMG_0485.JPG
79bc8d6de22225679ee0a749d7725c6c	Photos/IMG_0486.JPG
6917855d0b5e5a202cc137063062b345	Photos/IMG_0487.JPG
2c2598a885266c0e97a00c9b29e0d874	Photos/IMG_0488.JPG
4dd10df65a1e0c15518a2b4ecdc4e503	Photos/IMG_0489.JPG
c463a55d43a16ff5b14174983e2b6ed6	Photos/IMG_0490.JPG
3d38ce17e2bb06a144dccc18da22aa7d	Photos/IMG_0491.JPG
e4cef274fc24ba9cd564d65a9529b756	Photos/IMG_0492.JPG
8489d3f55efd9675c3727f3213cd8140	Photos/IMG_0493.JPG
e5f427e8d53358d8cb4998e1ada28688	Photos/IMG_0494.JPG
b774ff9b113c3a36e5946d0fb29a6cf0	Photos/IMG_0495.JPG
6d26fbd8ba8482351dabb2dbcc5a1ade	Photos/IMG_0496.JPG
2feb57ce2bd593bb76db8516f820cc22	Photos/IMG_0497.JPG
1165ef8beacf43cbdb71d01fc792e482	Photos/IMG_0498.JPG
c5268582b740e4e49b5ba4e9be99488c	Photos/IMG_0499.JPG
a4f32556b7abdd663c753d7f4e38c0f5	Photos/IMG_0500.JPG
fa99da44bb227b67d30488dbe0721c1e	Photos/IMG_0501.JPG
76a61c443a3ed70681ea8a49f08ebdf1	Photos/IMG_0502.JPG
139dfb7b1cdd4b597cecbc9b17ae8854	Photos/IMG_0503.JPG
950859ffc2bea6b5974d2d28a124b6de	Photos/IMG_0504.JPG
7b5a14dc8cfb0aa7cee89bb1b070819e	Photos/IMG_0505.JPG
a2abaafd0d0604dbef8bbc5310738d50	Photos/IMG_0506.JPG
82b2311ab715b07960d351bef74f14a6	Photos/IMG_0507.JPG
3499837db9b6ec6d29241180e9d701fa	Photos/IMG_0508.JPG
c808e08332d22eb1395757f4d336ae68	Photos/IMG_0509.JPG
85e0d997e3ae65ead9ce505cda023fb0	Photos/IMG_0510.JPG
da50d36b7c56d9db22e8c8c4bc616bed	Photos/IMG_0511.JPG
a2908cad4896cbccff60dffe13fdc675	Photos/IMG_0512.JPG
286017ab3e17625cd1a1a28fd8a5b517	Photos/IMG_0513.JPG
6821a8677b06ee9562a6f6f74cffd032	Photos/IMG_0514.JPG
6235d10de60789469cb7f33f9d6de01a	Photos/IMG_0515.JPG
b61fc6149f2d078af450ad6a38f40b43	Photos/IMG_0516.JPG
379f26b990e802802a7df8d78c5d99b0	Photos/IMG_0517.JPG
59be77a7ae6319a1d88857b41e262a38	Photos/IMG_0518.JPG
569df8ec33a9c2c77fa88cb830defff0	Photos/IMG_0519.JPG
e76abb0186017231ef0352291766ddcd	Photos/IMG_0520.JPG
8742789b1919c87a955fbb50c9754c08	Photos/IMG_0521.JPG
6711395025e00aee82d271bfa6f13e15	Photos/IMG_0522.JPG
cdac846173a6b5ba9a689a6f6e3a097e	Photos/IMG_0523.JPG
d4698ce2e6602d548880750d278ac66f	Photos/IMG_0524.JPG
bbfe7c58ae6eca3caa820cb6c1b0fcbc	Photos/IMG_0525.JPG
1e85477084e5e27bcb3e2d18b74ba1c8	Photos/IMG_0526.JPG
26986fce7cf346d0232b07ddef9e7adf	Photos/IMG_0527.JPG
3c92ad6bdffa6d469fd66f444b19a961	Photos/IMG_0528.JPG
8ad25105a93e7db11a4ee39b61a1e3ca	Photos/IMG_0529.JPG
563a3f540dc2eaeaa3d58513cecaa108	Photos/IMG_0530.JPG
d126df2b629c9b4aa84522be237b65c9	Photos/IMG_0531.JPG
cb18b12a7d2a522d70ad11facc49203b	Photos/IMG_0532.JPG
7ad2f05e303d9a26d1570948664b731c	Photos/IMG_0533.JPG
de438e8a8b4b7948e8027ca42ae24e7a	Photos/IMG_0534.JPG
f2ae0b06e9fc68a57f41f91913c858da	Photos/IMG_0535.JPG
33db8eecc5521f541adc689f03b5e333	Photos/IMG_0536.JPG
fac741edddc29286e7dc55686faadd48	Photos/IMG_0537.JPG
4246d8c70b2a8c3499645ad95beeae09	Photos/IMG_0538.JPG
2180c5b13a395e5fef0802570b6283b1	Photos/IMG_0539.JPG
7d55e2050550a1287bc393eb437e05fa	Photos/IMG_0540.JPG
50a653cc989efbcda93590dc826ea48b	Photos/IMG_0541.JPG
c1e685e456f9f9543b33059e88466e71	Photos/IMG_0542.JPG
8a4e7f2dde3992d6fd0a68e791dd0a0c	Photos/IMG_0543.JPG
8597eb1fcde3e3d2caa69b1baa9e4909	Photos/IMG_0544.JPG
35cb41a69b668b446375c98c2191238f	Photos/IMG_0545.JPG
dcbb993f2ad4c5dd8c5595b96886e688	Photos/IMG_0546.JPG
bf13719532e1e80a36af608155d6f612	Photos/IMG_0547.JPG
27e516e983cb62ea5f75910246c0bea4	Photos/IMG_0548.JPG
970f17b257e9f53baf337c8562c95afc	Photos/IMG_0549.JPG
c71879a7ddb755ccc15eab6a2c7fc6fd	Photos/IMG_0550.JPG
d9ca511b188c567d067317a69a6533de	Photos/IMG_0551.JPG
d4dd127635e438c6081ff52678fd9374	Photos/IMG_0552.JPG
3efca3f17065718ba12bd49d0284b24c	Photos/IMG_0553.JPG
ef44da04bf87a6a4cd1321ff1017ddf1	Photos/IMG_0554.JPG
95703e7cde565c4b7ca45080c98bf950	Photos/IMG_0555.JPG
23d0ac381008a6a5dda1105019e02568	Photos/IMG_0556.JPG
9519c1222d2de1e822549a9624382587	Photos/IMG_0557.JPG
0d5f9edca2077f5dc29239127e9fa973	Photos/IMG_0558.JPG
4c8c3861fe15ba8208275e8e6e08f50b	Photos/IMG_0559.JPG
8206a17d80f4dec69076ae09b2ac382e	Photos/IMG_0560.JPG
417d915574606272bdca63d4d34622d2	Photos/IMG_0561.JPG
897cdd0bdc300838b29867509149f038	Photos/IMG_0562.JPG
898315c41f229474e5b414bc02928b34	Photos/IMG_0563.JPG
79233121ea84d5c182695efb439ed585	Photos/IMG_0564.JPG
b9489c4a68e92b91adc3676a38f07539	Photos/IMG_0565.JPG
5da9ccdc1a8dd01d9c2213c812e78095	Photos/IMG_0566.JPG
3ec8ea9a2893ef92178b89a7efaa1ad6	Photos/IMG_0567.JPG
8bcfff7ba7f029f5ac8e5a4e9803e260	Photos/IMG_0568.JPG
a494c6cc1dae6753d3b485e68b96e206	Photos/IMG_0569.JPG
3dd1741722046deb6ab235d85f110a2f	Photos/IMG_0570.JPG
39a0ffd01d807933a2697a9f3b1c09f0	Photos/IMG_0571.JPG
4a195effb662aacb52def6eebd28cf7d	Photos/IMG_0572.JPG
6fb5b82318debb712db53cbdcfb08a14	Photos/IMG_0573.JPG
6df1188bedaabc53fbf669865673fc71	Photos/IMG_0574.JPG
823fcdfba2070bc363d596f0e5d7500f	Photos/IMG_0575.JPG
d9558ba44c72f76f2807e9245b8b1e47	Photos/IMG_0576.JPG
2a4a88ccc7a9fbf4f4604bb048f6f390	Photos/IMG_0577.JPG
b04666fc9b507d1f9c8c095e1bc78a2e	Photos/IMG_0578.JPG
0ff048e7375bd348726735bd2c093b14	Photos/IMG_0579.JPG
7825fcf05bd2d71d57e79a400ddeae5c	Photos/IMG_0580.JPG
81aea418e513e15b3c3e218b8192a65a	Photos/IMG_0581.JPG
b516f898afd58b81c086fc95d6e92d7c	Photos/IMG_0582.JPG
fe631e0a43b1ccab88c2660cfacc9a8c	Photos/IMG_0583.JPG
cbbeeb53b4774e3e52324682b21bba03	Photos/IMG_0584.JPG
aa3cdc85682851f6faff4d0f2d9493a8	Photos/IMG_0585.JPG
0b782ad5259e212cfd997d091d0470d2	Photos/IMG_0586.JPG
b3d24e4d07ba299dd5e25f7f5c322511	Photos/IMG_0587.JPG
b22d7bf66aa46420bf2209914202d824	Photos/IMG_0588.JPG
18bbff8f060fe706387ac89b18e80104	Photos/IMG_0589.JPG
190f957571d5a024df8f672cc7d9f31a	Photos/IMG_0590.JPG
d888ab6e1e3c7d67b8a76d687c7bcbdb	Photos/IMG_0591.JPG
9b9491c086af2caa3ac57d5ee9424632	Photos/IMG_0592.JPG
36bcdb3595f18d21f5bf9f47f57eb821	Photos/IMG_0593.JPG
188bbede9eb8fe68589f4fd8193d82ec	Photos/IMG_0594.JPG
8b05a7cbe38566d2a4ddd7bc8399ae27	Photos/IMG_0595.JPG
99861fafac638817c8d135fd3383802d	Photos/IMG_0596.JPG
602ddbc4a8ab607c6e9b4a3701772f3f	Photos/IMG_0597.JPG
3ea0dd2cd7f4c206510fc55ead8528ac	Photos/IMG_0598.JPG
97843af00603e34493023d550a477f8e	Photos/IMG_0599.JPG
f3fadad8c0680bc3d97d277a000ce305	Photos/IMG_0600.JPG
26226a0b16361f48aede7a5538972ef5	Photos/IMG_0601.JPG
0a130b3b2f9ddda302f3d2a681119c22	Photos/IMG_0602.JPG
331d92194e6d6e08740544f3669b6624	Photos/IMG_0603.JPG
82b8c9cc44cf3ef27f4f76f87d31e600	Photos/IMG_0604.JPG
70e0296441c37ac238feeece766864a1	Photos/IMG_0605.JPG
5ebe1049ba600e5b5d14fcf151be723d	Photos/IMG_0606.JPG
c7ab62fc6dbad367f756a143bd5d13f4	Photos/IMG_0607.JPG
5913479749650a1dbb227a06422b61d8	Photos/IMG_0608.JPG
afc08dae8d10d128096a0034d3cbf077	Photos/IMG_0609.JPG
c3bbc293fe06ad7b4d3cfa9fd62a1a6c	Photos/IMG_0610.JPG
e305c6b42bb3221662e3f5d8a841adfa	Photos/IMG_0611.JPG
51cfabc32a6723dab9baa2f4cb9eddc7	Photos/IMG_0612.JPG
67874e55cddf5d67f72cdf489a429bf4	Photos/IMG_0613.JPG
a4f2b0f7dd8c97896fd7d0eef4a22aff	Photos/IMG_0614.JPG
16566bb16427949867061d9ea3fd8503	Photos/IMG_0615.JPG
5a0a70c301d21093c58b489837838f2d	Photos/IMG_0616.JPG
c00680708979bfec16f94916fd7f56f0	Photos/IMG_0617.JPG
68e91afc014f4c55ec6e0a3273b426dd	Photos/IMG_0618.JPG
9a15c2683d1dd1eacc9a931fecc514c9	Photos/IMG_0619.JPG
0e5840ecf3b6e2a3322acadf90480834	Photos/IMG_0620.JPG
77be4d289a175ae8001f8329303cb1ad	Photos/IMG_0621.JPG
5536d01ad40505f50190684719aac044	Photos/IMG_0622.JPG
77eafea28188cdc39a33c956e605867b	Photos/IMG_0623.JPG
626ea90c6132c26ff61cbdb5add19b3d	Photos/IMG_0624.JPG
350ac915c019a6c2ca25ed9c51bb69e9	Photos/IMG_0625.JPG
e99aab537511e1e0a3a3dc99e46d23a9	Photos/IMG_0626.JPG
6dc1cb5b2b797845cfef6864f5659641	Photos/IMG_0627.JPG
7bb82ec18459f24447cc1a4c5788ccb0	Photos/IMG_0628.JPG
34f54bca8e58de64942405d04df00214	Photos/IMG_0629.JPG
d2531bfa2dc852441186736edd100439	Photos/IMG_0630.JPG
73c590d622195032213e449e36930e4a	Photos/IMG_0631.JPG
f7ff5da38730442b91320822b324140d	Photos/IMG_0632.JPG
2f8454add21749436e62f2aa38d76079	Photos/IMG_0633.JPG
cb9cd7ab339a16dd0358e9d19d5341fa	Photos/IMG_0634.JPG
d8634437c702eccdf8ba8b6a1c6970d4	Photos/IMG_0635.JPG
69d09682d6c059b6e920b24584af28e4	Photos/IMG_0636.JPG
bd2e68df516804ca759b2a9b7a6a5443	Photos/IMG_0637.JPG
536060f42b2c35c5a4a49ed58574b248	Photos/IMG_0638.JPG
c6e02a65d4728c1fc0decb0b615a85c3	Photos/IMG_0639.JPG
b78505cada718e4b93be9a62b277122b	Photos/IMG_0640.JPG
b5c05bccba5fda69aae4bf34c06442d9	Photos/IMG_0641.JPG
5a9f545e0b96a36b2e4d5e4f2ec369fb	Photos/IMG_0642.JPG
a53d03c5b1a755dcff6e5dd5b66fe296	Photos/IMG_0643.JPG
28989eadae1fe1cbe893bb90bcc9fb7e	Photos/IMG_0644.JPG
987a66136a309832c05b087b3c299cba	Photos/IMG_0645.JPG
9fe4359031557aa464d3c8b7cf791617	Photos/IMG_0646.JPG
669e0f1332ca44f5e5fe9d9f6039eeb0	Photos/IMG_0647.JPG
64c2260eb3089ba596a58075b0de7f46	Photos/IMG_0648.JPG
ffe0fd6bd54e25419df6a8b11524507e	Photos/IMG_0649.JPG
8a6ba716b1189a8b59ae0f0efa0d024b	Photos/IMG_0650.JPG
d9265ce0e54467e484401d29d1ab6b01	Photos/IMG_0651.JPG
8882d15fd07ae8ee5d874d92ad6d1a64	Photos/IMG_0652.JPG
0332de1a052cb20d6927974ca49ff1dd	Photos/IMG_0653.JPG
96a9abf06253864956059ee2dc568135	Photos/IMG_0654.JPG
08270310a3a354816c59bef0ba6082d4	Photos/IMG_0655.JPG
271bd3023306a82276c2224959f0879d	Photos/IMG_0656.JPG
db6a01b76fc97c3621c557c894079b44	Photos/IMG_0657.JPG
72c44348ac3258428e63a6f0e83036a7	Photos/IMG_0658.JPG
0758b8f2e4cce74f9d5e7a3e635f2b1d	Photos/IMG_0659.JPG
cb0f9990002f9afb8f1d392c319276cf	Photos/IMG_0660.JPG
8783df8956ba0b69f35efdcba487b37d	Photos/IMG_0661.JPG
67e5b718faba64c53d129a12e93ef2e3	Photos/IMG_0662.JPG
fc7d7003312f550d20e7103dba463370	Photos/IMG_0663.JPG
162032b0c088a98fbb089a76fdb6650c	Photos/IMG_0664.JPG
924a1dd4b5aaf473abefac8d0303a162	Photos/IMG_0665.JPG
3d9c92156680130a5a25f7527b096018	Photos/IMG_0666.JPG
0855a94d6d051f8aaf1bca38e29d2f70	Photos/IMG_0667.JPG
7923b80092d0084bee01897deab0e8b3	Photos/IMG_0668.JPG
e2b9399ee4c1a960aaf9303929026ab5	Photos/IMG_0669.JPG
8a376eaf7b2e00e6805159ce60780b8b	Photos/IMG_0670.JPG
2d37b58c2f4381d016362ee09930b6b2	Photos/IMG_0671.JPG
965d958e1abbc23182052e6f56db097c	Photos/IMG_0672.JPG
566fc23619230a909a23c50556369b08	Photos/IMG_0673.JPG
8cfdd48fb2ee4234f527f753f25316fa	Photos/IMG_0674.JPG
1b5b9e51d202b989099ae3bf0fbe8636	Photos/IMG_0675.JPG
5f9f364aa69ab8b0216b587905085aef	Photos/IMG_0676.JPG
26dba06eec77b71f321561a0cf2c73f9	Photos/IMG_0677.JPG
c2968e8f41ae96c64561fbcd33bca6b4	Photos/IMG_0678.JPG
f6c1c8bc758083199490870f46237cb3	Photos/IMG_0679.JPG
f07a6d08b540a753b9785b6045c9a910	Photos/IMG_0680.JPG
a5d5f24fc1cb7691f4749f8a65cc571f	Photos/IMG_0681.JPG
a6e0ff3b8a0caac4288ce4af9a72f4df	Photos/IMG_0682.JPG
5c976342cb47764bbbc64dcb2d258798	Photos/IMG_0683.JPG
786bb75e69756782fa75dbd042d757db	Photos/IMG_0684.JPG
74ffd61a65d75f70c3e2f35d0fd28651	Photos/IMG_0685.JPG
82b5fa8ae90d26524df6393f1098a19b	Photos/IMG_0686.JPG
72c251af5f4dfffd58e0c2dd0c5e9e85	Photos/IMG_0687.JPG
6db401426a98a2d5343e32ecc0f769f6	Photos/IMG_0688.JPG
0afb68cb90348ac51f58d80b44a002c6	Photos/IMG_0689.JPG
501c6e56bb48a772b24f46187e4c0e74	Photos/IMG_0690.JPG
20350bb4a991eeb27fa19c13b65c1042	Photos/IMG_0691.JPG
28bd5869d2afa76e7298ef627a32767a	Photos/IMG_0692.JPG
10a6329a5ef429ea9ab17dcfeb1aa9df	Photos/IMG_0693.JPG
bbc90dd755bf834354f38daee0484c73	Photos/IMG_0694.JPG
35e6059476a3c3be5f72fa91ea4bddf5	Photos/IMG_0695.JPG
66da775d3a8cd4cfface61f632e6aff1	Photos/IMG_0696.JPG
83414b5682ca2277ccd041bad57e0c4a	Photos/IMG_0697.JPG
af8c62cd04c2d31cbd3ce49d9402999b	Photos/IMG_0698.JPG
d701a00c11bd5a7f26927acf9c7b46d4	Photos/IMG_0699.JPG
258184f1947fb4e8fe80315ce146f508	Photos/IMG_0700.JPG
1b4af87c799d497eea3d124e8035eb92	Photos/IMG_0701.JPG
afa4a5b95c3a28f358264eecb0724e12	Photos/IMG_0702.JPG
f62831ba44c544f7ae73848204b19d98	Photos/IMG_0703.JPG
9c4244a7a6b8550b211eb7211df9fa69	Photos/IMG_0704.JPG
a7eb1d7ddfc96cfb12c2ccfd2b0ff01c	Photos/IMG_0705.JPG
e41c639c169ce43c3d3320ef987e3cbb	Photos/IMG_0706.JPG
8fa6c033017f292613d8c4a1a3c43ad7	Photos/IMG_0707.JPG
2018608e3261bea269926b086204acc4	Photos/IMG_0708.JPG
f14dbaf62665a440cf734b03bc85ca52	Photos/IMG_0709.JPG
971e863f58615145f1597c449cfd8cae	Photos/IMG_0710.JPG
c5c2ac188bf79a37f562ea9b1ac76c36	Photos/IMG_0711.JPG
a7982ec71f97014dcd6b58e273a537a9	Photos/IMG_0712.JPG
ee027024a250af7f2ee4f09005b780c9	Photos/IMG_0713.JPG
08ffd93ebaaa42822a749f86ff95400b	Photos/IMG_0714.JPG
4cd89f004f3771b082b3971cb198b6c4	Photos/IMG_0715.JPG
7b3a4a938dfff0544a99bebc00f0f7b6	Photos/IMG_0716.JPG
a537bab58305618cc71d47443fe266d6	Photos/IMG_0717.JPG
b41fbab16b09663205dd0f204cf40b18	Photos/IMG_0718.JPG
4e1663b90864e70856d28e56c2fb11d9	Photos/IMG_0719.JPG
4262927f60e8b656d121ab9b11729d0e	Photos/IMG_0720.JPG
94b43e05f46517e9bfa7ec359acd1e17	Photos/IMG_0721.JPG
e0d4f8275ba67a55c6782f544fb09f94	Photos/IMG_0722.JPG
266024495c9f8cdbc2f8fb47e2aeb14b	Photos/IMG_0723.JPG
8931fc5302911df9356bf800cf9973e3	Photos/IMG_0724.JPG
a46fa2b4edd4ba6bfe9c74d97db59310	Photos/IMG_0725.JPG
33bb8cf4c12313de01ce56977ec41850	Photos/IMG_0726.JPG
d02ecb853aa1ca444b5240c012f9c4e9	Photos/IMG_0727.JPG
862ff5a3ba58ed647c85f98c3fd4b5b8	Photos/IMG_0728.JPG
91111ec209b321f9498275bd79c20d8a	Photos/IMG_0729.JPG
7529ac5d5e2f0137c0d9ebe39f9b61a2	Photos/IMG_0730.JPG
64ea0baf9d3e9be02952906210fb7926	Photos/IMG_0731.JPG
6938f830789a7c51b93dcb4d3dfbf6f5	Photos/IMG_0732.JPG
c99d7d029e1cd1ef62bf19f8f1beecb9	Photos/IMG_0733.JPG
d8bb8d238da228b709c5074a35769140	Photos/IMG_0734.JPG
25a7e37efe8956e0c776fb48fea01e34	Photos/IMG_0735.JPG
f6faab475829ba88754269b41886db23	Photos/IMG_0736.JPG
e127a77c1a6b783d7734640623ed4153	Photos/IMG_0737.JPG
f09e366795af043a6ef269c77a464d46	Photos/IMG_0738.JPG
a4425352d2a73b6849c804a14ee73402	Photos/IMG_0739.JPG
40975612def262168cb8cc65a5063ecd	Photos/IMG_0740.JPG
bfba37258b1bbc8a993ab214dfcb8f4f	Photos/IMG_0741.JPG
b8f95717346100f21eeb48847421f5b8	Photos/IMG_0742.JPG
9fcba4b86a189bd1329f9bfdad484dee	Photos/IMG_0743.JPG
06e2eaba067211ebd5a1a76e1bf56522	Photos/IMG_0744.JPG
65803bc6da64544aa847399e94fd45ed	Photos/IMG_0745.JPG
a93a55bc144f3f4e51005802d8239686	Photos/IMG_0746.JPG
388a20e5552f8dd9a9877b96909a5d35	Photos/IMG_0747.JPG
ade5a3256881bfd349ddceb3b6ba5dcd	Photos/IMG_0748.JPG
4108c36afe210a7737624a38851abd6e	Photos/IMG_0749.JPG
6145d87de139f02fd5c6a2314db4a548	Photos/IMG_0750.JPG
4bbc9cca7f7ba0590166f70fb92ecc22	Photos/IMG_0751.JPG
bfd98b4a69039455de8bcfcad48a9740	Photos/IMG_0752.JPG
f24e42ea84fb5c7b68a666a321b3d9e2	Photos/IMG_0753.JPG
e9ef2eca8fc46f727fb99816879fea7e	Photos/IMG_0754.JPG
4c721a795cb0f82aac59ebb914808c7c	Photos/IMG_0755.JPG
aae041a5475bb585531e6079288726a6	Photos/IMG_0756.JPG
ef2e723d7b4fdffd91d45fd9d06797c0	Photos/IMG_0757.JPG
5ed101d8d55aa6a4c318858ebba92d06	Photos/IMG_0758.JPG
8f6275fc53490c4451381dda3c23a552	Photos/IMG_0759.JPG
bbc9df82b2ec6756b13099386472bb44	Photos/IMG_0760.JPG
c5c45e98b2063f7fb4d5094e4345606e	Photos/IMG_0761.JPG
98621663ddaa21b5b118a4abf8634069	Photos/IMG_0762.JPG
c09d1e57d68bea86ad55d25498362571	Photos/IMG_0763.JPG
416fdc5f54090e0317d826e828613ded	Photos/IMG_0764.JPG
d76be23f1f70efcbfe2e410404187782	Photos/IMG_0765.JPG
54d6e0a742c7e74e7bae11bc50f568ae	Photos/IMG_0766.JPG
646e1208c9c42a5f775f7896573cacaf	Photos/IMG_0767.JPG
69eb1a0fcaf0e3bb7418af4c6a89643f	Photos/IMG_0768.JPG
62eb178f3d27649f4283039e7c8def98	Photos/IMG_0769.JPG
de146567ffefbedade8b6bb7ceb36ed2	Photos/IMG_0770.JPG
8b521f8d08820e45ee7439aa5abc1015	Photos/IMG_0771.JPG
b293c6cf35e8312384315cee0059ff00	Photos/IMG_0772.JPG
e81408394ef4aadbdc36a471d3e795e2	Photos/IMG_0773.JPG
9d997f064b32226013a892344339adb0	Photos/IMG_0774.JPG
3ef697da1dafa6da8704ed73d5d16533	Photos/IMG_0775.JPG
9e5f14baae2e0fa5b070fd607806ecde	Photos/IMG_0776.JPG
d70e013ae478eb3adb16dd9a8f5d4ca0	Photos/IMG_0777.JPG
bb467cb8ca5ae5c31acdc87b6df7f0a1	Photos/IMG_0778.JPG
cdb04a24df4c7bc88d7b0ddb1742cd4f	Photos/IMG_0779.JPG
831d52856198df528b1d31b88a250ada	Photos/IMG_0780.JPG
525d6021d3a1c46c20d16a276e175ff9	Photos/IMG_0781.JPG
616cb6f468ca0ba5ddf779a5e88c917e	Photos/IMG_0782.JPG
c1ac6a30373af8c6c0f7b53e4da19ad3	Photos/IMG_0783.JPG
993634504075dbfdc5c0827436cf99ff	Photos/IMG_0784.JPG
dc325e434acd5ebc2ff21cc3d943dfc7	Photos/IMG_0785.JPG
cddc46a2b67271b332d109b229991622	Photos/IMG_0786.JPG
b5fd08b54dd6544ea66f7a56a1452be8	Photos/IMG_0787.JPG
fdca99fd34719c0b96f4b7209740da04	Photos/IMG_0788.JPG
83185711c9467dca724da6f6fce138ea	Photos/IMG_0789.JPG
7d24154518746edec2299a289ca7efce	Photos/IMG_0790.JPG
4b56636d8331119f379d2a917d667a3f	Photos/IMG_0791.JPG
ea212b92274778336abeed112978581d	Photos/IMG_0792.JPG
7a5daf5e8994d86e00b420dcd5efc218	Photos/IMG_0793.JPG
ed489a3d3014741cb36c8b2ac2166a83	Photos/IMG_0794.JPG
c80ad294c052808271ce8370edcc13ff	Photos/IMG_0795.JPG
26a20703e95d115caac02862ae08248b	Photos/IMG_0796.JPG
27755d8217f8942623fedc59d1ac448b	Photos/IMG_0797.JPG
026b2594d3506e4d60ee1d7fb5f1aea7	Photos/IMG_0798.JPG
6286817ffde6be4b7d014c6c5627275e	Photos/IMG_0799.JPG
f11d2e4ff70799facb49f02e37ef5fc3	Photos/IMG_0800.JPG
a469d63efbe9d3b2898984720da92b5e	Photos/IMG_0801.JPG
5397e2697988a9b1d4ca4dd6b44bac9b	Photos/IMG_0802.JPG
5c8561170fc66bac00a70deb432ca670	Photos/IMG_0803.JPG
97901ed7cc7706784f1ccb2eba780f8c	Photos/IMG_0804.JPG
e98593d97d799976c9125401eb6d9d26	Photos/IMG_0805.JPG
fa0d292d958dedfcd34fc42c4d9f2fb0	Photos/IMG_0806.JPG
75c8a0d1e03d52ee35580e0dfde83438	Photos/IMG_0807.JPG
7f6c4d9078597775f7275e4770f78058	Photos/IMG_0808.JPG
22610720ec841f4dbdf49e27a2e8cb2f	Photos/IMG_0809.JPG
5bfb8f71e177e831158c650b28138a85	Photos/IMG_0810.JPG
ef037e92181af1be6fa3a18ca6940cfe	Photos/IMG_0811.JPG
92741288c473592486d9f7b8120a6d86	Photos/IMG_0812.JPG
7cf0fef1d04732eb1cd9a83c306f5305	Photos/IMG_0813.JPG
3a66e24a7bb2a959ac859a457594be23	Photos/IMG_0814.JPG
9b115ce6235dad7e1beb22588ca0b57d	Photos/IMG_0815.JPG
8a92c37660591f1035e1cba46144ce47	Photos/IMG_0816.JPG
78ac9cb07cbd9b2fe2c5ab4ee92433e5	Photos/IMG_0817.JPG
4602f0fb6d739601c7822e671d87d8e4	Photos/IMG_0818.JPG
d13493ccfc391c881538aaa49ea4a9f0	Photos/IMG_0819.JPG
be7ed8b7a6b3610862903dd68b63b529	Photos/IMG_0820.JPG
b9c9c264d4e00b094b490b4fba9aea48	Photos/IMG_0821.JPG
080ed9b1a6b203dc53e64a7f7920e40a	Photos/IMG_0822.JPG
3af520967d6672fc22bf739952d7b440	Photos/IMG_0823.JPG
0230c3098e4dc52a5d7618672507a619	Photos/IMG_0824.JPG
45ad1644c84d52984b327fdc8ba4cc17	Photos/IMG_0825.JPG
95b07b8bb659ec7d8e5bac1e0a1c402a	Photos/IMG_0826.JPG
e73eb0ec4f98b8a1c8f9f14d4432fcbb	Photos/IMG_0827.JPG
1fac0b0a56d20f3f52961927c0a3ef8e	Photos/IMG_0828.JPG
891d750f9b58b3f5a84705781f79ce0e	Photos/IMG_0829.JPG
afd65ab16378f199e203d400bb4f68ff	Photos/IMG_0830.JPG
382048b4bc9856b8287329738192c65f	Photos/IMG_0831.JPG
3ca05e2afabef956fc4be55bc8983dd9	Photos/IMG_0832.JPG
21dbf837a249b9ebb15731315cf36343	Photos/IMG_0833.JPG
efcc8698399e300935cdcc18e3a2517f	Photos/IMG_0834.JPG
41e1fe8f4ab709ca005309f06c6fe038	Photos/IMG_0835.JPG
c56cda8f08c9ea43974547d469c2064b	Photos/IMG_0836.JPG
d4dd0ea8f073ea1d4f718d99fbe8a4bd	Photos/IMG_0837.JPG
87a14d83ec8f93f65ee0f2b2ef46c4e8	Photos/IMG_0838.JPG
4cb406b8989c58c193e7d56a8dcc5ae1	Photos/IMG_0839.JPG
e8a120d74d8c12fc45c03445dff0cc79	Photos/IMG_0840.JPG
f937137f826b53b0018dc5f1dcd37fa0	Photos/IMG_0841.JPG
24110c03b97e4997b14584de87553347	Photos/IMG_0842.JPG
65f36205ba2c921ac0e5b1cea47be87b	Photos/IMG_0843.JPG
be2c0a6f98e161ac87f494a8816dced5	Photos/IMG_0844.JPG
ed32d9c63c1473d9d5c7eea269cb9f85	Photos/IMG_0845.JPG
de549d7e63875180aa8b2c8e6c397b65	Photos/IMG_0846.JPG
08f4e90992477780139f3f5415ca527e	Photos/IMG_0847.JPG
8035191a751e114a02003eb75113ea66	Photos/IMG_0848.JPG
803b85e61cf62fca23b6e5fc6862abb0	Photos/IMG_0849.JPG
f487688a131bddc7192dfd6378885765	Photos/IMG_0850.JPG
e2a3dfcb239b5b0ff284e4ecc9302a4a	Photos/IMG_0851.JPG
f53faefc9834936c928874e690fe1ba6	Photos/IMG_0852.JPG
6baf02ec449e8f02e5b1078cfba0cf1d	Photos/IMG_0853.JPG
09653cee808f435d44b648a34a914248	Photos/IMG_0854.JPG
8956a3a4135ffb127387c84e6a56acce	Photos/IMG_0855.JPG
9a9f5e56564386dda3db53bbbdb41cbd	Photos/IMG_0856.JPG
42f6122e005bf7d04790236c625b15a4	Photos/IMG_0857.JPG
2862c11879c8a2335b702238a8ef5687	Photos/IMG_0858.JPG
e2d203c6cfb4d8ef17f6deac993852ae	Photos/IMG_0859.JPG
c329f85d481342cd1db08da732fcbbfb	Photos/IMG_0860.JPG
60b9c81a8351c84c95c7c06f99674fac	Photos/IMG_0861.JPG
6fdf73686f8062e08ef19ac2bf29334a	Photos/IMG_0862.JPG
cf719d4fa55c04688dc7c25c5589bfce	Photos/IMG_0863.JPG
91e79106244b03c6c2670d0702eae238	Photos/IMG_0864.JPG
032dc5c7146cda760f1f22f85a41527b	Photos/IMG_0865.JPG
0cab4edbe5887515fdc64944371a9a8f	Photos/IMG_0866.JPG
f716de36da2ff5440089a2538a32cabe	Photos/IMG_0867.JPG
e39dea7d8885d393ba793ce7ecc6e026	Photos/IMG_0868.JPG
b229518a4b5b64586689b9997ce08fca	Photos/IMG_0869.JPG
afe55564fc21cf224cbdc01192cc37a6	Photos/IMG_0870.JPG
0bbce7d5d2c1fda23590c0cbc8048a68	Photos/IMG_0871.JPG
33ba07af42d5b4308cdc729c8bffa95d	Photos/IMG_0872.JPG
9fb4bc3a32ea400f7dee4dbc922eff55	Photos/IMG_0873.JPG
c841c3d94bdc31687735b6e83f421628	Photos/IMG_0874.JPG
bd6099149eb5a3f13f10a35c63517cf2	Photos/IMG_0875.JPG
f3114a7350836781954bc7bd6bdf30ac	Photos/IMG_0876.JPG
9ae05bed2550406b2fcba963bf4d9cda	Photos/IMG_0877.JPG
0786aae26356a861a5c5a5bbd724487a	Photos/IMG_0878.JPG
8a760647378882bc5497731502fb5255	Photos/IMG_0879.JPG
4f4a92afaa75fa79d84f7a8d37a28336	Photos/IMG_0880.JPG
a757b421879101c4717fd68f8d7b6b6d	Photos/IMG_0881.JPG
6fe85d6a1298cc27dffc5c7d003f2fb6	Photos/IMG_0882.JPG
50fe66446fc7bdc15f1c5f526d55ae4b	Photos/IMG_0883.JPG
980c38d226f4a1de215ba412351add41	Photos/IMG_0884.JPG
b3b5bb56d1e86e701b74817f6373d7c5	Photos/IMG_0885.JPG
c0b43fa27a02b6dd56f4f0e1035a9558	Photos/IMG_0886.JPG
a8538a7f36b5f99308c51deba6740c0f	Photos/IMG_0887.JPG
c422dc6aa61a19f9ea56f60b3f59f9b2	Photos/IMG_0888.JPG
0400d44ba7504102a3c4765e106d16a5	Photos/IMG_0889.JPG
f66046b7fc6bc226778f8c740e211494	Photos/IMG_0890.JPG
35090c8674d987cd74d0ac63f485da25	Photos/IMG_0891.JPG
c9929a45a1febfe1fe18df8bfab242dc	Photos/IMG_0892.JPG
bf57786361299721cde65586feb98305	Photos/IMG_0893.JPG
fd9c535f25d4316942b760ba7c87e202	Photos/IMG_0894.JPG
628e419db82ea450190b665880a7ac36	Photos/IMG_0895.JPG
fc209278e81a710e5e604129f64cd50b	Photos/IMG_0896.JPG
6fb0f2b8fed26db8b03bc65f8844ef5d	Photos/IMG_0897.JPG
848a1774613989498dd83844f60f3ef1	Photos/IMG_0898.JPG
23cba0afc0a984bdbe14542f3f866b47	Photos/IMG_0899.JPG
e419340252c9888aa5c560d7d958cad4	Photos/IMG_0900.JPG
e4f573adb6cf2a03fddbbb396ee3d5a1	Photos/IMG_0901.JPG
681dc88a1b9666a2efc451a468de7571	Photos/IMG_0902.JPG
60f35ec696d7d951c44c7d4ba23e2b7e	Photos/IMG_0903.JPG
95a2952dbb63550e83717cc2eec39cd5	Photos/IMG_0904.JPG
8eaae49dfde9c2d98932daf817f5edd6	Photos/IMG_0905.JPG
4380b03b127e6202385316185bb16857	Photos/IMG_0906.JPG
86be1429507670a200eb1c9a0b059052	Photos/IMG_0907.JPG
a3a3b2efe39e2b90b81820051a72a003	Photos/IMG_0908.JPG
daf8e4211d5091e0414bacb65d63b965	Photos/IMG_0909.JPG
5113bd6e07964e7202c26ccf419ea741	Photos/IMG_0910.JPG
2668bec47a4355ab683bcb226c8fea3f	Photos/IMG_0911.JPG
eaa987c110c88d8e2ef2648e2e829fe4	Photos/IMG_0912.JPG
c9a4d51cc7875b7a2dc1e7399b452a72	Photos/IMG_0913.JPG
98e79947e6ad78c53c9ee91a769d8631	Photos/IMG_0914.JPG
6d50ef3140d8b9acdd0915c62edfdd32	Photos/IMG_0915.JPG
2bb07043e9f32410e488daac5646c223	Photos/IMG_0916.JPG
dc5661e333bd45d7a3b8a43bfa032c49	Photos/IMG_0917.JPG
071a53693bfaad6bd5a2060d5946c9a1	Photos/IMG_0918.JPG
a8dfd3a6ac4e7495e24141c5a8a483ef	Photos/IMG_0919.JPG
a515f99d45bee213ca92ca2bc493851c	Photos/IMG_0920.JPG
6d10f374d8dff5a6be7d0fb3be27fcbe	Photos/IMG_0921.JPG
ceb57e07fb346edd69817c59bb534e46	Photos/IMG_0922.JPG
53bf363e7dec8baef526ae51ade14101	Photos/IMG_0923.JPG
631248e3be2a47e893152eb907890372	Photos/IMG_0924.JPG
76adabdc67362e83d41f6f08a0236434	Photos/IMG_0925.JPG
d9ffc9736415fb9231831913d67d09b9	Photos/IMG_0926.JPG
668b99fcde7c882a9fd5210fe2a3cdbc	Photos/IMG_0927.JPG
5e848088097ec2ead14d35d645071a0e	Photos/IMG_0928.JPG
bcf0918850ae62782089be10676ec942	Photos/IMG_0929.JPG
33b443a3b571752baa255b060dc24a38	Photos/IMG_0930.JPG
f45da62c247e41e12e0b7425c6659243	Photos/IMG_0931.JPG
6f48c3efddde199bbdc0f296898edb01	Photos/IMG_0932.JPG
be61ad8fda8dea2a847ae1f1b9284ebe	Photos/IMG_0933.JPG
af7e981c8a05d4f405565b2abd927885	Photos/IMG_0934.JPG
d054664385f1a498fdc0c9d4ab92685b	Photos/IMG_0935.JPG
a9b5101a3bf74f1e3f8ede52ad66961a	Photos/IMG_0936.JPG
142195c8eaf56bad4ffcbbc234356aac	Photos/IMG_0937.JPG
3c6885bddedfe53a0be9f3f9e949b655	Photos/IMG_0938.JPG
6fb58d2998abb63ae6bb62d704f366d4	Photos/IMG_0939.JPG
f36a81f63e59c242cd7bbc2b6c6f4207	Photos/IMG_0940.JPG
a1510086b3f29aaf0166107d57181a99	Photos/IMG_0941.JPG
de2d938bc5b9ccfd4d947829936563c1	Photos/IMG_0942.JPG
52c708d2de7dd1d2280bd528b2932fc9	Photos/IMG_0943.JPG
8e877aff198e8bb9be3d852489e2e69b	Photos/IMG_0944.JPG
45b20ce5ccc582ed32f101885a26427a	Photos/IMG_0945.JPG
f7d723bae106f8ea9b06487e854f8a5a	Photos/IMG_0946.JPG
a8489199fb966e41d06251b85fc8fd14	Photos/IMG_0947.JPG
19b9a70789386e443288d9f99da4a3d2	Photos/IMG_0948.JPG
0b032dca70ddb8c3685a33c8e44676d8	Photos/IMG_0949.JPG
fc703bd52f60771880d49a31d2c93a93	Photos/IMG_0950.JPG
ada6740b930fa2e4fcccb4e4eebf040b	Photos/IMG_0951.JPG
4ad9d8e8439b7ee6cefec8e230627583	Photos/IMG_0952.JPG
0189b372a39b6511b616bb3629bbf61f	Photos/IMG_0953.JPG
c058b9f1e17545dd31441ba4dee5a58a	Photos/IMG_0954.JPG
d697cfee59fefe69ae42912aba081b32	Photos/IMG_0955.JPG
3f2540f7e423d9850ffbaa2fbf8cb899	Photos/IMG_0956.JPG
ffea0c2b0b8880faf335da9605e01bfb	Photos/IMG_0957.JPG
97b88161f35622c3007f9b34e106bf4d	Photos/IMG_0958.JPG
17aca62e36d37679d345add9a5025093	Photos/IMG_0959.JPG
2c8bc9b260087f6234ba57602e69ca03	Photos/IMG_0960.JPG
5793bb621bf68de0ee8e881833112766	Photos/IMG_0961.JPG
58e5b2be1b9d97247737e8da6c4dcf3e	Photos/IMG_0962.JPG
6b52553b475da0684511ff9cd6b0d28a	Photos/IMG_0963.JPG
8ddbacc9b69e232a0a26a87443f61812	Photos/IMG_0964.JPG
bce628d7d932a6cd0a982a5110efdfaf	Photos/IMG_0965.JPG
a787d373ab0043e111a96ff64f92c7db	Photos/IMG_0966.JPG
017ae81eb0d706669475466368c1bf47	Photos/IMG_0967.JPG
6b289bbed428d34616f9d792e1bf5871	Photos/IMG_0968.JPG
62436f739b78de4b4a4e7f5776ab4894	Photos/IMG_0969.JPG
cd288f67fc506a9555f6c7f54eb8b5be	Photos/IMG_0970.JPG
9867a3add061b729c5cfa1899d28c824	Photos/IMG_0971.JPG
c5b34e9730419caa98bef2e9bf22ba05	Photos/IMG_0972.JPG
6d90ac5e39e4b2f6a700b14a0f1238a0	Photos/IMG_0973.JPG
706dc60d1ad70fbd406abb16b8683d47	Photos/IMG_0974.JPG
b65b094e4139bb759508b0de5d728490	Photos/IMG_0975.JPG
21bad627484b16f3b0553e77998c4cb5	Photos/IMG_0976.JPG
64572e147c48889bd0cd394a3ea235ce	Photos/IMG_0977.JPG
2bd53f25525b0dd45a1771ccad1aa58b	Photos/IMG_0978.JPG
fb36ee7c747867556cd070366e531134	Photos/IMG_0979.JPG
48056b9598ee7f19aa62938aa28a2c59	Photos/IMG_0980.JPG
8f0f1ba44456df14a922e20519783b9f	Photos/IMG_0981.JPG
7b3e94cb21ef7de40d532c7aeafe01c4	Photos/IMG_0982.JPG
6cfa1ed358406350281f7752ca262182	Photos/IMG_0983.JPG
5749e3c8d6a07acfee2b371bfc4fbebc	Photos/IMG_0984.JPG
2d8d9bb480d4d92c3e79b83fd53a56b5	Photos/IMG_0985.JPG
cf339aae34c8225d76fe1e2b288b4613	Photos/IMG_0986.JPG
89ead84dcc6429bf57982d239fe66981	Photos/IMG_0987.JPG
7711687409e62993b6d5fe67bc22fa5b	Photos/IMG_0988.JPG
237512de12435b9792e31ecfb179cda8	Photos/IMG_0989.JPG
fa1d015c8ac9883254cd7f515c911d8d	Photos/IMG_0990.JPG
564b74d41c0691502114a8c91be7bd1d	Photos/IMG_0991.JPG
37e334d1c1f5683828c0ea8ec64e894e	Photos/IMG_0992.JPG
eae2fc3a48c63e55d05ac85925ee4ea4	Photos/IMG_0993.JPG
61ed452f92e428900b93aed38785b428	Photos/IMG_0994.JPG
e1c973c7d78fc0c1a792cbcb1a93f068	Photos/IMG_0995.JPG
1e6deeea7137a56a407306c17253a5fb	Photos/IMG_0996.JPG
c1cff669488c7103c360ecc7110ff1ed	Photos/IMG_0997.JPG
8100756b0a0f0656c3f604802c50884f	Photos/IMG_0998.JPG
07d7563e29596b9edbfba25c53580f89	Photos/IMG_0999.JPG
5f423f03c6b33ba23c510dcca2415b7b	Photos/IMG_1000.JPG
cc75afba415e36ca9fda11c4783608f9	Photos/IMG_1001.JPG
018a25adc82482f4652d0d184bb8d2c2	Photos/IMG_1002.JPG
0fad079374a8c22175ade6efc99b9221	Photos/IMG_1003.JPG
1a0438a2aff67c23e81ea3c15aaa0726	Photos/IMG_1004.JPG
8fe10bd8b168b5968b87dd8202f71859	Photos/IMG_1005.JPG
693570eb3f77bbe1b41d07c66b826e44	Photos/IMG_1006.JPG
c9599b90c8db4387b17742532eca0783	Photos/IMG_1007.JPG
9e89c6fc0020e22fb54096dde3b5be15	Photos/IMG_1008.JPG
c1c1936a5f9c1d3ecf1dca07182eab77	Photos/IMG_1009.JPG
d6a7a16895af538843443336b5c24737	Photos/IMG_1010.JPG
ec88188d9fb139de88e5bedc65e40669	Photos/IMG_1011.JPG
17454d0d028e4350c48a3149a4657d09	Photos/IMG_1012.JPG
d8ef25495436ef5359428b290a58f4e8	Photos/IMG_1013.JPG
cac528ffbef95ff29789a52de33fa997	Photos/IMG_1014.JPG
1812c29f2d19b4b139854c9268bd362b	Photos/IMG_1015.JPG
a040bb2ac0775d21482f616a0c7b61dc	Photos/IMG_1016.JPG
47c3638a3f9cb28b87445fa77341bf5a	Photos/IMG_1017.JPG
1e49428a315eb61c43cbebbbbe931fa2	Photos/IMG_1018.JPG
cd53ee30777b2d91a4ec7c7261ed8123	Photos/IMG_1019.JPG
aa50dd93f57b207571a5f96b75469581	Photos/IMG_1020.JPG
992c028e214317008d4dd93640cadb26	Photos/IMG_1021.JPG
3109d7bbea2dd166667b23c9759b0a6f	Photos/IMG_1022.JPG
1ffe4df46cab075502659978b81d6250	Photos/IMG_1023.JPG
346094bdc3a665e1cdef742b8c910375	Photos/IMG_1024.JPG
dbb63abc5c65c8988ba32ce22cf274a3	Photos/IMG_1025.JPG
e3a364e0149591e23c680dd8ff469698	Photos/IMG_1026.JPG
f935ce0b125a207cbd6b25a18ea470ee	Photos/IMG_1027.JPG
a4dfd92266e52e09d7ccdc8cdb5b7c04	Photos/IMG_1028.JPG
71cc39e3631d598ac002e9d6def95e46	Photos/IMG_1029.JPG
2f5a1c5f21e26cc8fd087fca57e8ac8f	Photos/IMG_1030.JPG
92b1fa8bdb4580467a4e86a21eecec58	Photos/IMG_1031.JPG
a4adf9f72b86c5a0b3796d220aa545c5	Photos/IMG_1032.JPG
0286569cc82bf6f04867bda2b75077fc	Photos/IMG_1033.JPG
ada8e20bf663d51dea733e3bca420cdc	Photos/IMG_1034.JPG
8272e7ffb517f19c230d187325522a94	Photos/IMG_1035.JPG
8b1c59aeb210ea6fff7cb84a7adc30f4	Photos/IMG_1036.JPG
2f0bc8880564cd6bf7c0759967b4494b	Photos/IMG_1037.JPG
dfd429d7593a2063ee7fb74e06d8a80a	Photos/IMG_1038.JPG
9437fa1481a8092db5e54317e07a9239	Photos/IMG_1039.JPG
93314a64c63712c5db3b3543ef435324	Photos/IMG_1040.JPG
b98e0dc7a1374799d7be0f23cace90fd	Photos/IMG_1041.JPG
268ca9d54d36a25f0a247abcc26c4d65	Photos/IMG_1042.JPG
097ee9e8edfa59ab15bccbdc83883848	Photos/IMG_1043.JPG
fd6047961ad5cd376c91d94164859249	Photos/IMG_1044.JPG
7181fc39561c6ceab2e5be148f3f54ed	Photos/IMG_1045.JPG
86b30657df270a3df65aabe1ee38d18e	Photos/IMG_1046.JPG
4d9a1f5f00efa99d97c3f9516793a9cf	Photos/IMG_1047.JPG
7a97e1cd7d83abb418892560dd37507c	Photos/IMG_1048.JPG
0ca5eacdbf2be682852349e216c4bf38	Photos/IMG_1049.JPG
133b21b4f6b73bea1b9afce49ace54cd	Photos/IMG_1050.JPG
bd8e421a8da3879b9b39ac2e90715ff3	Photos/IMG_1051.JPG
8a02d2eb9d9041f2bef41fc818422938	Photos/IMG_1052.JPG
1c2878de1ed78c52a947aa5bcf1fad4d	Photos/IMG_1053.JPG
ef78c39ecfe3014fb4ff56f8c5947e5d	Photos/IMG_1054.JPG
7ddb1d471e3a89948149f7973baf8a01	Photos/IMG_1055.JPG
eebb4ef55b39210c54ef377c9f04d1a9	Photos/IMG_1056.JPG
d31544308d590a9408e0b3dbf6d6e399	Photos/IMG_1057.JPG
ccab26366d236ede1e4540a2ab1924c1	Photos/IMG_1058.JPG
c80ca295786fa41a6068d935112c0e5e	Photos/IMG_1059.JPG
c8aa1cedae668a88c6b124e5d763e298	Photos/IMG_1060.JPG
18ec0fbe4f23ea4665820721d590f515	Photos/IMG_1061.JPG
a5f750d42e57559728b5f62d723fc410	Photos/IMG_1062.JPG
767cfcbd7f040cfe4d8a3156f7cf7c40	Photos/IMG_1063.JPG
1ce69c6566e457b87b70255c10ff12c6	Photos/IMG_1064.JPG
2cfdf2e9d49424147c6f5e0cee6880cc	Photos/IMG_1065.JPG
0b340794141945352bd6c6b8862522e3	Photos/IMG_1066.JPG
d2cf3276685c700a6db39bf321b209f6	Photos/IMG_1067.JPG
679285334bea5b22b8b36efb9bff31e5	Photos/IMG_1068.JPG
3b3e885c801d63ffd5591035171a4175	Photos/IMG_1069.JPG
b169444c414b4e9aedc14010b684378d	Photos/IMG_1070.JPG
d72d47365d26f1b2def2316334e0edf7	Photos/IMG_1071.JPG
4eea7d7e8ff363f147371af48ceacf7b	Photos/IMG_1072.JPG
f8280b0b74fced357a7b564247b3e58e	Photos/IMG_1073.JPG
c70342d0edf2d406ea76ce18f45324e5	Photos/IMG_1074.JPG
e18b09fa998e8b566c4918ed9efd9862	Photos/IMG_1075.JPG
47feb8cf9f341711335b3c52684e7014	Photos/IMG_1076.JPG
5ca8535a69db0b74a46251b9fa108b9b	Photos/IMG_1077.JPG
216eb8e5a4087e5c4d4bc1aecc9eb090	Photos/IMG_1078.JPG
a18b7b5c2eb24b8495159d06cba0611e	Photos/IMG_1079.JPG
d00a4f8a520b03f1ad854201c4ea9837	Photos/IMG_1080.JPG
043c416186704ccbab1596376205e7e1	Photos/IMG_1081.JPG
06e277ecfeb3cc55a7dcf09198ad18f4	Photos/IMG_1082.JPG
099c587b255ed43d6b7ec5ce41d37765	Photos/IMG_1083.JPG
cb019118596c40c03cf4239bac283df3	Photos/IMG_1084.JPG
f1ee8be3c61a13ebcdd8ba01765416e8	Photos/IMG_1085.JPG
acc1dd19ca8d9aefc837de76d426197e	Photos/IMG_1086.JPG
db4e6fcdad487fcdd1c9fbf60b50299e	Photos/IMG_1087.JPG
903c76755e372d8ae14b5c9ad63577e8	Photos/IMG_1088.JPG
44ed76e28aa0278b016df3f4c4fb07f2	Photos/IMG_1089.JPG
72c60fd4983c14958ae216d369db988e	Photos/IMG_1090.JPG
ee8808a4b93833bb6b5ec83b563b6f0d	Photos/IMG_1091.JPG
0b2a737c8f206da6eba951f3ae67a3c8	Photos/IMG_1092.JPG
6419303ad7e3da695c54730fe17f403f	Photos/IMG_1093.JPG
781d8ef4d06f90bd5e57a575c453436a	Photos/IMG_1094.JPG
399a7838219d945ed56c25a8af7afaa1	Photos/IMG_1095.JPG
27fa815990780efd0a799f9abb061072	Photos/IMG_1096.JPG
e9f3f1893c582a6c8c4cf0037c00fb24	Photos/IMG_1097.JPG
c6212d0ae6fad6dcadbd0018c8aaab03	Photos/IMG_1098.JPG
7ec61d7a8e498afed47b928b23b97b92	Photos/IMG_1099.JPG
e5f62ad58172a415d497db4cf671f256	Photos/IMG_1100.JPG
e9c5866cab45f27abb4c8e3d203479e1	Photos/IMG_1101.JPG
e73eb12e7c6646c49824a679d21ca94b	Photos/IMG_1102.JPG
cf8347129fa2e9bf620feacf683dbc15	Photos/IMG_1103.JPG
0c00402375c067748e8752f28fabef08	Photos/IMG_1104.JPG
3df37bcac067dc5ffc0fbc008672a5ed	Photos/IMG_1105.JPG
dfcfc5f7bd709597d6bcf062dde4cb60	Photos/IMG_1106.JPG
729a5162ab0fc04dc03c691fd011ef2f	Photos/IMG_1107.JPG
1a10d5af7d8e9e657d0bd256d8e631a6	Photos/IMG_1108.JPG
fc497af6d570f1703e8c02754588b0da	Photos/IMG_1109.JPG
1cb6f169189def49a0aac5bdeb294ffa	Photos/IMG_1110.JPG
1597da0847f0feea9687b3e4aa5a9498	Photos/IMG_1111.JPG
13c8629b7067d319e7523f6a50a57043	Photos/IMG_1112.JPG
82e531c20e6a2649503ca9e28fc1353a	Photos/IMG_1113.JPG
20311ff22af38ca970eaf6a913c2562b	Photos/IMG_1114.JPG
7471325b7ccddafab80e43de44827f60	Photos/IMG_1115.JPG
00cbcba3230c49c5ee265ad04c691ab3	Photos/IMG_1116.JPG
af693b94f003db21afb4cde6e1290182	Photos/IMG_1117.JPG
c595d2815a5e2b60538b0ce522062c50	Photos/IMG_1118.JPG
1caf757ac650ab5a2b272c87c3766d97	Photos/IMG_1119.JPG
76948c12fb5c00f17053e6a3bbaca8a7	Photos/IMG_1120.JPG
92a28e37093ad064b8e277f3d3e8819f	Photos/IMG_1121.JPG
6cac5544ab7380f73fe565795e79532c	Photos/IMG_1122.JPG
68b250574ba3a6159ada38b5dac19be0	Photos/IMG_1123.JPG
6c813cf6b156b8679e79855ae47c254a	Photos/IMG_1124.JPG
6a6f4461ae5025c0eed7ee7a5756cd5c	Photos/IMG_1125.JPG
aa66e5291e734d313dadac0f4af6332d	Photos/IMG_1126.JPG
38e1ef6274500a9718aa612a65d9660f	Photos/IMG_1127.JPG
60bd933e98601aaa9d1fa4d8e684e7ae	Photos/IMG_1128.JPG
33e9edd0e869347c6c863e3d5be82dce	Photos/IMG_1129.JPG
afaaf42677e49eea808fd7c9af8a8803	Photos/IMG_1130.JPG
cc7515cf272b36c420e40d8eb5aaee35	Photos/IMG_1131.JPG
f5ade6a7553c90efe2bd6d2dd908a16e	Photos/IMG_1132.JPG
127a521adf2b739d4ad3a232d254ed47	Photos/IMG_1133.JPG
c56d8cc19ca5b8779b1b3cfc9978021e	Photos/IMG_1134.JPG
66e29a7ecef4f758128366851df6af44	Photos/IMG_1135.JPG
5dc1ef658bccf1a82c43deb8d156ac69	Photos/IMG_1136.JPG
f8832e26071fc2008a1c31bb12dd53c8	Photos/IMG_1137.JPG
9a89180bec57076771e792c1c4538562	Photos/IMG_1138.JPG
3b2436b3ad07b28bb97a929e767f0692	Photos/IMG_1139.JPG
72d2c58425559b21dbd18f094d46e8b2	Photos/IMG_1140.JPG
8e8079813ee15e237309a4628c510b6a	Photos/IMG_1141.JPG
68e0394d583faecfd86b34c1f43dcedb	Photos/IMG_1142.JPG
e6ceaf2ecdfb239ef40d01bea99a05a6	Photos/IMG_1143.JPG
dd7b04172928c29ae5f007d9e672cc16	Photos/IMG_1144.JPG
376781ae3ebf7399e6f853f0c2489535	Photos/IMG_1145.JPG
8163dfbc921d5b5da8ee4ee8944ecbaa	Photos/IMG_1146.JPG
39a51f05656f5fb1d6c6ee584397b8b0	Photos/IMG_1147.JPG
f1f472ef8be2d4ecbac007f10405b16a	Photos/IMG_1148.JPG
22d63d372b7588b6d499efcbcbf7aefa	Photos/IMG_1149.JPG
6042bfddc9b1eaf91f57b6bb0c43dadd	Photos/IMG_1150.JPG
98179cfadd91b54265534497d88ca7bb	Photos/IMG_1151.JPG
88ec9c5eb4c51f81066499256eee6c8d	Photos/IMG_1152.JPG
80f616307b4654c5b4ff133e1af27fc8	Photos/IMG_1153.JPG
0660133db5b68b037e08356549556441	Photos/IMG_1154.JPG
a8926f112cfbfa0b3b738bc48dc94a4e	Photos/IMG_1155.JPG
e3d5e7361f2173b33c7bd67114bd0789	Photos/IMG_1156.JPG
ecce3374fd4b8eb562e66a9a4078e7fb	Photos/IMG_1157.JPG
8b6b665c1b3f3e50731b55f2a32704da	Photos/IMG_1158.JPG
af31df878f32f37fabec0f2d85bf86f8	Photos/IMG_1159.JPG
1bd02c8f91837079b2999e67544ef608	Photos/IMG_1160.JPG
335cde06b32674b470c353bdb26a8385	Photos/IMG_1161.JPG
bb11312e95c90db831808482829d86d8	Photos/IMG_1162.JPG
28fb873b227e42c51a8b57f920716f85	Photos/IMG_1163.JPG
f8c883a7dd3a62c6f7c8c03466cc262a	Photos/IMG_1164.JPG
6bdcc118a3afc84ca79e1c72adc2867f	Photos/IMG_1165.JPG
66fc4cd3acda217362c232178a7d8b95	Photos/IMG_1166.JPG
43d17ee37d7afc1d8ce9c2f510f731e6	Photos/IMG_1167.JPG
6a5ac7e63a6f8f29e6b9e3f723b0ceb3	Photos/IMG_1168.JPG
c859f81b6369a2681cc24ec44c5db9df	Photos/IMG_1169.JPG
54c5ce4c53c0e029e94e505f3c95a9fd	Photos/IMG_1170.JPG
f4d53d8d0330b92a82d5003f36850f7d	Photos/IMG_1171.JPG
91629aba150b5dbba007aa1bc4c00c95	Photos/IMG_1172.JPG
b71cf2d6821393117b2b89d9b615c9db	Photos/IMG_1173.JPG
3cc74a33895379ba18f24466c81c4298	Photos/IMG_1174.JPG
5b15415dfbba7cd22feb10f910ddf193	Photos/IMG_1175.JPG
07d72e79997799851c9fea8aeb0ed667	Photos/IMG_1176.JPG
bb51d3654fdbe0019afe4e625a33eabf	Photos/IMG_1177.JPG
8c9234fecf6fa69b66b1354c008ed1cc	Photos/IMG_1178.JPG
7568f614eaf301f59c5322ce62342836	Photos/IMG_1179.JPG
6b5883c8fa98ac0c9b011ae605b65530	Photos/IMG_1180.JPG
571b7d17cf093de71e799f51bc659ae1	Photos/IMG_1181.JPG
da13ccffb02cb84e9ac31a66efc45c60	Photos/IMG_1182.JPG
3d5d7b96a2cccf0509226aa113d2cde3	Photos/IMG_1183.JPG
3d7c1581dc30da7fd59c3ab5bab30af1	Photos/IMG_1184.JPG
cf40c30d5e5e78d9826e13ca875d4947	Photos/IMG_1185.JPG
0bd90458000755a9f1326b6617bcefca	Photos/IMG_1186.JPG
433a119521e8318f030208214b3f72c8	Photos/IMG_1187.JPG
1843f6773995f42ef660dea22719b2b9	Photos/IMG_1188.JPG
329f0b22cc6b01b510ee0ccf344cbedd	Photos/IMG_1189.JPG
1df34dd62424b5cf4ece2cf904a5cea4	Photos/IMG_1190.JPG
5eea53bc8d724898920a02bcb80ed98d	Photos/IMG_1191.JPG
01acbf78be40a2e292bef3b03265329c	Photos/IMG_1192.JPG
2bb5082f21947ee5684923be989368ef	Photos/IMG_1193.JPG
ac5baa26c391b20df4d2d8e218d5c283	Photos/IMG_1194.JPG
cde6502b6f557e27d4e1293eb7e7de68	Photos/IMG_1195.JPG
6a42f1d78e50091109273f4ea7dc61dc	Photos/IMG_1196.JPG
cbf013cba2d984afe4cd75f9c9c7b2b5	Photos/IMG_1197.JPG
e5a68499922b12af0b0bbeaea7575378	Photos/IMG_1198.JPG
0bd3eb5451b4fb1648b7d81ffa056f64	Photos/IMG_1199.JPG
39e7653ad9f3434a77f745359afd0f8f	Photos/IMG_1200.JPG
f1f13c0bbfa5b4610d0b9f4a2b94554c	Photos/IMG_1201.JPG
711c67521003ebee464f0631fc6c1eee	Photos/IMG_1202.JPG
dbd3c7fa8c08579013c13d51b8827828	Photos/IMG_1203.JPG
9957b751f614ffac54904a93d28bbe6c	Photos/IMG_1204.JPG
5ebef70dfd4c744a15ec17d9ab75454a	Photos/IMG_1205.JPG
cea46953807753c8f58d1d3f6a4f8974	Photos/IMG_1206.JPG
3357c0871e3b0857faa3d51f8a8392fd	Photos/IMG_1207.JPG
a395e1b75a0d977274017cfe4c46dd0d	Photos/IMG_1208.JPG
9fa86b11bc23b87a78665f1625dfae06	Photos/IMG_1209.JPG
95700b49cc7fdfc398c2603a386c8b94	Photos/IMG_1210.JPG
2e2e0a98a058969b2e2125cf1baf71c1	Photos/IMG_1211.JPG
718bc679f330258449e9773368893d2c	Photos/IMG_1212.JPG
e37e8dce202738a7db83c27204ca2df5	Photos/IMG_1213.JPG
84a6a1c6b34916793f49644790d44532	Photos/IMG_1214.JPG
50668e516cb60ff649ce6b09bc09f96f	Photos/IMG_1215.JPG
855c3992b8924c07b3542e5320baa606	Photos/IMG_1216.JPG
d42928ab6e7900dafa738176b1281ed6	Photos/IMG_1217.JPG
51b2c03b71a06682d28cfc506cc36e6e	Photos/IMG_1218.JPG
20f66e1a3f5811dc59a3674ba1a41d0b	Photos/IMG_1219.JPG
ae4a1d62dd7fc8df06b396ef1a5d3e7d	Photos/IMG_1220.JPG
2370db057b979ca8f4c52e1c345eb43f	Photos/IMG_1221.JPG
910e2a13bf161d99ed080fea0d691f41	Photos/IMG_1222.JPG
2590033be9202c0af3a252a1909193e3	Photos/IMG_1223.JPG
618beb9e0123e30d81389333535450b9	Photos/IMG_1224.JPG
480ce72a069d203c2dbe36381eac20c4	Photos/IMG_1225.JPG
b24de98878486016ee70869aa1eced19	Photos/IMG_1226.JPG
02ae421670131ef7c6e15f72bd424811	Photos/IMG_1227.JPG
7c287e7046a263b5f6cc71b65044ec37	Photos/IMG_1228.JPG
44f726430a0ee2f9c73c359e3d01d4ed	Photos/IMG_1229.JPG
792ab18f6f4ec0158515b548ec515387	Photos/IMG_1230.JPG
69d924b5ed0d55cc0079fa4bf9c14a3c	Photos/IMG_1231.JPG
2a6069c88fb31a2fbfc9f49ec977bd4d	Photos/IMG_1232.JPG
74b34c45db76ed8fac58608c011b1b49	Photos/IMG_1233.JPG
357b825d368965154ad8319ca2e566bb	Photos/IMG_1234.JPG
b9c9436126ab6d41c6b87a81f76c60b5	Photos/IMG_1235.JPG
b148a6aea2880ac02bd2ad0b731c35a3	Photos/IMG_1236.JPG
0521e47125da694125efe83566771102	Photos/IMG_1237.JPG
4fff4dc204e50c041e5dd972f3c36ee9	Photos/IMG_1238.JPG
b012346971fec5dd2ee3a9ed1aad4783	Photos/IMG_1239.JPG
94e170d85cea931a26932ff8d5adf469	Photos/IMG_1240.JPG
b05e6afb553807b80b424cf98eabcb55	Photos/IMG_1241.JPG
1534f072f2b773834f986c350bfd4ff1	Photos/IMG_1242.JPG
5158ade7893ff47ebb1c7d98c87e53e1	Photos/IMG_1243.JPG
99e6789ffb09df61e050b4cee891fbfd	Photos/IMG_1244.JPG
1899491b7728e9d49d124cf3305eeff0	Photos/IMG_1245.JPG
7e8455816926dec012e435bdfd2983f3	Photos/IMG_1246.JPG
1f399050b89452e47a216faf4e5ba310	Photos/IMG_1247.JPG
e12cd99b6c3c50a139f7c2aeb8d70d1f	Photos/IMG_1248.JPG
9d9415a97ce0db77e84c1f519ae4845b	Photos/IMG_1249.JPG
bdb6f26ef68b7a9cd5516f37bc154856	Photos/IMG_1250.JPG
97edbfb6524def20c0963e298a947412	Photos/IMG_1251.JPG
250334560afcebea592ffc8f5a088fec	Photos/IMG_1252.JPG
392abd732c8ae6e94b791efe3b626f6e	Photos/IMG_1253.JPG
29b543be3a360ee2a8a695f6a452a880	Photos/IMG_1254.JPG
4995136d3dc350ccea087b6cd8aa91f6	Photos/IMG_1255.JPG
594db660dacdc41ecf3a7f927b7118e7	Photos/IMG_1256.JPG
e60956b35ac8db82548442fc4da10324	Photos/IMG_1257.JPG
05c499f5e6ef176b7aa5ff7611bef7c8	Photos/IMG_1258.JPG
5d79bbf121c99aca1ea8274319c5bc1e	Photos/IMG_1259.JPG
82f365011dcff186ce6e710ffd9828c3	Photos/IMG_1260.JPG
27551ef283931d7fb93486ceabf6f77a	Photos/IMG_1261.JPG
f84cebae0f728e3135baacf745f7f40e	Photos/IMG_1262.JPG
95ad17c4a989901e7b7dcfcd329edce9	Photos/IMG_1263.JPG
af7005f48dfb0796a897a9cca43ad937	Photos/IMG_1264.JPG
0f72d1bee456fcd1eebf946b78b83778	Photos/IMG_1265.JPG
d5d69a165a10bb7b4181eac43763da1a	Photos/IMG_1266.JPG
8d0ad847d2082592641961040e7ff63b	Photos/IMG_1267.JPG
cc268de4dda555774157f7518d1dac2f	Photos/IMG_1268.JPG
0026fcb6ab966ac8756f26dac02a18ec	Photos/IMG_1269.JPG
777adb5f02070509c43b16d9f3390ec3	Photos/IMG_1270.JPG
8692506583e552d0649065598ace4ef0	Photos/IMG_1271.JPG
917df5b9796293dadae42d6e60060b65	Photos/IMG_1272.JPG
1489cf4c1a93773ec762df9f4beaa476	Photos/IMG_1273.JPG
e081577206f7e52fb5148619cc8b84c5	Photos/IMG_1274.JPG
a71d4fcf6bd8dbbc217b96928d7cd424	Photos/IMG_1275.JPG
99d235053b22694cd0c6f823a02389fd	Photos/IMG_1276.JPG
8023c6b1abb7034436ef55166320fe42	Photos/IMG_1277.JPG
c01911834c39ed229c17bb8678e55cdc	Photos/IMG_1278.JPG
256e9bf4aca5e59d444d96d8385099f1	Photos/IMG_1279.JPG
e492e91f43dc4f1a354688b7e6f7b9be	Photos/IMG_1280.JPG
2b9a9fde87a5668fb3e271367e930055	Photos/IMG_1281.JPG
aae8a5fec37f295bad9bb70c174d2e35	Photos/IMG_1282.JPG
cdffc18e2eee99594105befeb8fb315b	Photos/IMG_1283.JPG
3fb3eebae6720398bbb8e53760655c86	Photos/IMG_1284.JPG
1856f3c2ded0696489f857dd53e86cf9	Photos/IMG_1285.JPG
21d24ad7b3cd561b2f9d796b1a6d8ec0	Photos/IMG_1286.JPG
ae7b52a9b9a634e9d9fd5a8bab5d8098	Photos/IMG_1287.JPG
6c216e919d234e04252a62db64e0930e	Photos/IMG_1288.JPG
b1c6190d57ce13113b930efc9e1446e9	Photos/IMG_1289.JPG
a3bbf515ad0d1e9b071b6a2dbc162b92	Photos/IMG_1290.JPG
e574b3b3b82273add148969454eabdee	Photos/IMG_1291.JPG
ec0111a2041d2d1476cff63d49015efd	Photos/IMG_1292.JPG
027be3c06b0789b1eaa9585590a29139	Photos/IMG_1293.JPG
5ca0fdcc7f2a8b8e367994eb3cf67868	Photos/IMG_1294.JPG
819a0b392f59e3479f3e72d763b4cfc1	Photos/IMG_1295.JPG
574f128bc4578d55c0594c4ae63f8197	Photos/IMG_1296.JPG
7ffa624aad2169eca55022792f18fd0e	Photos/IMG_1297.JPG
6a338f6f0e8b3876f5db219d867e48be	Photos/IMG_1298.JPG
6eb75c7f38fbdb12a506ce0b6119e92a	Photos/IMG_1299.JPG
75b345534afee61c92953a1d010d5fba	Photos/IMG_1300.JPG
21cb594aaf7cb8572e8596c484ee3e40	Photos/IMG_1301.JPG
fc6e2a4ff77156310cc98174a66e2a02	Photos/IMG_1302.JPG
389492d01bfa30ca0f5d890f4552b92d	Photos/IMG_1303.JPG
f5245c65c27d06d53e6cf05942898b7f	Photos/IMG_1304.JPG
5b0a7662c14f3147176e7d12d2a4253c	Photos/IMG_1305.JPG
216a62e317be8d9014dacc36305c9e80	Photos/IMG_1306.JPG
b6c075275a96f5b35c685e8202a7f37c	Photos/IMG_1307.JPG
e994ad90f9c14b874d119cbb80a4e196	Photos/IMG_1308.JPG
f57d6d0da55a1b8c9119d7f1a9707dd6	Photos/IMG_1309.JPG
575243f0512481eaa37098aefb8ffc86	Photos/IMG_1310.JPG
89713ba6cd496452da60418b1230f3c3	Photos/IMG_1311.JPG
f2d5f96c2fdfec0a73ae0ffcfd02e704	Photos/IMG_1312.JPG
86debd3c53b9732e858ae55a363c50bc	Photos/IMG_1313.JPG
54f797aa87101afd64ec7804c8b75e8a	Photos/IMG_1314.JPG
7f04ac1b5472818de8c4427ffc7dbc6d	Photos/IMG_1315.JPG
2544936c6677000ad4873b611ed1e9b8	Photos/IMG_1316.JPG
d918abeae132e0ffac7b321ce4a24a7b	Photos/IMG_1317.JPG
af36046b61141f4734e47c7f1ac6e54a	Photos/IMG_1318.JPG
066628d15236666796dc8ca10352ab3a	Photos/IMG_1319.JPG
e8200c7892f45dcc0318949e01afae66	Photos/IMG_1320.JPG
9e378e6c7fe09efba6d9e1fec723ecf3	Photos/IMG_1321.JPG
db8983ab12e52214a65d35fe75d4f101	Photos/IMG_1322.JPG
0561c29185214be6146c816ed8550320	Photos/IMG_1323.JPG
c87a5d79401ab42e98040edf75e63f21	Photos/IMG_1324.JPG
9a3ddb6adbf1e026cae86cdc7b20aa13	Photos/IMG_1325.JPG
06a117c896cb8c46222ee7b652cc4f8b	Photos/IMG_1326.JPG
a6b4c41fe3f6dbb2b712c7f842a2ade3	Photos/IMG_1327.JPG
29ba49fc7bb06de210253cad127a850d	Photos/IMG_1328.JPG
c9274203cd69e0b81ef9c8e4990e0452	Photos/IMG_1329.JPG
0ee2079dd6b76b9000343008d585d697	Photos/IMG_1330.JPG
3ac61c1d8965f7509a2af159ea184bb4	Photos/IMG_1331.JPG
4b7d7c8b61536674f68b1f90c246219c	Photos/IMG_1332.JPG
aadbdb3db446baf39074ffe3e6c26bcc	Photos/IMG_1333.JPG
07359a1f5cbe1eda40e922cdf645bd66	Photos/IMG_1334.JPG
3705afc3392ca3f8219848a3a2184886	Photos/IMG_1335.JPG
0fdaddb8498ecfb1dfee805136e0143f	Photos/IMG_1336.JPG
45cf95f51465e157ad5bf4d47481ddc7	Photos/IMG_1337.JPG
4da993971a96be421b77dc687d01cbca	Photos/IMG_1338.JPG
3a11a8da51790ba20a9e8aefa446e46a	Photos/IMG_1339.JPG
24857ac7e28513594dcbec079a1788c9	Photos/IMG_1340.JPG
2b938c1e56a3f8ad8fc071792f1d89a9	Photos/IMG_1341.JPG
4d4f5a0434c2632e70302097622e0079	Photos/IMG_1342.JPG
b4acbb2fd0932d46b77f4a48506e6880	Photos/IMG_1343.JPG
e44d08d1115958b5200840c731e15296	Photos/IMG_1344.JPG
f51c2c3a5c1615b3e43f37c775bc44b6	Photos/IMG_1345.JPG
b3cfeca4349c6563d5713ced24927c78	Photos/IMG_1346.JPG
2dedb848f3ca8106cd7eadad568f9496	Photos/IMG_1347.JPG
c685859b6e4329037577f11b30f071d2	Photos/IMG_1348.JPG
6b7d94ac405c4cc332fa1833412234ce	Photos/IMG_1349.JPG
2f84e302988e6fbc79254fd10598d575	Photos/IMG_1350.JPG
36c42e58e2dddd17ec9d0e4b78ad8f68	Photos/IMG_1351.JPG
7fdcda620c3c29b922e5e2195226c746	Photos/IMG_1352.JPG
80b645b9878aa8f8e368a907ff1959c9	Photos/IMG_1353.JPG
316b812ed0438d22bd106ee24c0465cb	Photos/IMG_1354.JPG
9861c0100d9c04e8b5a0ad9bbca2ab06	Photos/IMG_1355.JPG
0943ca442b52abcf4aa24a1d57b95553	Photos/IMG_1356.JPG
0c339fd38644c84989d8b94636092c51	Photos/IMG_1357.JPG
a44c49a857527bc3fe56d1826c612eb3	Photos/IMG_1358.JPG
3594f5d891ed0045bc7a04cc69b1d0ab	Photos/IMG_1359.JPG
19d61851be197ff29d9d7db7f54ea2b7	Photos/IMG_1360.JPG
1c736298ab7526ce72655ced6f073a0b	Photos/IMG_1361.JPG
c7b9d78161d01077f19f537096aee65b	Photos/IMG_1362.JPG
d009bc829c2285789117d40618df12ce	Photos/IMG_1363.JPG
9d37fbf088520e75ff201eb59e469f7c	Photos/IMG_1364.JPG
9372109528d23d77d4274abd8d6d4aef	Photos/IMG_1365.JPG
4d791772dadb896d33548d5f26ec723d	Photos/IMG_1366.JPG
47b467d1af292710e658aad833d53952	Photos/IMG_1367.JPG
41ac20aee1635cdad9c18e76e2a1a8a5	Photos/IMG_1368.JPG
304e7d3323074635f3cb9907caa7eb91	Photos/IMG_1369.JPG
d6847f164dfc3d0e3fc6c30ecd60eaad	Photos/IMG_1370.JPG
0e2b5e5264ffce29f8a592b460cc964e	Photos/IMG_1371.JPG
7b9bf6b5d91896ffedfecb793fe40e46	Photos/IMG_1372.JPG
699c9b70fbb128f7b7868736555200d6	Photos/IMG_1373.JPG
b7e2863e38dbd2774c573ac0742ca368	Photos/IMG_1374.JPG
4e3cc6be11c112c532b45f1c405bd86f	Photos/IMG_1375.JPG
dfb51b5e84ac61ed211cb5625dc47cb4	Photos/IMG_1376.JPG
1a1e4ecd4c248d53ab54d3d6c8c3e2a3	Photos/IMG_1377.JPG
8309d343ce0493c16efacbf484a9a3ae	Photos/IMG_1378.JPG
2b6da4adc1c87faa4150be83adfa7105	Photos/IMG_1379.JPG
c61bf370c9ce569d258750eff8eded55	Photos/IMG_1380.JPG
944d7f02f7083929842b9e6e073ce7e2	Photos/IMG_1381.JPG
1c5e16f3547e266295bd91d16ce79cd2	Photos/IMG_1382.JPG
11d9ecc3775285e26e39532e7b9b713d	Photos/IMG_1383.JPG
e644cc8c50490e1b00857a23ef89231f	Photos/IMG_1384.JPG
efadf54fea89fc539bfe39e8813cc86e	Photos/IMG_1385.JPG
c1b07c6eac7807d1ae048034f517e606	Photos/IMG_1386.JPG
ec9eb1e96b696a9b7c6635690d05020b	Photos/IMG_1387.JPG
2997145502632210fbfa75c78770fd11	Photos/IMG_1388.JPG
6c5ed2d1047613921a65d713c3ae4a9e	Photos/IMG_1389.JPG
0b0da10947b8990cadea439c7fa88c1c	Photos/IMG_1390.JPG
d7ba3c70b62a19da91e47ae20b18c821	Photos/IMG_1391.JPG
7f4b411cb275916247ba2def47e11925	Photos/IMG_1392.JPG
97c7381e92b6169e892e4b3163e5c8ef	Photos/IMG_1393.JPG
f2a0cae3f91fce5707a57e7b885f531e	Photos/IMG_1394.JPG
35d1ff0d40b84d26d52c04e2cfa19dfc	Photos/IMG_1395.JPG
449ad5337eb19606d8ba095d7c772dae	Photos/IMG_1396.JPG
e522304b39c3a9e4fa35cd8014f090b7	Photos/IMG_1397.JPG
267e57c434879e9b0e889e45bdee0f12	Photos/IMG_1398.JPG
759fc4b2f41bc1268cf3401ad6ca2418	Photos/IMG_1399.JPG
c1e969170ad27a0f4632bca0fb1f5d79	Photos/IMG_1400.JPG
a799e46dca6110b394d0f06e2e46499d	Photos/IMG_1401.JPG
f59520db653f5bbd9e8e446877334c14	Photos/IMG_1402.JPG
b8ba641dc8b489857b471d6f2d7e9b6f	Photos/IMG_1403.JPG
cd0f71d04676a6dbce459de56143a686	Photos/IMG_1404.JPG
e957f33eaf78bbf7d4a7f9b0c5d07daf	Photos/IMG_1405.JPG
1264c126e84ac8031c9506190b8d4caa	Photos/IMG_1406.JPG
076111fd3177acef3abe066048e655bd	Photos/IMG_1407.JPG
bbd2fc24c475690c7940a2f756ec1ad8	Photos/IMG_1408.JPG
fd4efd79c27219f1ef557899fa539f0e	Photos/IMG_1409.JPG
69349c1cd0c2161ff6e7141cd9642b93	Photos/IMG_1410.JPG
cf658fe02b81373125753bfea2b92784	Photos/IMG_1411.JPG
6b8362ba9ea672952d7beb01a548ba97	Photos/IMG_1412.JPG
d50d9bd9ef9f22389d8bc8cfdf1474ed	Photos/IMG_1413.JPG
9b7b287d9a20372d5ac5d5c99c55304f	Photos/IMG_1414.JPG
b3e59e0b66b7608edcef840459591326	Photos/IMG_1415.JPG
e78a07b91b158ef378e0ffa3c62143fe	Photos/IMG_1416.JPG
da3782213345f5a1602c30589bd739e4	Photos/IMG_1417.JPG
0514c15b1edde8787244cb67ebb7bda3	Photos/IMG_1418.JPG
faa316daacb8a97571ce62fe4ad89e0d	Photos/IMG_1419.JPG
2c00c7355cf5a838c92d8b41a964a241	Photos/IMG_1420.JPG
cf87b313fac29febf632ed283390b5c1	Photos/IMG_1421.JPG
3b0b36770b2852af283129c562e2a7d5	Photos/IMG_1422.JPG
1e8036214c259f2ef0dde925f99f1b23	Photos/IMG_1423.JPG
23cc654c80677a0c0f937723b42349a8	Photos/IMG_1424.JPG
8ec25b4973c1be5f9e850739aef3b0b6	Photos/IMG_1425.JPG
b2b4e5419895fbb1c2249a6d0c35f6d0	Photos/IMG_1426.JPG
ee2cef265c4402516873a174bdd768e0	Photos/IMG_1427.JPG
ebc4520bc6ee22c3906595f2a1975713	Photos/IMG_1428.JPG
ae639a066a3aba6c55fa04997425f276	Photos/IMG_1429.JPG
5aa473251244c87f0aa9a12bdebd1e52	Photos/IMG_1430.JPG
aa1329600eb032291168f56a9a565ef8	Photos/IMG_1431.JPG
a5c3d51c2376615705d8c7a548e18d1e	Photos/IMG_1432.JPG
8ec3fad688c388bf50aede8da11e3ce2	Photos/IMG_1433.JPG
95e240409d6bbbf084efbf8156dc5e29	Photos/IMG_1434.JPG
a2339819a561c3188e535051eb3951d7	Photos/IMG_1435.JPG
3cddd29f76f322c521a930685826023f	Photos/IMG_1436.JPG
753db99f85863b9654763cf1ddaa4eaa	Photos/IMG_1437.JPG
9caa730b56e166bd03275cca669d7b9d	Photos/IMG_1438.JPG
b7ef074afac3ba215ba03de12a4bc44c	Photos/IMG_1439.JPG
57ede90d86df1674752b445350ca70fa	Photos/IMG_1440.JPG
0659ca57f5e22bfd7ad34cebb41f9b41	Photos/IMG_1441.JPG
3758c0b510dce919a054eab53f8632ae	Photos/IMG_1442.JPG
b43d34f0c8e994629bd9bfaf6bffdc87	Photos/IMG_1443.JPG
8d7d47f98b3a609a51840756a6de53c3	Photos/IMG_1444.JPG
707af1750e629aafdb6f417f140272db	Photos/IMG_1445.JPG
5e4d8ac27f2bcd36c97150b70a0e0a54	Photos/IMG_1446.JPG
c7e7135dbf74ab3d1ae75855e10479ed	Photos/IMG_1447.JPG
d4ed8b811230e8a76b8c6d98ba362f89	Photos/IMG_1448.JPG
ee2abc0cf96d292ff1b047f01beb5cdf	Photos/IMG_1449.JPG
8ea4f9e6376ad43cc319a92280639107	Photos/IMG_1450.JPG
0344daa8ee26da73b02c853fcb9d47b9	Photos/IMG_1451.JPG
6c865ddaa85201be84b2cf886d28e9fe	Photos/IMG_1452.JPG
894604d974c2ecf95b332391c4dbd6a1	Photos/IMG_1453.JPG
bef93674cf372dc96f292b455ce977fd	Photos/IMG_1454.JPG
cb6e894a529886f049a4afd97c948b7a	Photos/IMG_1455.JPG
c0c67a7f419dbe071d43bc68786794a9	Photos/IMG_1456.JPG
4cbf75818bf94f8e7a80b8696b4380bf	Photos/IMG_1457.JPG
d9f86428a5261777032b633d18d806cd	Photos/IMG_1458.JPG
20e49383b42cf6a09b7aea11cdd5346a	Photos/IMG_1459.JPG
f91957b3f9d62256120fd26cce982196	Photos/IMG_1460.JPG
126a99395bbb20f7d08e8e9fa58529da	Photos/IMG_1461.JPG
b53d5619b41f603f745b9b586d8423f4	Photos/IMG_1462.JPG
7096feb3fb05e8e2451c9b124bca705d	Photos/IMG_1463.JPG
7b3183f3a2c843dc3877807fe9456b85	Photos/IMG_1464.JPG
bb5f7eb21fc29a76a607a9e05af4e15a	Photos/IMG_1465.JPG
29f9b06b185d15232b6455485273a238	Photos/IMG_1466.JPG
5cc99995ac941867a06e86a514cdf20c	Photos/IMG_1467.JPG
24f2180a351505397be659b09cc933f5	Photos/IMG_1468.JPG
de0f77bf989dab0519fe67f72737e0b3	Photos/IMG_1469.JPG
b754c16c5c2e14ac7ddef13acb478632	Photos/IMG_1470.JPG
8cbafe0cce8521d544ef9759e167aa31	Photos/IMG_1471.JPG
154b645f1c91f99012e0f4ac70b7c0cd	Photos/IMG_1472.JPG
2f0671bf7a15feaf1ec7367fccfa29b8	Photos/IMG_1473.JPG
196e7317f2525188ebdcb7b9216728c9	Photos/IMG_1474.JPG
846af31f0f9c490988f537e3f4deff73	Photos/IMG_1475.JPG
002342edd0d489dd8918776bc82fc1bc	Photos/IMG_1476.JPG
dcf5bad943b0b8731d16c8e4f0dfdf8e	Photos/IMG_1477.JPG
35aaac4572b08c978dcebbadff53608c	Photos/IMG_1478.JPG
4ebcd00074c179e8664f4549ccb6eac9	Photos/IMG_1479.JPG
8e36c0709571f510e9c4fd32d853cf6e	Photos/IMG_1480.JPG
11b4316d09cbc5435da660af0a3b3aa1	Photos/IMG_1481.JPG
7601f61ad4e81b8ca13d09770afa05c7	Photos/IMG_1482.JPG
fc76ca4d158900dab93d8142c364fca9	Photos/IMG_1483.JPG
715d163ba73dfe59e1f92df9a4d111cc	Photos/IMG_1484.JPG
087d9541297fdec846c1c71395344930	Photos/IMG_1485.JPG
58e0c33c0403f11b0e75a37b0b7a3900	Photos/IMG_1486.JPG
dcffbaad3efb079ff5a74cc4697203c0	Photos/IMG_1487.JPG
11d1fe041de3891201562745fa04b0bf	Photos/IMG_1488.JPG
844b19e2f4e5049e0abcbf65c3a47a89	Photos/IMG_1489.JPG
8a96c6624f4eae76802e249735c3890a	Photos/IMG_1490.JPG
a38ccda7268268a91d927dd6eadb9ebc	Photos/IMG_1491.JPG
3d4931f78343c9a24c8307b072f4fdd4	Photos/IMG_1492.JPG
1d695429374d103151e323b4ed895124	Photos/IMG_1493.JPG
5f3e475097bd4eea9309287168659687	Photos/IMG_1494.JPG
9bdd4cc229d8e8b182ee576f31340693	Photos/IMG_1495.JPG
4cdc34c7c26941dfd92b0222944f40c1	Photos/IMG_1496.JPG
557c46c807c03ba0e8fa819f05eab6ed	Photos/IMG_1497.JPG
9d93343c470707034797e8c90ce249d6	Photos/IMG_1498.JPG
91f9a0703478a16c0e28bf8433d58e7f	Photos/IMG_1499.JPG
3712af8c5a4c2d9b461234b8d887e685	Photos/IMG_1500.JPG
d92a85168ad211df2c94059afa851b73	Photos/IMG_1501.JPG
396c9c40e8f541b16813df1f655d9532	Photos/IMG_1502.JPG
d899e1e83a63f3bda6fa3bad082f23f8	Photos/IMG_1503.JPG
58936142f6cde9a3e31c6925f3c412b2	Photos/IMG_1504.JPG
4d98f959c5ca9c6b730b37f982872040	Photos/IMG_1505.JPG
ff0f2f00066996fcdf8c2b8912046a4c	Photos/IMG_1506.JPG
d072f2a16d4b24b6e22e09fe80fd3c91	Photos/IMG_1507.JPG
08ee506814040f28fb77a647106b0ed8	Photos/IMG_1508.JPG
73c04b2fe31062803882df73ed93061c	Photos/IMG_1509.JPG
5425748fa992addf7760c812da3bd754	Photos/IMG_1510.JPG
d03bf0825375133c590b1b374479db62	Photos/IMG_1511.JPG
cb5d8836ced5f62bccd5c361c122a2c0	Photos/IMG_1512.JPG
0911279411cdc5905282c742b7d2d067	Photos/IMG_1513.JPG
65a90f040043db936283a5f36fcadc50	Photos/IMG_1514.JPG
ef513170dd214adf305028e2e48fdffd	Photos/IMG_1515.JPG
0edcc91dc85ba2c68619e251830ee747	Photos/IMG_1516.JPG
cec79498a712f390d97fffdc0ab181fa	Photos/IMG_1517.JPG
3ba21e3bdf4edc6ca8e2ae91aaeeb340	Photos/IMG_1518.JPG
72e23f31be42b26cc6c53856a7ca9ae3	Photos/IMG_1519.JPG
d7794fafd3c2f7c62d982e9bf74929c7	Photos/IMG_1520.JPG
6b283891675d5427866dd7097499408a	Photos/IMG_1521.JPG
41bb9a840676490f79e6b6011adeeb20	Photos/IMG_1522.JPG
129ebb4bdc7cb0799a9962802b014225	Photos/IMG_1523.JPG
35e8194fece5a6273f8cb5a274f41ef8	Photos/IMG_1524.JPG
8193fa67019d76112e5944eb14d6bd2c	Photos/IMG_1525.JPG
435722cffbe2e4bd1615e7a16e7e5e7f	Photos/IMG_1526.JPG
875d7f92942bb1aa32744fd6208b9fb5	Photos/IMG_1527.JPG
e3b27678ecf2101eb2b55934694e12f6	Photos/IMG_1528.JPG
7fe1a8d9a5c9bc53c31166d033b2b006	Photos/IMG_1529.JPG
c07e6d881d57fb3dc9717a03d3177c58	Photos/IMG_1530.JPG
c4539ff23cbe26df32d13f28f33970af	Photos/IMG_1531.JPG
cc15f9ff4883a230275cf74bef0e811d	Photos/IMG_1532.JPG
6e8e8565c964db08538b56e17a7073a7	Photos/IMG_1533.JPG
9ed171d1a33d0500faf17fe42f4f6e01	Photos/IMG_1534.JPG
8b63dcb735d1ab8ad93e1ed7e1111f10	Photos/IMG_1535.JPG
3393e8bd1e666d3d91e9fb2bae734a9c	Photos/IMG_1536.JPG
57c1dc8861cd5f380757dd3cfd8d4703	Photos/IMG_1537.JPG
18142a8c4882baf6c737c9c395dc2641	Photos/IMG_1538.JPG
4536785a164a74932feaf8908f40e616	Photos/IMG_1539.JPG
fbbbfe8b058c2f53ef38d374df0e7845	Photos/IMG_1540.JPG
d7bbb5bd51b9bd2fc137c44bea3cb5b6	Photos/IMG_1541.JPG
bb73b22d0902118a73273b5c050507e0	Photos/IMG_1542.JPG
1862a8f087219449c19cbde2bce4c656	Photos/IMG_1543.JPG
91b4d4888fc38994da38299a3b459826	Photos/IMG_1544.JPG
14f73a73cf9712b6736de4cc1e609d13	Photos/IMG_1545.JPG
03fb4407d7d6fdcab8b78f358ce982bf	Photos/IMG_1546.JPG
d9b51106c185f25a99082747b9645f28	Photos/IMG_1547.JPG
ee9163520d953beb86427a2e9f8887d3	Photos/IMG_1548.JPG
971e020a48f63e137c8824508d282090	Photos/IMG_1549.JPG
d56bdc14a0bdc0f1b5dc68cf559c970b	Photos/IMG_1550.JPG
70d7dd1e879637b0e925d154ae35deea	Photos/IMG_1551.JPG
28a1be5d1d02135b1892e11979225e6d	Photos/IMG_1552.JPG
f1fea73a295930c2f6e49e734c5124ed	Photos/IMG_1553.JPG
c9c1739db7e06b23d43bdcadcdeca40d	Photos/IMG_1554.JPG
7d1b80e7ac3bee78d13f5c4b6418bc66	Photos/IMG_1555.JPG
386751b9667aae3692be803a895c2208	Photos/IMG_1556.JPG
99cc48ba7724fa25297fbe627eb61fb8	Photos/IMG_1557.JPG
7a4e946180f579a32f2797e246c9cd80	Photos/IMG_1558.JPG
5286fdf4227515a56b746d1d19992e69	Photos/IMG_1559.JPG
5b6c29fd31dc2f35c50aff78cfd4f490	Photos/IMG_1560.JPG
950556749aaf438ae5c6c7bbd266875a	Photos/IMG_1561.JPG
6b47a247aa347efb1d724ca6b0fadca2	Photos/IMG_1562.JPG
cbd3e63fbb4a265ea8d0c1f7e935dd9e	Photos/IMG_1563.JPG
ff7e8e6dd1912d12b4f7422cb36c3dff	Photos/IMG_1564.JPG
0bfa97f30f67a85b0b8d77409079a069	Photos/IMG_1565.JPG
37a128c1d772c9fad94f5748efa7415d	Photos/IMG_1566.JPG
d51e5d02a10c49ef3a9303bb3d035e10	Photos/IMG_1567.JPG
e3807604fef7d8dcb4f0ec65078244aa	Photos/IMG_1568.JPG
cdcc2b31eb1435ff17d0b92686a37531	Photos/IMG_1569.JPG
03d8439674b4ce903fcb78375d5dbe58	Photos/IMG_1570.JPG
f0d4659a6486c1d63e39a761677dd665	Photos/IMG_1571.JPG
5062d9d1aabff05078545f81b36e290b	Photos/IMG_1572.JPG
16c08cc70576135b3cf4740b735284e7	Photos/IMG_1573.JPG
ba184e63261e1c68425d655a230dd3fb	Photos/IMG_1574.JPG
f1aa9b4b3dca77d63155f7faab93c7e9	Photos/IMG_1575.JPG
7ccd3523ad8c36234ce9fc94c2f15a28	Photos/IMG_1576.JPG
6d2f20d750080a11897220a77971936e	Photos/IMG_1577.JPG
551e28e0f621351345f7c72e8c1626c2	Photos/IMG_1578.JPG
9396d6f0a0e5cb4bc36acfac30774ede	Photos/IMG_1579.JPG
612ca6ba2834c466135ee85a0c448ea7	Photos/IMG_1580.JPG
9f72a7423fecb0ffc0ec0766149850b0	Photos/IMG_1581.JPG
09fb3175cdd32fae88a99fd5579787d9	Photos/IMG_1582.JPG
6ef59fcfc731a008c91b9978f5790f9f	Photos/IMG_1583.JPG
d3fb9e9be56a5c5ca3cb5c5d5a5dcace	Photos/IMG_1584.JPG
a7b6fbff7888f63c6df50568eb872065	Photos/IMG_1585.JPG
d08fdecb9d6c1f1e933d479a03b94e42	Photos/IMG_1586.JPG
40377551d1fd4fd9a770eaab32e4bd62	Photos/IMG_1587.JPG
750bc11129baf9ae8de3870449816a8b	Photos/IMG_1588.JPG
3d325e50a4898d3a44d25b96c98654e8	Photos/IMG_1589.JPG
a2a76b2575f6402f75071ecedee89065	Photos/IMG_1590.JPG
0bd71f211e39876e64606f4643a443f8	Photos/IMG_1591.JPG
a0fc316b3f166e0937a5681f109e9c1e	Photos/IMG_1592.JPG
75815cffd4cabeaab6ef8193dfd1e727	Photos/IMG_1593.JPG
b3a93640c1c47684224003fe668f1b38	Photos/IMG_1594.JPG
4a308eb691d8314fe2b523f6ba5dfaad	Photos/IMG_1595.JPG
94cecbbbff341496b297fc7de65e6956	Photos/IMG_1596.JPG
fc37cf4e2f1d755d05a0e71b24113bf7	Photos/IMG_1597.JPG
534c506e30a377f37cf3974d7b3808eb	Photos/IMG_1598.JPG
a3ccc221f4973fde3216a301b217eb94	Photos/IMG_1599.JPG
ef57d51e6f0701c03f23d6665c43c205	Photos/IMG_1600.JPG
707a6660d5b9cf26eb21ae00daecf875	Photos/IMG_1601.JPG
54f62a7841d4e6d2f4830ee33e4a958a	Photos/IMG_1602.JPG
3803b175a69fd2d2b092c2a898d8cfc4	Photos/IMG_1603.JPG
1ba9ce8b1c46aefc9939b5030aabb113	Photos/IMG_1604.JPG
c1aa2f6b750315a74de90036642c72ad	Photos/IMG_1605.JPG
696ac8c2758fcd7b9d12868591791ae8	Photos/IMG_1606.JPG
e3c494e2c4199f2e1003a7ee7a83434d	Photos/IMG_1607.JPG
06f4637800d6d9b9c3edb28ef3dc11e9	Photos/IMG_1608.JPG
e1940897af9b802ebf400ebc0ce9dfdf	Photos/IMG_1609.JPG
d931a36db4f7fba636c40ef800cb16fd	Photos/IMG_1610.JPG
1973a47296a9fdb8a99f84131b1de871	Photos/IMG_1611.JPG
e67ae53974be600f23572cf71a217567	Photos/IMG_1612.JPG
e593f1219605d699207b7339adbb8c07	Photos/IMG_1613.JPG
332d45bb70850add520ca684275813c0	Photos/IMG_1614.JPG
74261ed07db3e9d8e82f487447c6aa67	Photos/IMG_1615.JPG
7148941281bc7d70d388c6817200f095	Photos/IMG_1616.JPG
b03a7530765dafa1a843e34b0e0fbda7	Photos/IMG_1617.JPG
c7b1b0b80654a0b7b2ad256fd427bd07	Photos/IMG_1618.JPG
e87cba07da130ed71f981bc15d78cece	Photos/IMG_1619.JPG
ab9d2b7fe511810d8948fb600e89ed86	Photos/IMG_1620.JPG
f1c532a0f7733ba67044c32bc6c853e4	Photos/IMG_1621.JPG
c1057ab9c613244e4798c86a41c0d2cb	Photos/IMG_1622.JPG
1c1a02ff8263580d93fb11a67958a325	Photos/IMG_1623.JPG
4ead461523739522c5785e2f1e91417c	Photos/IMG_1624.JPG
185f6198513517a405520652d221d4b6	Photos/IMG_1625.JPG
50ddadbe0940a08d14576da893e98335	Photos/IMG_1626.JPG
dfd205e4c1942fb38c25ad9e09592451	Photos/IMG_1627.JPG
8f21107e516fbf7617ddd8c1b62105a7	Photos/IMG_1628.JPG
db5886aecd91d8610ad0cf71ccfcd4f9	Photos/IMG_1629.JPG
ea8733df7f8b931dc24c654a84752ddb	Photos/IMG_1630.JPG
0e386f65ef13ef4bc4a32db638a5d419	Photos/IMG_1631.JPG
2f47a1d8e2f095a30bcfccdc4ad3b1df	Photos/IMG_1632.JPG
89ff3fe205049bef3320363e85293d71	Photos/IMG_1633.JPG
1b406d16051d1a1fa776a25d49d5dd70	Photos/IMG_1634.JPG
ea09e26e0c82361311e90fa11148aa38	Photos/IMG_1635.JPG
b5cc2c62bcfb94a4454f4775401ffd1a	Photos/IMG_1636.JPG
114c639cbf80dc427e07c634123d12df	Photos/IMG_1637.JPG
c46603a693c1d95ca991e7ba31e45d5f	Photos/IMG_1638.JPG
a8ef8bc310b678685b26e82bd5bb4c22	Photos/IMG_1639.JPG
9c74ec0107530cc0662d526a4cf8b83a	Photos/IMG_1640.JPG
1b480babeeb37ba4005c0386cd2440ed	Photos/IMG_1641.JPG
2f0a1e1953ab362b4213f26421e26ff8	Photos/IMG_1642.JPG
330321583f56df48fe973b95d6989dd5	Photos/IMG_1643.JPG
458db0b7ff059ab4d33a5e8704e7c7ff	Photos/IMG_1644.JPG
36ab4e0a21cb4acb7c4147ed50c9c2f5	Photos/IMG_1645.JPG
3d91d3a9212f861c269c525ab5b6619a	Photos/IMG_1646.JPG
ea52cdb5c33c41cb0712548ee806d3b7	Photos/IMG_1647.JPG
ed9d999d723b4cc88a12af09e9abaf87	Photos/IMG_1648.JPG
f4db427797b53536d306a7cda9b35ee8	Photos/IMG_1649.JPG
54fbb6c6768a1549508324b0410199ef	Photos/IMG_1650.JPG
988cbe0d9d3a8b79c2277684beb319e1	Photos/IMG_1651.JPG
4738a41c60358832221eb9a6b7685274	Photos/IMG_1652.JPG
a8ac6e8be96c0039e442d32b1a61b7f4	Photos/IMG_1653.JPG
34b3fcc8c4723ea7401346bd5913bef0	Photos/IMG_1654.JPG
adea98ab792a804a0d41153abd00dbc0	Photos/IMG_1655.JPG
5ecda20bdbfd39348d1bb2f722a34602	Photos/IMG_1656.JPG
be2b6a55db81e46b1775007168882236	Photos/IMG_1657.JPG
233c7044963daac2c45145c5a5ef130f	Photos/IMG_1658.JPG
025d582c3282429ff78405dee9a239f9	Photos/IMG_1659.JPG
9eb44ef77ca3b6d198e083878ab599fa	Photos/IMG_1660.JPG
71d4d6af0c311420ce5ba7e4544f1c30	Photos/IMG_1661.JPG
ff3cee423b0ca99b8125001c622fc9c7	Photos/IMG_1662.JPG
0082f4380ea2e5581cc7fe11ad14b22d	Photos/IMG_1663.JPG
43a3a33c0bd6dd6dac6d1e1e4fa215f8	Photos/IMG_1664.JPG
213d9acbf1e97624719c46a71ddf1332	Photos/IMG_1665.JPG
fc49830226b45aa653e532396fd57f8d	Photos/IMG_1666.JPG
86ffd3c144176ab07e13843e912f4a14	Photos/IMG_1667.JPG
5b23eaadac2eaef389cc8680393641f1	Photos/IMG_1668.JPG
6a7c9cca9dd77e74e5e120cfce2aceb5	Photos/IMG_1669.JPG
57ba50571c1d600ed6fa74ab1245762b	Photos/IMG_1670.JPG
a5dcf27717784808aa3add01567619b4	Photos/IMG_1671.JPG
ca498704fda9c360cbaedd13c62fbdd1	Photos/IMG_1672.JPG
dd4df874d893f3f0f05ed93f6d37a280	Photos/IMG_1673.JPG
bada691f569dd74dcf3480bfa7d21d2d	Photos/IMG_1674.JPG
f4c974860584f6b5a17ca726fe383857	Photos/IMG_1675.JPG
3fcdf6b8b2b76fb98d7244d7e4573b0b	Photos/IMG_1676.JPG
af161537b24c8b23dd2fb9b082816512	Photos/IMG_1677.JPG
f274952c2640dbe998e5e9abd6ffa1c2	Photos/IMG_1678.JPG
78aceb384084a2026cbd78ae18ee4e2c	Photos/IMG_1679.JPG
fe76991d9f9089fa688e6abae50680b0	Photos/IMG_1680.JPG
8a9a64c22b994bb51ce15bf29defd947	Photos/IMG_1681.JPG
b6ff5c0996b5e5f38adbab4f47453c10	Photos/IMG_1682.JPG
8aa84378ddcaed783825c5bf2688a8ed	Photos/IMG_1683.JPG
8a4d5d82bd6da4bd90830a56a6b62c31	Photos/IMG_1684.JPG
144c847d3ec6a497d55931aba67581f5	Photos/IMG_1685.JPG
b55b795f7f1257004a87abae3b364cbe	Photos/IMG_1686.JPG
dcaba49c7bdfccabf44996d79efb8cbd	Photos/IMG_1687.JPG
8e6009c87dc504a276054ecdf970a1be	Photos/IMG_1688.JPG
8fd8187b71ecb908adb94e3def01c9aa	Photos/IMG_1689.JPG
4924ab803fd12ef45479529f8acbab4c	Photos/IMG_1690.JPG
7e349b9d4dd291c879fe362e6e3ba83f	Photos/IMG_1691.JPG
10462d9aeb83e29d571f528bb2ecc4cc	Photos/IMG_1692.JPG
c74aadc3532cdeded76257f8558d51e2	Photos/IMG_1693.JPG
8660319125d01f16e94885be8697eb7e	Photos/IMG_1694.JPG
c9ab49463eac6557570c0ea94a48a4f6	Photos/IMG_1695.JPG
03739f6942ef470b6cb9f5010485de6c	Photos/IMG_1696.JPG
a8cb6bca16dc1cc5bd2e5ff7f1cc1f1c	Photos/IMG_1697.JPG
aa545b25ae2264fbbe10f55c4d6a5ef5	Photos/IMG_1698.JPG
664a59db67beb43495aeb7c228466511	Photos/IMG_1699.JPG
3ad7fb7f6cc05e62ec170e0840e765be	Photos/IMG_1700.JPG
a8a48e2301d1d162c1af8698d515048a	Photos/IMG_1701.JPG
140c350b56a08947b637aa1a8b619772	Photos/IMG_1702.JPG
2847dc122dc48afc87b4625100c0e2e8	Photos/IMG_1703.JPG
51ff91b22275ce4c60731e6eb099109f	Photos/IMG_1704.JPG
af7a5b664b7c98ce285a6508d944f1d9	Photos/IMG_1705.JPG
48a5a2ffb34746754f001c50c327fd0f	Photos/IMG_1706.JPG
86fe8f599303791784927c9a391283ac	Photos/IMG_1707.JPG
75673da5830d1a0f0b708032550127e6	Photos/IMG_1708.JPG
14dd4cd747c92cd1d8ffbf54471eba8f	Photos/IMG_1709.JPG
b5bb48f343822e62b9a12f1bc0fd956b	Photos/IMG_1710.JPG
e9f0a135311e6f627d49a0583175c4d1	Photos/IMG_1711.JPG
36869404e39caa85e6496491db8840dd	Photos/IMG_1712.JPG
05c7fcb5b0f91f255cd6290a0f22a6b2	Photos/IMG_1713.JPG
a3a269e6b7df7c3bd8ee803dc19e541f	Photos/IMG_1714.JPG
321b602cfaaed62ff1108dff931d71b3	Photos/IMG_1715.JPG
c1fdc3fb08fbf244b803c2b597f80fdb	Photos/IMG_1716.JPG
a859f3acadd2f63643fcd68274b99676	Photos/IMG_1717.JPG
c20f02740e11da5d7adb8039465671e3	Photos/IMG_1718.JPG
fbec0d82fed034791a900a13b2c9be48	Photos/IMG_1719.JPG
9d171e56bdb876721d0514d0b9afee98	Photos/IMG_1720.JPG
2548e679f490a9e980090c752b564c6b	Photos/IMG_1721.JPG
9b3bb14da1292fe88f0b8d30af2ce4bb	Photos/IMG_1722.JPG
06aa30bb31cc8d70f34be1280bbe66d5	Photos/IMG_1723.JPG
9001b7bf1aff6e9515a1cdd63f6a48a0	Photos/IMG_1724.JPG
31ca4834e05db3760ae66b3b0ddf95a9	Photos/IMG_1725.JPG
448709a85b187d5376e5fe018b044d61	Photos/IMG_1726.JPG
a9ef1f36ea7eace13e3d790223fe8ace	Photos/IMG_1727.JPG
46da4a056487f3ed853a80da226c2cd2	Photos/IMG_1728.JPG
e47bbfa01a033759fc73aa6dd8b2a245	Photos/IMG_1729.JPG
5cde3921579ccc412c6f1b6a9c5fdada	Photos/IMG_1730.JPG
12f8b2c0aaaa7614c9819b3c0cf2f6ea	Photos/IMG_1731.JPG
2670be38b4f93836d14da9adc07fb5cb	Photos/IMG_1732.JPG
b178c33f60cf15232b4b65ab773207a9	Photos/IMG_1733.JPG
56a75c9c86c69d0a33a1bda042b04456	Photos/IMG_1734.JPG
b943b7ee466652b5adbed32db209705d	Photos/IMG_1735.JPG
2de131743aa53593deaffaf604c7e034	Photos/IMG_1736.JPG
5afd4dc4e62dcdca0b3bd23d8f7a66cd	Photos/IMG_1737.JPG
96ffc415c5555e3a1c96e1bb028414ba	Photos/IMG_1738.JPG
836ade7044558102f21449d1a8363a5c	Photos/IMG_1739.JPG
1494d3c3166e69e14231538293f2fa9b	Photos/IMG_1740.JPG
50a6042e2eebddebf099d613b5608d0f	Photos/IMG_1741.JPG
a5a0f2a6f8e95f558d76269021372f29	Photos/IMG_1742.JPG
6df6fa15c5d9cbbae055ee0615e95af3	Photos/IMG_1743.JPG
5405664709cb91e55fa6f5554063495f	Photos/IMG_1744.JPG
3f492e62b95aba57175b5241c38a3096	Photos/IMG_1745.JPG
24a7769fb6c7ea1ac634084e579ca85e	Photos/IMG_1746.JPG
2459538f40e7d69833769a63cb7e6773	Photos/IMG_1747.JPG
64b9521a24b38244ccc92d18381c4624	Photos/IMG_1748.JPG
5104d57c6ce620396fad394f2e5e5b24	Photos/IMG_1749.JPG
6d5013de8bb77fab750974a9ac8aaa43	Photos/IMG_1750.JPG
e7859c86e43c0dc9efd02c71cc1e271a	Photos/IMG_1751.JPG
a12ad5aeb0d66fd9e97624c05fb5effd	Photos/IMG_1752.JPG
b08e9b554293b3fa1ddaf7095d964e02	Photos/IMG_1753.JPG
2e09ce52b3f64264bc6e93fc0cb3c799	Photos/IMG_1754.JPG
49dd427af58a80eb2c6086ca6acdc94a	Photos/IMG_1755.JPG
3713feaf973d5774388b0482f341da3d	Photos/IMG_1756.JPG
a70abced98a6ef7ca7ecde7679bb50d2	Photos/IMG_1757.JPG
71b03f2122de6ae3b1f038236491b761	Photos/IMG_1758.JPG
4076b549d1c752238dd2502177112f76	Photos/IMG_1759.JPG
4d5f21f65abdd486d24fcf9f1f18a64e	Photos/IMG_1760.JPG
45f66d36bbaa694acb391572c33f3d8e	Photos/IMG_1761.JPG
87aaecd8f68f06baac993c78f48a98ff	Photos/IMG_1762.JPG
5caa4cb733700cea2af9097ba4d80375	Photos/IMG_1763.JPG
6e2daedc001e816aeb670606acabee64	Photos/IMG_1764.JPG
3d855df812a6b8bf951e1e5a4b7f0f9e	Photos/IMG_1765.JPG
d0131cae35192f722f2bcef60145b52e	Photos/IMG_1766.JPG
b5e8c2f8c7a75af4f0490140884f2970	Photos/IMG_1767.JPG
b14d6efc1a757205ed054d90cbda4d32	Photos/IMG_1768.JPG
ee26355d3274b7f2c31a15a2dd8f8af9	Photos/IMG_1769.JPG
12823e1ca475251f4b45d628755dfd81	Photos/IMG_1770.JPG
cb8555884a24e37624a0015015c620a7	Photos/IMG_1771.JPG
be5140a7508648c37ab49d40f96f5c61	Photos/IMG_1772.JPG
239565d9c0f37df40c09cf0acebe392f	Photos/IMG_1773.JPG
af46de69bd54415d799caa175bcabdd1	Photos/IMG_1774.JPG
f14b356ee1a41d0d576a69727178f30c	Photos/IMG_1775.JPG
22b7acb3b3d012696ef0f797d59284be	Photos/IMG_1776.JPG
bed2a4ac670abb6e10a5ada51cc7315b	Photos/IMG_1777.JPG
d35dc0f2eaeb6f5a7ad773f4e721b468	Photos/IMG_1778.JPG
47fa8bf24d81995b494246bc63ee7c36	Photos/IMG_1779.JPG
98d7474bba5069dbc64bd1ac53bb202b	Photos/IMG_1780.JPG
11c528897f747b0a65fa7c0a47ae6976	Photos/IMG_1781.JPG
3c2cab982cf9021e3aaddbdfc0f0db36	Photos/IMG_1782.JPG
8e2291136f2f1a6283ffcd5794f6ead5	Photos/IMG_1783.JPG
771507b833c58207f076f2984405009c	Photos/IMG_1784.JPG
a0f4d53265942c0a438279c7a5b592dc	Photos/IMG_1785.JPG
25cae7fc8b46384eb51432c4533349f8	Photos/IMG_1786.JPG
e55cadd6bde364e7b2b6d2ac4e49a059	Photos/IMG_1787.JPG
692b57ed9b337d4fd358212d4515783d	Photos/IMG_1788.JPG
b5aecd47b5c3dc9d759e7499d2a8dd38	Photos/IMG_1789.JPG
8c46a6b0c3c1b3c9824c71da41180755	Photos/IMG_1790.JPG
3feddf30902d6ed55cfb736adc6c1de8	Photos/IMG_1791.JPG
ef826292b65968166ad7c885612a97e2	Photos/IMG_1792.JPG
b85c0a4ffacbb58bda842ff83d85c80c	Photos/IMG_1793.JPG
d02580e1ff29edc6cc1dc1a1ec7f4943	Photos/IMG_1794.JPG
85a2897a7fa50c5b960f41cd0206811c	Photos/IMG_1795.JPG
f0e26806cbf1af4f074cf35a1a000e0e	Photos/IMG_1796.JPG
4d3a7c0efecf4b26406d5c8edb58690d	Photos/IMG_1797.JPG
09350f85c874134bf732bd1752278a3c	Photos/IMG_1798.JPG
900cc7e310c37d64399aec59f1d72dd6	Photos/IMG_1799.JPG
cb03a1b4ce99f6a49c6e8cf29f00f7e4	Photos/IMG_1800.JPG
98fa8a8bb1387a6ce5482b02470fe11d	Photos/IMG_1801.JPG
70834295cf4b2e820938606a07e4cbe2	Photos/IMG_1802.JPG
a1d6e2e36ea920161011f1ebe855b213	Photos/IMG_1803.JPG
3f713c6fc31c53ebbf9392201d80d43b	Photos/IMG_1804.JPG
044a71718030b5ae310670d7be86616c	Photos/IMG_1805.JPG
05e48964f3914a846aa6f7d6b91d29df	Photos/IMG_1806.JPG
40fec454ca92455f9693ba59bf5a8633	Photos/IMG_1807.JPG
c344f3b236b33fd8c2d9e5574bb112a8	Photos/IMG_1808.JPG
55da637a39f7ff4a4c7380a80765ccc0	Photos/IMG_1809.JPG
9ded749fa5f5e6dae35ae3ee775fb073	Photos/IMG_1810.JPG
76b023dd5ad64395a80944be7b2fcb20	Photos/IMG_1811.JPG
35d4dc7cf1f4f92f6dc719ccc88d8528	Photos/IMG_1812.JPG
82dbac9d4f08c82ce2cfeb95a576e5bd	Photos/IMG_1813.JPG
c51aaf52e66814626b531c04ce6308c9	Photos/IMG_1814.JPG
74697ca2ff4b34aa6a29a28faf0385c3	Photos/IMG_1815.JPG
902423076db25b1b0f37806c20ad35a6	Photos/IMG_1816.JPG
29edb18ccfd2e45f1dcc7f5be4a5c3d5	Photos/IMG_1817.JPG
b64f24e987cf5354dd22f345ff337f59	Photos/IMG_1818.JPG
94b3221402e032fcaab2495ed2808da7	Photos/IMG_1819.JPG
d29eb2815afbffa17605d1283c3c568e	Photos/IMG_1820.JPG
c4d1d52cc10edc3a9edb3d0cfe9cc933	Photos/IMG_1821.JPG
399d879c33a041916f8f19aed6c626a7	Photos/IMG_1822.JPG
8d64d98b4224dd40ebe726569229f722	Photos/IMG_1823.JPG
d6e0a87dee912cdfb51ecbbf157eca14	Photos/IMG_1824.JPG
c6533ce2df0f46e7747f728661c4cd44	Photos/IMG_1825.JPG
db361070409f14cdcb7e872e093dd228	Photos/IMG_1826.JPG
096fdc971265bed6dbafe923d93fc63a	Photos/IMG_1827.JPG
3a9fff639602f9c47539b1d1fcdffc66	Photos/IMG_1828.JPG
dc792488cd8f5eb93769f578dad0d9d1	Photos/IMG_1829.JPG
fa8b40c7c3b8f651e5f75b2f9673f88a	Photos/IMG_1830.JPG
27e1e4d65f2134b97bbb478eb1c4bb8b	Photos/IMG_1831.JPG
4057132c954c0666245c27200fedec10	Photos/IMG_1832.JPG
26edc456ed68ae68e9ff2e0bbaeb4717	Photos/IMG_1833.JPG
5d30f4c55adce07c06b1b6c08d38939b	Photos/IMG_1834.JPG
627a0d3055f6c1dd9f8fe75ec688acda	Photos/IMG_1835.JPG
126afaca8e9963a9acb68d57757717fe	Photos/IMG_1836.JPG
41a8a62b65c7c9ca95462cb4df0eb0f3	Photos/IMG_1837.JPG
db4053d7e42bc669fb1234aa5a96157b	Photos/IMG_1838.JPG
0cdfe6660445620b1e2552670fc65f28	Photos/IMG_1839.JPG
3b713fe4d3ffe7f475626eca03858297	Photos/IMG_1840.JPG
835432b73bd0ed5731bed133e512959b	Photos/IMG_1841.JPG
85705c7b9ab377303660d014f7c3aafa	Photos/IMG_1842.JPG
5e0a535c4a1438d137b37f5203ce2400	Photos/IMG_1843.JPG
1cf0b97349038cd13d1dc4189c071a25	Photos/IMG_1844.JPG
18def9fdfed763bff232e5ca6403ae73	Photos/IMG_1845.JPG
9d2b07ed51b63f1dab63b29ffa650a43	Photos/IMG_1846.JPG
025d6be47147a766b50572f40022c11f	Photos/IMG_1847.JPG
42869cc8bd47423f43919ab6c37351b2	Photos/IMG_1848.JPG
8d8fea83eb213f3d229018cfc3afd145	Photos/IMG_1849.JPG
7308776971acdfd3cc28c70f29b85253	Photos/IMG_1850.JPG
c9a85aae5e31a0a1a519c05d5bba2c10	Photos/IMG_1851.JPG
45ce2b8c6463e01206d224cd20b5d25c	Photos/IMG_1852.JPG
56e17ed8a2c2c707d168de6ef2c79079	Photos/IMG_1853.JPG
59cba426742c1ee8778b9b2590034966	Photos/IMG_1854.JPG
513080fedf7743ce033e3ed149cae4a0	Photos/IMG_1855.JPG
ed854397e737aa7673430728040dd6f4	Photos/IMG_1856.JPG
b40a82ca87586b068c6f25c5259d33d9	Photos/IMG_1857.JPG
9e2cc05696a36d6dad3c072e08a648a1	Photos/IMG_1858.JPG
79f8fb81804789fe50a4178a2da70dc0	Photos/IMG_1859.JPG
20bf6d7e360bdb4f4c4a2d3b11fcc0f2	Photos/IMG_1860.JPG
9486017d121c139d9b6c2130a880fcc9	Photos/IMG_1861.JPG
81e9926d6a72a55d4b848c80b830ec78	Photos/IMG_1862.JPG
e4343742ce8d6158aec7a937307d4bc5	Photos/IMG_1863.JPG
668d69e53cf0058629bbc0746d441a8c	Photos/IMG_1864.JPG
038c21bc7789c8e7682ae4b83de49bfd	Photos/IMG_1865.JPG
f0b2744bf48035c8c7759e4af032ba7a	Photos/IMG_1866.JPG
ed1709b6c203f75604b65e3fdef354aa	Photos/IMG_1867.JPG
ac8eb8a7e7c904c6766452dfab71c248	Photos/IMG_1868.JPG
754ec1774c7756f1ab86f7352f019db3	Photos/IMG_1869.JPG
afe343f192f7a447ed3bcc8ab3cec983	Photos/IMG_1870.JPG
356cd5225c9c44d654aca40f0b938406	Photos/IMG_1871.JPG
db97da8b7144c35b5e3cb72262feebb4	Photos/IMG_1872.JPG
22914d1d767ede7907ed785e58114414	Photos/IMG_1873.JPG
0083dcb1e6c5790c8ba95b6984732cee	Photos/IMG_1874.JPG
05feb834a739baeb0fcaafa9f591307a	Photos/IMG_1875.JPG
d62169724b750fa7f7aec2885212a8c7	Photos/IMG_1876.JPG
c4e178c320f250208b955e106397f4e6	Photos/IMG_1877.JPG
984e161e2e94e9c34b6cccc37369f7f6	Photos/IMG_1878.JPG
ad4a9810e73fbc0f248ac412543c0bfb	Photos/IMG_1879.JPG
1f772a6d5d26a8257b2215a5786a5ab7	Photos/IMG_1880.JPG
6006a79699ff799d67ae9c9c5321979a	Photos/IMG_1881.JPG
ae84d3d9d05bc8759dcc4ec80fa594b0	Photos/IMG_1882.JPG
a610c5f623e2c2d890390f144a5b53a1	Photos/IMG_1883.JPG
41c77aa51ecb810dd3738ce165179423	Photos/IMG_1884.JPG
6b9c098b0a2046fa347d448ca580e6ec	Photos/IMG_1885.JPG
cd9661de29ed0a3cf322f05c89ab43e1	Photos/IMG_1886.JPG
e402bc16a65421a4665b05da3d7cae9c	Photos/IMG_1887.JPG
89806a1c8a84880d445bfa771e2d19ad	Photos/IMG_1888.JPG
e9d37d4a439b844ba127084fb9266c96	Photos/IMG_1889.JPG
b9534ff733bafdfd27caabad93ce4645	Photos/IMG_1890.JPG
72115a338522fe30392276a28aab7540	Photos/IMG_1891.JPG
bf17f456d19dc62fcc3da61c1a780604	Photos/IMG_1892.JPG
926a8cdfe940df20d22eba312b865904	Photos/IMG_1893.JPG
557a704718aaa963189ad3e7ef3fdec0	Photos/IMG_1894.JPG
985b8a74d4cea52383ea657a3a1f178f	Photos/IMG_1895.JPG
223bf02ab742309547e41ace5c4bc81f	Photos/IMG_1896.JPG
993b130900c5f7e238900bf94831da08	Photos/IMG_1897.JPG
a8380b2376ddfe5e872a583c2bd50c2e	Photos/IMG_1898.JPG
60f8d9b364aa1a5093b8444a6ebfce41	Photos/IMG_1899.JPG
be701788a815a07c58c0c6471c584972	Photos/IMG_1900.JPG
eee5a4bbad3a6047beee0d92fea0fbfc	Photos/IMG_1901.JPG
a78ed6923d8dede5740fa78cfb22ad9a	Photos/IMG_1902.JPG
9f80b0794b3ee6f71e12171de3a73d93	Photos/IMG_1903.JPG
b9938611f5ff8c090ac442779486592d	Photos/IMG_1904.JPG
e26ddb5e61aa48fb908b68acf441bc42	Photos/IMG_1905.JPG
bd2eaa9936a2145a523b43bae05e746b	Photos/IMG_1906.JPG
76552e3668989cec2e47c5dc6ef8fd4b	Photos/IMG_1907.JPG
4c5a97a733d5a35ebb485a41edf70cc8	Photos/IMG_1908.JPG
cfd1b4dc38e940719a525bf9730fb11c	Photos/IMG_1909.JPG
ae71c3abd36e70c0993de6a03d09635a	Photos/IMG_1910.JPG
f04b2e981ce0815eb58986a39263bfbd	Photos/IMG_1911.JPG
132f583935b7023592e54fb54171937b	Photos/IMG_1912.JPG
19c3c1421304713101e6319c498ab881	Photos/IMG_1913.JPG
ffc51b43bf8516e2509218e120d65deb	Photos/IMG_1914.JPG
93a5a8df240ba1b572a90bc2e83f3f04	Photos/IMG_1915.JPG
bab3c50cf01e0f688889feed0c79de35	Photos/IMG_1916.JPG
fbb7b5d9cbd250980ed6b8ce4d4f9ff0	Photos/IMG_1917.JPG
19826bb58f7e818329bd1e259cee65c3	Photos/IMG_1918.JPG
4d6824110f501c3635fad77df84f03cb	Photos/IMG_1919.JPG
69923500d898a7854b8bb59fe31cfccc	Photos/IMG_1920.JPG
33ca3c56152fdd21f2ac67873bd4652d	Photos/IMG_1921.JPG
a045e69a42ca44d5d3e4fa0d2489041a	Photos/IMG_1922.JPG
1f1441fcbe908e1e97a0e2a79046301f	Photos/IMG_1923.JPG
4f78d468d8b075591b5ae1b4ea448b26	Photos/IMG_1924.JPG
b3eeff10b48c9ca9791d55098264c02d	Photos/IMG_1925.JPG
1a4f43dca3e9ec6cc5d7d8ebb1f9005b	Photos/IMG_1926.JPG
427f0665fdbfa3322e44e54ba47c047b	Photos/IMG_1927.JPG
744087418a075661c1c3c1dae3dec928	Photos/IMG_1928.JPG
395ff6c74f1487ce956291f751e97f82	Photos/IMG_1929.JPG
168fe000fdae903ef39403c394dc617c	Photos/IMG_1930.JPG
4a37f10f8bde4f7e4d14eb8820524eae	Photos/IMG_1931.JPG
684c2927da8090b19f43103f6ddaa87e	Photos/IMG_1932.JPG
edec3f4633e055aba7957da84b87860d	Photos/IMG_1933.JPG
0c0230a1fbdbb83e9554f95d7b6adedb	Photos/IMG_1934.JPG
d895edc9415096a16512cbb77f99e03c	Photos/IMG_1935.JPG
d5b59cdcb490169233fdb49c59d03c4e	Photos/IMG_1936.JPG
ef984635278093e5bbc26e939c5edf7a	Photos/IMG_1937.JPG
23e05e5e772dd40a9581c0e3e730da1f	Photos/IMG_1938.JPG
5fc6fc19256732a3f70e04e8672284c9	Photos/IMG_1939.JPG
30675a4e9b4baf0e6898d5744581d341	Photos/IMG_1940.JPG
54df37f446fc497c5e1373ea2c575c06	Photos/IMG_1941.JPG
c63e8a2e2c00bfbe44bd9e22386a247a	Photos/IMG_1942.JPG
aa0e30e2305346bdfcbb21b53477557e	Photos/IMG_1943.JPG
6dc28e523d41477d8fe32694a45aa02c	Photos/IMG_1944.JPG
6386824bed56607a443c487a1821be6f	Photos/IMG_1945.JPG
c0aef8dc2e4873ba9939461164372661	Photos/IMG_1946.JPG
75545318459a1970fb598a336adf32a4	Photos/IMG_1947.JPG
23cd557eff410d7ab34c28f6e3de5e78	Photos/IMG_1948.JPG
6f168b78c7092ea4f6f713d999717588	Photos/IMG_1949.JPG
5b6dbaed4b3fa6e6df99154b27cf88d5	Photos/IMG_1950.JPG
518ae6e581191e80187eaeb1fb3bfe42	Photos/IMG_1951.JPG
f1450f364b376fbfec12a689a5087d88	Photos/IMG_1952.JPG
a0ddd34822c9386a1e0a5e2056270794	Photos/IMG_1953.JPG
4749b7edde162d14172ba525135c681a	Photos/IMG_1954.JPG
2714cca98fd7f4d48595ca1a09e02eed	Photos/IMG_1955.JPG
e3deb6f166d618e8af3ac5d92a2d644c	Photos/IMG_1956.JPG
cbc9a3729b1ec82e58257ad9f1441ae6	Photos/IMG_1957.JPG
d3ac27f762a9601065bba60afe866ff3	Photos/IMG_1958.JPG
2b69340507f0f4574be00b3f4181c8b8	Photos/IMG_1959.JPG
b05e87ca07ba83d3b30c4dce681bf104	Photos/IMG_1960.JPG
a4888e79d3ad3aabd32d0d89d4a7f75f	Photos/IMG_1961.JPG
abe610432fd7af6e2cfa91c522c882db	Photos/IMG_1962.JPG
29a547fccac6d122dc898d7956c56416	Photos/IMG_1963.JPG
e17a88df342fd53de37709ce7ec05585	Photos/IMG_1964.JPG
f422028e8aadbbe0b28213d979df9807	Photos/IMG_1965.JPG
532920d1aa084e928e464803da7135f7	Photos/IMG_1966.JPG
660a6018155379c1aaeca0520dff2657	Photos/IMG_1967.JPG
50d1596fe75bb118eaa061696b81cd3e	Photos/IMG_1968.JPG
9ffc6ac62ecd89aaed459f64d98fd1c4	Photos/IMG_1969.JPG
64530e43eeef305bf7c8c2ed29866bbf	Photos/IMG_1970.JPG
20d410610a4e0282b8b6c37b7e844238	Photos/IMG_1971.JPG
51fcf6ec25faf1d7fac46df81349dd4a	Photos/IMG_1972.JPG
73f7b98befcb3b41a0504b88909de137	Photos/IMG_1973.JPG
15c15c4fd877e6cdd826ede2f437cd8b	Photos/IMG_1974.JPG
b0ad7a60cdbcd3a87cffc94b6c26865e	Photos/IMG_1975.JPG
d6e89d589a0a0f29dc4fa09f771763c3	Photos/IMG_1976.JPG
0be4e3842344c4a01b89f73ab0837e64	Photos/IMG_1977.JPG
2a76b3e070c980d6b65999d2052056f9	Photos/IMG_1978.JPG
97cf487ee920d5b0582644d54437722d	Photos/IMG_1979.JPG
61a5686e96fea0f2c7448ece4c1e0279	Photos/IMG_1980.JPG
42c29e78910c1242c793dc5ac7fca851	Photos/IMG_1981.JPG
ef76b657affd6207f222364286cf8d40	Photos/IMG_1982.JPG
e3c53bc5bde969be0526bb3db7ef46f5	Photos/IMG_1983.JPG
55333f7071a2bc776cdebb65d939e8fe	Photos/IMG_1984.JPG
bb32a5e9ad17664ed9607f4967eda0e2	Photos/IMG_1985.JPG
bedee646f00f22081e4e8ef2fb41e80f	Photos/IMG_1986.JPG
b89fe52fccb34271a129094a1a02e661	Photos/IMG_1987.JPG
ad520fd603067aaf62fc4bdf59c41ee5	Photos/IMG_1988.JPG
d714d6e05c527aeed43a8c1914c13172	Photos/IMG_1989.JPG
46d278465cd8c08b8fe66c26b48d0a25	Photos/IMG_1990.JPG
6410a512e821a59f90319a8199150e8a	Photos/IMG_1991.JPG
409d8dd11f860fa962e6adb9ca52557c	Photos/IMG_1992.JPG
06e2151b3980a0933bf172a622829a7e	Photos/IMG_1993.JPG
eab4b314791e236bc35b6a6a92c3da24	Photos/IMG_1994.JPG
48d98671247bf8a9b166d91b833abc92	Photos/IMG_1995.JPG
10ab3751265611faa33115bb24b3c039	Photos/IMG_1996.JPG
be95445766cf9bd96d7527851847ad0c	Photos/IMG_1997.JPG
9cce52a661e932fab13d71c3d004d8fd	Photos/IMG_1998.JPG
35b19eea7ee33ac059031716f85312eb	Photos/IMG_1999.JPG
52f70c691ec45b2b91f00aca4160d506	Photos/IMG_2000.JPG
628a087224655a7c8d2b3b38b6211200	Photos/IMG_2001.JPG
b2d4bf513e9a48544b540609db5bf35b	Photos/IMG_2002.JPG
684a419843f1a74a7e45c3a150c34354	Photos/IMG_2003.JPG
4a21c1ceb59e39edffc98d3bc3ddcd63	Photos/IMG_2004.JPG
3a8660ee0f3383f7ad304151b0e67509	Photos/IMG_2005.JPG
19346adb613493b0fe162cd9a39f0853	Photos/IMG_2006.JPG
b1fc359871946245e1bd7a319752fc1a	Photos/IMG_2007.JPG
519562b0e42201292a6615e0a0890bb5	Photos/IMG_2008.JPG
e36fb51c90b6fab594275ef1dec15d22	Photos/IMG_2009.JPG
7a351446a97c36fbca174e4e64477a77	Photos/IMG_2010.JPG
dce0be2ed58cf70a681d1b18d5a1b288	Photos/IMG_2011.JPG
dc52a885f1de97dcee71c597738e1f51	Photos/IMG_2012.JPG
a0d3cdf947568ab9f45e6b9e7ea487a7	Photos/IMG_2013.JPG
e7c5c7907663277fce11b4b3befad8ed	Photos/IMG_2014.JPG
002bd1023fcc3a03ee81534053c627e6	Photos/IMG_2015.JPG
26bf639643c45851df76e72ae48a3ed2	Photos/IMG_2016.JPG
e59f3515af58e250685bf2176b0d614f	Photos/IMG_2017.JPG
7d5ecb8ca2b8608650bc8b9c9e1cd0a7	Photos/IMG_2018.JPG
09cb341d9a3ee7ac38c7d8cab8594d45	Photos/IMG_2019.JPG
0b1eba0edfabe1d84ffae20c3ef03813	Photos/IMG_2020.JPG
18034d8d146f3cdabfddce5896320333	Photos/IMG_2021.JPG
67287dacb2811b6af74a74223cbc9ba9	Photos/IMG_2022.JPG
316fe6a052942ca0c8b8d8ac16484c9e	Photos/IMG_2023.JPG
2ad6e97d54ccc892a13ba6601c390928	Photos/IMG_2024.JPG
714ca9ac22d4db5104037bd49636e538	Photos/IMG_2025.JPG
38343b5a919e27e2d9a6da8b7c227464	Photos/IMG_2026.JPG
f722bf24fde4068a2d15051abe3d3499	Photos/IMG_2027.JPG
3f9e8721b8be8371f099958fa7d94a6e	Photos/IMG_2028.JPG
674a90dae2d95dc7a75611fe25c28a3d	Photos/IMG_2029.JPG
d7bea2575577d0f1386c0c39a36b019c	Photos/IMG_2030.JPG
1bf263a7c235f9b8c3b6b6f7f374f6bc	Photos/IMG_2031.JPG
ec6c1566394d64edf1d7ee62fd430915	Photos/IMG_2032.JPG
f64063df115b1f5383c0c3508ce80239	Photos/IMG_2033.JPG
e5e9bd0ac56abdee0288fa780956c409	Photos/IMG_2034.JPG
8fb0720a7d275160b05f665d4221181d	Photos/IMG_2035.JPG
e0d1f62a9cf334e3d841557508215798	Photos/IMG_2036.JPG
40c5da415b601f7c16147885ae6f9da6	Photos/IMG_2037.JPG
8c71f1faefaa58b734758f97822dcdb8	Photos/IMG_2038.JPG
534fb6ff6a2e47709c918f0d65323d1a	Photos/IMG_2039.JPG
f56177db05bad6a455cf165ae79b7689	Photos/IMG_2040.JPG
9f04eb2266fd85d4e83edb8483573327	Photos/IMG_2041.JPG
220a95cfd6e4569eccbc17ffab2ecb91	Photos/IMG_2042.JPG
2452934956c95cbb65a589fbc81118a1	Photos/IMG_2043.JPG
2386d190f69429ea6b900512d7fde1e3	Photos/IMG_2044.JPG
21e94c1f362c93282be46bfcfea092f0	Photos/IMG_2045.JPG
8e521a1651072c4fbb9a34e9f346a931	Photos/IMG_2046.JPG
c4963cebd801179d3d2434ba907fd020	Photos/IMG_2047.JPG
3626c4135e2636432915422764227c0d	Photos/IMG_2048.JPG
00d4c94c73062de6cf68649b4e1130cc	Photos/IMG_2049.JPG
71c3c4ffa5d49b7d151bd59c30fb85b7	Photos/IMG_2050.JPG
04abca8b980533f79d16b2100db51dea	Photos/IMG_2051.JPG
0884a3f30b0e3574d341964717c5182a	Photos/IMG_2052.JPG
1a5b98f346446826f05f7397e4ce2d5e	Photos/IMG_2053.JPG
394886cfbdb0e4c6a63fe4aac3b5b4e4	Photos/IMG_2054.JPG
a01bf95e4ff6d77bd0882bfd50e2d531	Photos/IMG_2055.JPG
5c6b2542553a91868142d8001db0b28a	Photos/IMG_2056.JPG
86deed02d44d732353ee60ee9de61e3c	Photos/IMG_2057.JPG
f564455568f43b38b189412511a0993a	Photos/IMG_2058.JPG
35e11c8be58325f7312a8f4124bb4d9c	Photos/IMG_2059.JPG
b6f847a2461212aab76c9211c27246d5	Photos/IMG_2060.JPG
f5492d9e81321a70e9a571910b539fb0	Photos/IMG_2061.JPG
c0e441b7081c00f47e534bd209ff174b	Photos/IMG_2062.JPG
674aa9c3ed8d1c74391130b550778ad7	Photos/IMG_2063.JPG
0efc6586a32ff08aa4f4ae3b05adb7dd	Photos/IMG_2064.JPG
c5339187cd8fe24d770cd9ffd09650fd	Photos/IMG_2065.JPG
3c124dc33c042cc101c9c2b9256308e7	Photos/IMG_2066.JPG
9d71452b6a0d369b201b55aa68def460	Photos/IMG_2067.JPG
157d9482f8518022920d1efe8297f8ea	Photos/IMG_2068.JPG
7a7069b368895b0061ff8294554bc957	Photos/IMG_2069.JPG
60df83a0c4b32fa1c124cb294161df62	Photos/IMG_2070.JPG
c7aeba2e41b67bb72e619c9ae1ad314b	Photos/IMG_2071.JPG
0f06895ebb2ec8c7132190b0514204dc	Photos/IMG_2072.JPG
dcbf9146e3c7bb6482c854f3d02a4ac0	Photos/IMG_2073.JPG
7a38ba57a32e4446c67a142c778d88e6	Photos/IMG_2074.JPG
e33b160519a534459ca5976cdda93d62	Photos/IMG_2075.JPG
b93666d01e9a74f65efa519019e30abe	Photos/IMG_2076.JPG
c82fa8d7e8a4a89095be4a8dedd9242b	Photos/IMG_2077.JPG
4777ea97789b8f08312f74e150c78250	Photos/IMG_2078.JPG
287a5aa9b302058831b3510439e0e3c0	Photos/IMG_2079.JPG
5d1ac03f4bcfeb710b35117247c8aa5f	Photos/IMG_2080.JPG
0bc66a9cb0ad85846260b42a47fb14e3	Photos/IMG_2081.JPG
29f77618c6f106a865cbf234bb3fcc07	Photos/IMG_2082.JPG
cd74fe9deef6fa921a7ea17f2691e197	Photos/IMG_2083.JPG
e233aa19c124c6467ab5bcaffabb98ce	Photos/IMG_2084.JPG
f07ba8fa5e5f9c98c62f37cf375b0356	Photos/IMG_2085.JPG
94447ba1ea5caa064ed2652eb2bf242c	Photos/IMG_2086.JPG
96d2a61dad4fe243227fe2de1ad6139e	Photos/IMG_2087.JPG
63b3d0d745e51bf7e258b95f30b237b5	Photos/IMG_2088.JPG
24c93537348b44f9161beb24fe78becd	Photos/IMG_2089.JPG
1f0abc839c015208631c3d01f10f76e1	Photos/IMG_2090.JPG
2cc35933d0715b0b94b771972afa6d70	Photos/IMG_2091.JPG
452db064caede4d126d0f8caee4d205a	Photos/IMG_2092.JPG
92a6afeecd48a09a88299a94b23d7a42	Photos/IMG_2093.JPG
d4343f5fdf33e0dff04a8c6865632ed9	Photos/IMG_2094.JPG
e2bb7d387d58c708f6a2849ed54f7ade	Photos/IMG_2095.JPG
97777c3d13eda45229127d26375cc602	Photos/IMG_2096.JPG
00d788e02f27723f2a08130c1ce8343a	Photos/IMG_2097.JPG
a3759863989dc9c9fead17c92a74473f	Photos/IMG_2098.JPG
35d3c585710d9de257e44802b3e4a49d	Photos/IMG_2099.JPG
7d26f58685af9ed39c6ae8eff269fb0f	Photos/IMG_2100.JPG
872623fd6c54ed5656657f9593316caa	Photos/IMG_2101.JPG
72369ed37358009e0833eaf4a088937d	Photos/IMG_2102.JPG
2b67c7ff3834888ee54f70d7f8d98055	Photos/IMG_2103.JPG
2583f2c1f1716ac6f2f684fec6bf2b78	Photos/IMG_2104.JPG
26f5893d2bdb12b97c15a1ffb943eec6	Photos/IMG_2105.JPG
631c492e37bd2f46da529bdb98520a9d	Photos/IMG_2106.JPG
927c056d58ab6b330d5320e89d4e4d19	Photos/IMG_2107.JPG
bfff381d6abee6ebb29a57e4f3fdd67a	Photos/IMG_2108.JPG
9d78b1546c57a334b28224dfbfa8dab6	Photos/IMG_2109.JPG
09e500fde75dcf2928b496c26c98447c	Photos/IMG_2110.JPG
ffc04acc2bcf85d9e20d784ec7db0b4c	Photos/IMG_2111.JPG
3d52b8fa8ddefd2afff0d12d0a69b8dc	Photos/IMG_2112.JPG
d61d82863fa31e3b2384a2a23e488b10	Photos/IMG_2113.JPG
93be9650ff8b74a0123ede95a897d3fb	Photos/IMG_2114.JPG
b4e6e30958723684df75b14a431ca5e9	Photos/IMG_2115.JPG
723698bf3b4e65b2e9f62afc87a8ac79	Photos/IMG_2116.JPG
6763269383241075182994fc9391756d	Photos/IMG_2117.JPG
1c92bfd041525afe69b79700033b79a8	Photos/IMG_2118.JPG
16496feabf8ec05292bfee2a48f92951	Photos/IMG_2119.JPG
7822ce553bddfb8c987f6a627ca118cf	Photos/IMG_2120.JPG
c4f84302459ea36b7c2a1dca2240d7f3	Photos/IMG_2121.JPG
2f58b2a95b1cb91557825a04247a3b87	Photos/IMG_2122.JPG
224e51e661d1456e08ae3167c360b3b1	Photos/IMG_2123.JPG
04aa8fd8bcb868cc856db7da3d6b0d86	Photos/IMG_2124.JPG
899df2f7fec2c6ac817e4b28d38292fe	Photos/IMG_2125.JPG
f099cc66240102ad4e03f61b81efb452	Photos/IMG_2126.JPG
d02cb028258ecd100831912f58d2d7f3	Photos/IMG_2127.JPG
546a83a0ca2bec574e6b80899e8122f8	Photos/IMG_2128.JPG
249d5d752e104f1b7b0bc06d03038bb2	Photos/IMG_2129.JPG
c2cdab8540c2bb6f8bac2ff4dd9325f5	Photos/IMG_2130.JPG
01d4b8b39f705c3eab2cabce19b7f6ea	Photos/IMG_2131.JPG
f0d664b78f4da34b84b736aceefc6f5d	Photos/IMG_2132.JPG
2936708c17d7b453912c43630d7b3045	Photos/IMG_2133.JPG
8f56f043090fb1413a6f5defdb3dac06	Photos/IMG_2134.JPG
8e7e490ffbbd00d025b61fa3dc089631	Photos/IMG_2135.JPG
d74dff61c85feaabe1e6407aabfaaaed	Photos/IMG_2136.JPG
67b10a08215382e3b897e21482f6f776	Photos/IMG_2137.JPG
3fe54d459f9821257ba2fffae5ab7a2d	Photos/IMG_2138.JPG
c130e283f8be7d556f0e9f6cbc0d0610	Photos/IMG_2139.JPG
2f59e4e1637c92a3c5ed6c1feea93d2b	Photos/IMG_2140.JPG
aa7c2290048808c1486434a9ebf721b5	Photos/IMG_2141.JPG
9c801eb681690d8e574617e4a5795ca2	Photos/IMG_2142.JPG
2d58022f527675083ca3debb0c6ffcb1	Photos/IMG_2143.JPG
0dda080449436ff2a33f454d596ae546	Photos/IMG_2144.JPG
b99e866eebdd4b05d45675293a63b2a5	Photos/IMG_2145.JPG
e147d6e98ae145dbf2d5955c252ac8fe	Photos/IMG_2146.JPG
f7c8b8200f5c82d35383e8c5083d9f27	Photos/IMG_2147.JPG
d4dfcec26e5b687e1b6aa96931cc1997	Photos/IMG_2148.JPG
9e53c9c6754e4a6424020304fa0a342c	Photos/IMG_2149.JPG
822405f1a35edd46d2c70af5b26ac70f	Photos/IMG_2150.JPG
ab27c340829599014cc7d9af8f89fd9c	Photos/IMG_2151.JPG
2ca2f802308eacba6d626bad87cd5897	Photos/IMG_2152.JPG
7612a6aaca8d0cfdb11c9aac6606d6d7	Photos/IMG_2153.JPG
f07da55c8e59345154f2d6d29a142d98	Photos/IMG_2154.JPG
d486cecaa36e1406bba7b977443c0c74	Photos/IMG_2155.JPG
fe10a707ed91d30aea487bd8c28ec89d	Photos/IMG_2156.JPG
49a0cf228608bff373142ceae2c8957f	Photos/IMG_2157.JPG
8924e170bdb553edb5143018a8eae37f	Photos/IMG_2158.JPG
ed64b9e9e740b2ae6eee9eca21979ef2	Photos/IMG_2159.JPG
e4e57412741ca55edfa73d01f0685a50	Photos/IMG_2160.JPG
fecffb110f7810858ab4b9981e99ddab	Photos/IMG_2161.JPG
e2a8b922e5f93e189923eb3525f52ac7	Photos/IMG_2162.JPG
ef819f702e60dbbe95cdd2dd2ebf6a17	Photos/IMG_2163.JPG
bc1127127385cd09d31eff5176863b4e	Photos/IMG_2164.JPG
ac0d251c089d0ecf7d1c9a3b94198f71	Photos/IMG_2165.JPG
4efa7d61c1c56445da5471a1ea251bdd	Photos/IMG_2166.JPG
d2ea746d42ff85f674277c92f9a19f7d	Photos/IMG_2167.JPG
901e09d377edb25a24b81f8aea76b51f	Photos/IMG_2168.JPG
4b166f6f8c35f15ffaea7bde5a267f62	Photos/IMG_2169.JPG
7736fb78119ff2ed6b475a858e303659	Photos/IMG_2170.JPG
c5d19fd82482d387bfccf82ff718c766	Photos/IMG_2171.JPG
6874ce4dd9f8ea7cc2516989133b412c	Photos/IMG_2172.JPG
3b38672f107ec455d8f5c5a736084a87	Photos/IMG_2173.JPG
adde22b5ff5e4f3c8cbed83b2fafa5f3	Photos/IMG_2174.JPG
eab3c446c067c53b76484148a344885d	Photos/IMG_2175.JPG
08e2d7a2eeb537ee707141eae51329d4	Photos/IMG_2176.JPG
d82f65a801cc8ae3d0309a662deb4800	Photos/IMG_2177.JPG
32de58e6ded53b24319e35d5606e8688	Photos/IMG_2178.JPG
0b508bb1ef180da59fac83489ce6c05d	Photos/IMG_2179.JPG
36ec3f027fe75731aedeab90bf377f1a	Photos/IMG_2180.JPG
7ff5787df925c627979427e638828e0e	Photos/IMG_2181.JPG
848485787402c2b3f869e292b36c3398	Photos/IMG_2182.JPG
e8ab531eea3381c6d1c19cafc934c9e3	Photos/IMG_2183.JPG
c9628deb1102882134e35b2f3c615625	Photos/IMG_2184.JPG
df4aaa17eb9ecd57479203e43151cabb	Photos/IMG_2185.JPG
646747114b192d8bd93a14b98e893bb5	Photos/IMG_2186.JPG
1d81f9fb85f157459a05dc85e8d367a0	Photos/IMG_2187.JPG
0314edb78b92e42205deb36de4cab96a	Photos/IMG_2188.JPG
375659465fa4e9814fa328468c2f383b	Photos/IMG_2189.JPG
08bdf95a63b96096e942c02e866fd803	Photos/IMG_2190.JPG
f8fed8e7a755e60c48ffe4596339978b	Photos/IMG_2191.JPG
008b3a5b1a52fc21e690a8755dd88fd8	Photos/IMG_2192.JPG
8ce53a29cd33bcab57c44b249b86291d	Photos/IMG_2193.JPG
ae077c652b8be08c167fdd7d0d4facaa	Photos/IMG_2194.JPG
e930b0f3af63bfc9eea51d7a7478eddf	Photos/IMG_2195.JPG
89ee61a28275072a5b9a087fa3306289	Photos/IMG_2196.JPG
bd321f4e37300605b0f176d1d3a78557	Photos/IMG_2197.JPG
06f55ceceda756db8a9f8469829bb9ce	Photos/IMG_2198.JPG
9ff097c8320d14dea8ba6e79e5f18799	Photos/IMG_2199.JPG
30966f9d19360de2918106d703e7431d	Photos/IMG_2200.JPG
0c31ed2d12f4ce62d17fd3a4132ebd92	Photos/IMG_2201.JPG
608c7283b764ad4118e841f7fea81474	Photos/IMG_2202.JPG
f72692c279231b260084d407b958e883	Photos/IMG_2203.JPG
97ff957172e96789544daf5550eb0cf8	Photos/IMG_2204.JPG
38b9231305a79eced5999e1a439448b3	Photos/IMG_2205.JPG
c7efd2f61ea8fd0fd156abe843695440	Photos/IMG_2206.JPG
190718d007225e1ab5f9fe7bed97e1b5	Photos/IMG_2207.JPG
04ef6397b48f1765b81e6ec2a8bc9002	Photos/IMG_2208.JPG
c5a642bf5d0f9565fa3cb275ea0fb41f	Photos/IMG_2209.JPG
238693185b27e911ed3dc7b9d4d31726	Photos/IMG_2210.JPG
876c460739f505a3ec90499a562cd9c5	Photos/IMG_2211.JPG
a721e7809f0fb51b2380014469bad479	Photos/IMG_2212.JPG
93ffc43b860fea1f24143aa27548f64b	Photos/IMG_2213.JPG
f935a4afb479f08ab1f957b2b8d1edee	Photos/IMG_2214.JPG
98af4b443fe0490d33391ff15431e2b5	Photos/IMG_2215.JPG
feeaa4fb5622fe781898587b3d84b11e	Photos/IMG_2216.JPG
5cce01e70ebbaa3648a1e2b13dbd3383	Photos/IMG_2217.JPG
1a1acc1c2f342f14d54f3a92a8319baa	Photos/IMG_2218.JPG
3d48ca482fe0a72e2f7942be2042f7dc	Photos/IMG_2219.JPG
82888308df92aee501b2616e52ba5dd8	Photos/IMG_2220.JPG
70fbf88666e3d1c6ed8873f4c2c8e931	Photos/IMG_2221.JPG
502c4d5bafdd2d121005b329ebc28d38	Photos/IMG_2222.JPG
61854c83f0725b515d95c7c9afd45bb5	Photos/IMG_2223.JPG
8a6aa9966e149564c8a6791b700dd155	Photos/IMG_2224.JPG
88f4424e37d59097982a8e0159967682	Photos/IMG_2225.JPG
5e84db1dd21bf02656a428aba9bf2466	Photos/IMG_2226.JPG
2c9058e3be07f30532b680dedd24f9ea	Photos/IMG_2227.JPG
56bc3aef6db2f0c97c5d6c84f7393f6f	Photos/IMG_2228.JPG
de76fc40538b7c35377cdce5053e8ae9	Photos/IMG_2229.JPG
ca68b9a107594ede9eff46637ebe6810	Photos/IMG_2230.JPG
4522c8ff592ea829c3fdad10986a497c	Photos/IMG_2231.JPG
07196e4da9d51e5c13964f3dd5c8aba3	Photos/IMG_2232.JPG
3c3b60601fb13272feaa52f63b8559f3	Photos/IMG_2233.JPG
bcd7d96dad0d0141a769a3988572c22a	Photos/IMG_2234.JPG
d58acabf22790299d4304bf72e2ec739	Photos/IMG_2235.JPG
ec91d65185943444d7b3a806aa89ba5d	Photos/IMG_2236.JPG
72decae6d7bdc67e56912c9acdcb1040	Photos/IMG_2237.JPG
30980e9fb176d7b2b3bb8c9603245967	Photos/IMG_2238.JPG
2794a21ee28a112dba5b23d9eb724c7d	Photos/IMG_2239.JPG
fbe4e52ef27781c011f00348f3e3ab87	Photos/IMG_2240.JPG
c8baaa0afe34dd292b74c85fb77ac1e1	Photos/IMG_2241.JPG
3b190046f042dac9e4d970d3db36057f	Photos/IMG_2242.JPG
fbfac8a0781eafa1a9a45b015f245ed9	Photos/IMG_2243.JPG
903a950933948c6a513a6b98cf3a3b37	Photos/IMG_2244.JPG
202dc6171eaa25959148c335edfe4ba2	Photos/IMG_2245.JPG
4ab6c654d107a8f9727b55a3d8cef331	Photos/IMG_2246.JPG
313dfdd736a7f80e95fab952b419ec8f	Photos/IMG_2247.JPG
b8bae552f2a6d7b6ddabb6d822d90364	Photos/IMG_2248.JPG
89879e751f417722d863aab4fd234376	Photos/IMG_2249.JPG
3487f95e9a23ca45e6c901113eaa02e5	Photos/IMG_2250.JPG
2975947b228ee3da73395ab12ec1b201	Photos/IMG_2251.JPG
4c80698debc3dfdafed4ed1ddf77211e	Photos/IMG_2252.JPG
d3690275cf101479bb937823ba5c904d	Photos/IMG_2253.JPG
07590675ce83065386fcfe9abe1b4282	Photos/IMG_2254.JPG
774c037ca6e18126cac6c2ab619ce229	Photos/IMG_2255.JPG
3e8a0cd84550d0e48e12f780feed7bc1	Photos/IMG_2256.JPG
786510bdf6aab48b6201891a72ec9176	Photos/IMG_2257.JPG
70f71abf5a58fb5eda739deecdd764a1	Photos/IMG_2258.JPG
6ef42a21c9e859a2230887d66f60411d	Photos/IMG_2259.JPG
9d506c54069c57c50f53b74ad49bee26	Photos/IMG_2260.JPG
02cba7c3ce99015697b99fac5caaf05b	Photos/IMG_2261.JPG
9e35d120826887a2325f56ea5e5faed2	Photos/IMG_2262.JPG
a8c5dac231dfbb56e383f64c57edee89	Photos/IMG_2263.JPG
b9ec8a9b8138b9715d0559e389186ab4	Photos/IMG_2264.JPG
77a7bc3b484ffe26716805a0b2843e83	Photos/IMG_2265.JPG
90208c59e2b901c9847ef81bd1654296	Photos/IMG_2266.JPG
221e86a5a116c78df3b1887a7da9ec31	Photos/IMG_2267.JPG
79bef74072989ae101e25ae49d10bfa6	Photos/IMG_2268.JPG
74f2ae8d566b7eeef7c79bb5c5151cbc	Photos/IMG_2269.JPG
e1c38d9e36004d80a69fe513122f5d36	Photos/IMG_2270.JPG
03b2f480d18f7e679cf2e26529993831	Photos/IMG_2271.JPG
baa09e73de05ceee2196b3f8e6d5be8c	Photos/IMG_2272.JPG
4cf030ec488e696aa687e2f48688e56f	Photos/IMG_2273.JPG
fd3e49d884b6209d4dfccdf7dcc105ef	Photos/IMG_2274.JPG
6513a5428b38e5d5b93c7b71161532a0	Photos/IMG_2275.JPG
ffb43ac399d6d0c74ec4c1bead02e93e	Photos/IMG_2276.JPG
10620e2ecc3309619238bdb64f640d86	Photos/IMG_2277.JPG
d9cdeae9c60d7f4b6b3f25ace97c8c93	Photos/IMG_2278.JPG
44863c5579c6b1d027378110fa6b990d	Photos/IMG_2279.JPG
f32cea9241d038ebb5ae8265b60e1e03	Photos/IMG_2280.JPG
47bb5e5d648a70eb3eb87eec36c40bfc	Photos/IMG_2281.JPG
0d6c85625cc39e3dee7a5941c1936bcd	Photos/IMG_2282.JPG
9c14ad0877f14cdd53435a9381944837	Photos/IMG_2283.JPG
8dcff9b0d28f70520dc3c33893c0db0b	Photos/IMG_2284.JPG
ce1470cc132b1d43fdd147fd3252a100	Photos/IMG_2285.JPG
4c2e422ea35394fee124b20ce087d42b	Photos/IMG_2286.JPG
700586a8e76334c60638e17d9f7c4a24	Photos/IMG_2287.JPG
322e6c9defb00985bad0ffc33d054a5a	Photos/IMG_2288.JPG
3782468357a509770eaf510174ec5894	Photos/IMG_2289.JPG
64dfa8c5e771d78b29436f08ccf7cc3f	Photos/IMG_2290.JPG
f6c1292c503b6ef75a2fdab82fc525bd	Photos/IMG_2291.JPG
181c3737ce69e0c45a00cda394ff12d8	Photos/IMG_2292.JPG
4f476b9ef6cf2e441be5ff76339de7e1	Photos/IMG_2293.JPG
4a5101e9da585011395c773c93402994	Photos/IMG_2294.JPG
00b1745960b47b905420a422e518b1cf	Photos/IMG_2295.JPG
caffc571d7bd36395861f213134801bc	Photos/IMG_2296.JPG
a91c83fc337c3cd509a39c6004772c00	Photos/IMG_2297.JPG
3725868f799a40859a6283cc9d019e40	Photos/IMG_2298.JPG
0b51b69ecb8fd1127cc2bc9f6a15fe6e	Photos/IMG_2299.JPG
e621b573b28a176740c5825809ee6cc4	Photos/IMG_2300.JPG
44ebdf15c5e88349aef19331294e9c52	Photos/IMG_2301.JPG
198ce6463827d334b39eee53de735648	Photos/IMG_2302.JPG
12d988dceb2554218a7805c41119c60e	Photos/IMG_2303.JPG
65163fa1fd70447b2aa3647258df1d29	Photos/IMG_2304.JPG
5727e1fb57fa4ad565af393cec5ac491	Photos/IMG_2305.JPG
72c68601eef95a85ac73b19b080f9722	Photos/IMG_2306.JPG
0ddd92151419a79dda627b0bb5b18051	Photos/IMG_2307.JPG
2923c9fc7dbb23549fdb07ec0dcb83ea	Photos/IMG_2308.JPG
bf026d8d375a95911f05c563f7ec4458	Photos/IMG_2309.JPG
8e43e27e6e483cbaa699e0cd760787c8	Photos/IMG_2310.JPG
eb7588bcb3fb2c262a0957e8ef0524e4	Photos/IMG_2311.JPG
0484baf228e206b9b882fa0a80a7a9db	Photos/IMG_2312.JPG
c24ce510c8d8d4a6bcbf0fde6c561020	Photos/IMG_2313.JPG
42c90f87539717eb85f7efeafd409b08	Photos/IMG_2314.JPG
c236d5cf3423ab25986856dbbff82fb7	Photos/IMG_2315.JPG
1e264bf9efa105676e7e70590cb0251e	Photos/IMG_2316.JPG
879b67733f1db2422e6f84d2e0426bf7	Photos/IMG_2317.JPG
0af005928fe43d1e11afedb60d129e3d	Photos/IMG_2318.JPG
3fbafed5ea56e26f206fc1ea6b133f8b	Photos/IMG_2319.JPG
d74f773d72c3a7e65d8f71bd8310bf8f	Photos/IMG_2320.JPG
8bbd004b059df8648ec2eadc9e3bf14b	Photos/IMG_2321.JPG
2d0ca061c9192e98523b6e22565486f9	Photos/IMG_2322.JPG
574703cc50d3488f9c2c880facaa0e75	Photos/IMG_2323.JPG
01cbf3b442b51cf6f71270c986be7c97	Photos/IMG_2324.JPG
1960cd5138896372a32ce21185455d14	Photos/IMG_2325.JPG
ec6982a50b2149a7e7aae4e1b330fa2b	Photos/IMG_2326.JPG
6de73bbcbf612fa107ead59a65e7cbcb	Photos/IMG_2327.JPG
7087a0744064e2f56224a93fcb74efd1	Photos/IMG_2328.JPG
f258a662aa46efaeff1b1d9ab969892d	Photos/IMG_2329.JPG
5b59bda472c4bf53655c8a3c41605a7d	Photos/IMG_2330.JPG
8b4689289a8ad4721576140786bdf786	Photos/IMG_2331.JPG
12eb141e40d5bb5c65affbd365220ea2	Photos/IMG_2332.JPG
9499a903e7dce6093ce539102bc9b75b	Photos/IMG_2333.JPG
49222d73dbe5ff2c4f9ab2134fd182ae	Photos/IMG_2334.JPG
c40f262ca9f39f8235d88cf4d6ce927d	Photos/IMG_2335.JPG
bac5f3aa6ac31314b4ca5e603967f650	Photos/IMG_2336.JPG
0a2e26c191c52209d5ff7492b47f3136	Photos/IMG_2337.JPG
b4786a5dc17fcd397f910510774113e9	Photos/IMG_2338.JPG
9f435b7960765dbad237bcd1c9d764d9	Photos/IMG_2339.JPG
d3988ed645b11e5db522e6e979ba6230	Photos/IMG_2340.JPG
9277d722fd1e5edc0774564cc976d610	Photos/IMG_2341.JPG
963a6235e5394ca82850b1937bc116a8	Photos/IMG_2342.JPG
a3127775fe43c68bf7b6f0bf9bef117b	Photos/IMG_2343.JPG
bfc5328b3c3f13f44351b24a68cccde6	Photos/IMG_2344.JPG
386e0b4b917c9b8b5896496370c48f6d	Photos/IMG_2345.JPG
8b23d197b35b033a146047c3b5d2ddb0	Photos/IMG_2346.JPG
4c2a1a343ad65a1552a4178f62704c29	Photos/IMG_2347.JPG
e1fdc6bf55ae4bff1199d4edad740416	Photos/IMG_2348.JPG
9055c91b9761b2929a17309a2104c45b	Photos/IMG_2349.JPG
af1f1260200ad4414575dd77c73ecbc9	Photos/IMG_2350.JPG
a408b249a7901627f231dd139cf6c6e2	Photos/IMG_2351.JPG
01a46de3054e78d65b8be9d6c6623a2e	Photos/IMG_2352.JPG
749e68d346a2e32a16b2b58883eea11e	Photos/IMG_2353.JPG
a900a2792864d98d05c227d92698acfd	Photos/IMG_2354.JPG
3d2ceefef781569c7d05660a1fb919c4	Photos/IMG_2355.JPG
51d82e6546ef8cfd5c7fb5e24c35053a	Photos/IMG_2356.JPG
a9df52d096cebe7783dafdadc5af80af	Photos/IMG_2357.JPG
b42fd764676bfdc207ab49d5c33f56ff	Photos/IMG_2358.JPG
60495397723a925c9ce5fac28b7d6088	Photos/IMG_2359.JPG
4ef143ca5affe3134d58db7eb43c772b	Photos/IMG_2360.JPG
e37f9e7fa6af4b384611b9662c77e0a6	Photos/IMG_2361.JPG
cfb8af9169f42e1032b78dffab7c773d	Photos/IMG_2362.JPG
a7f4025d2ad773544cc72bdd19e89c88	Photos/IMG_2363.JPG
17905f4a2538b8027eda1fdd2e47b6b0	Photos/IMG_2364.JPG
4f7fae8e414e7046224fd4dfa0843589	Photos/IMG_2365.JPG
ceae04eaf83ee413d59652a5d20207c3	Photos/IMG_2366.JPG
b4eb33e94cb7a910c663f0268656c9e0	Photos/IMG_2367.JPG
9bf6740de1ffcdbb59ef6b35e6864c4d	Photos/IMG_2368.JPG
024c9961d0c52c108e12763d0f316790	Photos/IMG_2369.JPG
babf6c3987383f8f42339b85fd3e8045	Photos/IMG_2370.JPG
737803b85e1a22094a445bbe8b573d7d	Photos/IMG_2371.JPG
3cc3d3eff57406f63696f5c1ed8a5190	Photos/IMG_2372.JPG
ce33fa6ba36490b512347e97f58ab93c	Photos/IMG_2373.JPG
42b11e9426192590ae6dd256082093e5	Photos/IMG_2374.JPG
e4253b1d6d544818b0b79de4e0871578	Photos/IMG_2375.JPG
fd9611452a8ef2f1a7a7ebcb37f58d18	Photos/IMG_2376.JPG
19d3d41e97f8070ba44b2b4f17a494ba	Photos/IMG_2377.JPG
c9864d05712815a8ed3d124a3353177b	Photos/IMG_2378.JPG
3c4a5734b840233d737f855251af74a6	Photos/IMG_2379.JPG
98d91bb280dfc53e4fbc7da5aabd4989	Photos/IMG_2380.JPG
a9008ba287c8736a8b4455d1e1ee939f	Photos/IMG_2381.JPG
9f565eb717e3de8c3f030cda2bb09d7a	Photos/IMG_2382.JPG
97f4112ad9b416168c0890e766317a3c	Photos/IMG_2383.JPG
23c49308d0884b058fd22a2d591d370a	Photos/IMG_2384.JPG
f66a9e283dece3afdbd8138c10e4bfc7	Photos/IMG_2385.JPG
9f60655d24e0d439b78ed3b7a4117db1	Photos/IMG_2386.JPG
eb070b8390d8b7a23d234c908e8396f5	Photos/IMG_2387.JPG
7f114aea513f3dfa5cba6443372f14ee	Photos/IMG_2388.JPG
83eb0341d36972dc7c453b5e46053c14	Photos/IMG_2389.JPG
4280747a213782954f9b388c48b66618	Photos/IMG_2390.JPG
a66ca90923f3ff59110225db2e366911	Photos/IMG_2391.JPG
c8b89b7542af9283323ad533da7c3dd4	Photos/IMG_2392.JPG
eb511e305a2d2ba8d0f0bd4a8b8f2928	Photos/IMG_2393.JPG
cb6bb40900f57d65c9ddb349a5bd523f	Photos/IMG_2394.JPG
6e46017446e5e93442451217264547ce	Photos/IMG_2395.JPG
613082245b089e1480951e53ef3cc6ff	Photos/IMG_2396.JPG
d2e9251219ca486b13db7f638bca25d7	Photos/IMG_2397.JPG
909afb94d60f3e126b80f8a30b9b4fc3	Photos/IMG_2398.JPG
2eebd0a0de23bc0d435670abd7b9ada7	Photos/IMG_2399.JPG
6c2300df6aa012fa62a9afc198c6ef34	Photos/IMG_2400.JPG
c19302bb386e7f322694396f37240e03	Photos/IMG_2401.JPG
97b46f10d732f89759005c68b9cbed97	Photos/IMG_2402.JPG
a87f384f8f9196ee266d7097d6ffe649	Photos/IMG_2403.JPG
572c5dce9b2d868d7ab8cf0d262d3e8a	Photos/IMG_2404.JPG
86981e5cacd129cddecece7e74cf2aec	Photos/IMG_2405.JPG
97a193ac33b8d34420eb22642a527427	Photos/IMG_2406.JPG
32e14b456628dc523fe07afdb664b46e	Photos/IMG_2407.JPG
92707d3789e917f82353dece4c7a65ea	Photos/IMG_2408.JPG
7319581e58bee6d450cd9d1566026a2c	Photos/IMG_2409.JPG
abd84776d8b1ad8ac907c744113f3492	Photos/IMG_2410.JPG
8cdc939c97a586a6ef9dc7d4efb7fe59	Photos/IMG_2411.JPG
915f876672ac5d97b9508740d05f64d7	Photos/IMG_2412.JPG
e77e9ed6b82be84ebc22b7128261b3ec	Photos/IMG_2413.JPG
a1ebcfaf8969c141e77899338767a750	Photos/IMG_2414.JPG
eb29891e9d90c5a49ad7c4a8f00030ff	Photos/IMG_2415.JPG
501f323f2090c366647b9520cd3bb6a6	Photos/IMG_2416.JPG
93ddeb5ca7e125ff2e191bc3dfef95be	Photos/IMG_2417.JPG
e631bee2a160a157bc3ac6c7c47c08f0	Photos/IMG_2418.JPG
379981ce582c0e45ed67cf7293316b7b	Photos/IMG_2419.JPG
b7579bc2f7e06831a5dbab5b26d8ca1c	Photos/IMG_2420.JPG
5c243ea7819d596fd20b57968de5591e	Photos/IMG_2421.JPG
2a16a0ab058247a02656d039d7e06556	Photos/IMG_2422.JPG
c03862bfb74b27e2b5c133fc34ce90c3	Photos/IMG_2423.JPG
bb91f35f198cc305975c9fa1e66c3c82	Photos/IMG_2424.JPG
17c8be2791ebbcf2e0c0e52f77904f1e	Photos/IMG_2425.JPG
7473def06c9dcdd24aad37b6eb187ca1	Photos/IMG_2426.JPG
f2cc2b05166444f4ca996331f667b9e6	Photos/IMG_2427.JPG
bc389da00612ad7278b1cf51e5e6d66e	Photos/IMG_2428.JPG
fe98e135332ee90368f5173057e5dc37	Photos/IMG_2429.JPG
52bacbe4cc74ad7a05c29d90f8a9e603	Photos/IMG_2430.JPG
3aa179d843053ac6c371814e97e69483	Photos/IMG_2431.JPG
3d300daeb1bbe2f8bccc5fd3376bfd7c	Photos/IMG_2432.JPG
496cf21b34bdece44318b42256d4a61b	Photos/IMG_2433.JPG
d704f00d3c034885a67cb04f8b19176b	Photos/IMG_2434.JPG
244789ed0b737e64aa741ccbfebb4379	Photos/IMG_2435.JPG
e830cb27351b23124d6c427cff7d47f6	Photos/IMG_2436.JPG
773a4db18873ae27a0e8899480015736	Photos/IMG_2437.JPG
3c153ae3295cf0cbea111f977b00d899	Photos/IMG_2438.JPG
176baa942ecd43c6714370ad0f0fa855	Photos/IMG_2439.JPG
59cc7cd48cff61ecd7891d972b459cee	Photos/IMG_2440.JPG
65f9fe636eb9937be8ddea4e92a38fe1	Photos/IMG_2441.JPG
f5b716757b1972c8afcb03c3b6b4fc7e	Photos/IMG_2442.JPG
4ac99579b77ac29e1c8c556495b0cde6	Photos/IMG_2443.JPG
0233a93e30145f73e40ebee87bdf5224	Photos/IMG_2444.JPG
5f43958d3933746defcbfe8e12018877	Photos/IMG_2445.JPG
1f90e8a59a10ac5682ea3161f89318a2	Photos/IMG_2446.JPG
e97ce7b524c82c9b56671eda348ada0b	Photos/IMG_2447.JPG
eb26810b71671cd9396e1086e75177c3	Photos/IMG_2448.JPG
d37ac0987cfa01c5fe5cdabbbddfe2a2	Photos/IMG_2449.JPG
b50b9dd3a43b53849a72e367607d225c	Photos/IMG_2450.JPG
acae2d23fdd0c0636bdb0441fb13e1f7	Photos/IMG_2451.JPG
db0c00bff6722f8cf5ce5a9911293054	Photos/IMG_2452.JPG
488f70ab17e3fa5ebb2706c9b62002a5	Photos/IMG_2453.JPG
4386a963103421c9922aa852e50cf021	Photos/IMG_2454.JPG
e5d9d49a86a3c23cfb80f6002dbc2504	Photos/IMG_2455.JPG
15ee799f714c2dc837fd90bf5c82e698	Photos/IMG_2456.JPG
f244d58af84e4acf7f3037ba85642f9d	Photos/IMG_2457.JPG
09df26f21c4159742892fb093b662dd5	Photos/IMG_2458.JPG
86577188c8abdcd18ff62477e71e58ff	Photos/IMG_2459.JPG
03c7accd8ef92284f63f5fe11b9b70b4	Photos/IMG_2460.JPG
b39ba0976affb543c18dd2f12d742280	Photos/IMG_2461.JPG
c8998ddff2ebf553353bac46e5e29c5e	Photos/IMG_2462.JPG
6d545f7682320fe741ad815af405ea50	Photos/IMG_2463.JPG
2a3a2efc8d7a428f7a904f73d74b024d	Photos/IMG_2464.JPG
7c1d3c45135e5c0304cb750dc4424262	Photos/IMG_2465.JPG
8694e33c0346d6b64f2ad2f45bada545	Photos/IMG_2466.JPG
ff7a249817d19285d3e350479faa12fb	Photos/IMG_2467.JPG
5797c5572aa9c5c8d578f11ead2ac287	Photos/IMG_2468.JPG
5e2a02eeee752ebe4ab09054847ca01e	Photos/IMG_2469.JPG
c73241252818b7032a97a01f0327ecf6	Photos/IMG_2470.JPG
a6cf0c39006ffe6ed0333ab397b4988c	Photos/IMG_2471.JPG
d90706c2916d115209a0cc20f3548840	Photos/IMG_2472.JPG
79df437985de8fb8173895150a6001c8	Photos/IMG_2473.JPG
448958d94f96b2820ac4f67de6fb1cb8	Photos/IMG_2474.JPG
46382616bd8866fcb0295bbfcbf1386a	Photos/IMG_2475.JPG
d7aa4ca137ff79f785916868c27f3e3f	Photos/IMG_2476.JPG
4ce20788fc674bcec416ec71b1006707	Photos/IMG_2477.JPG
f30a2397cfa5ab4ca134ad7d04b2455b	Photos/IMG_2478.JPG
02e8cd00a06c03eaae1575ef9a6da99b	Photos/IMG_2479.JPG
b51aec2dc7e4900d0260636acf525173	Photos/IMG_2480.JPG
73b5649bef259d8e94268845a2ac3247	Photos/IMG_2481.JPG
3c70984c9b49a2297ef8ed94defbcbb9	Photos/IMG_2482.JPG
6016956b95f173d99a61824ea4f1deef	Photos/IMG_2483.JPG
264725d65f744ff41bf8c64f3f9c61d3	Photos/IMG_2484.JPG
cf1277a6bbe9f4fb9b5daf503b1f8523	Photos/IMG_2485.JPG
50e877e3790d573f4211238eac7dac67	Photos/IMG_2486.JPG
6207581bcc0ba18313649f71339902b9	Photos/IMG_2487.JPG
1f0e3ba4d435c1b6b979bfa94bb20d07	Photos/IMG_2488.JPG
66364241228c0813c313e98b98879dab	Photos/IMG_2489.JPG
b08452b590f7ef6764e8bec88b9a9995	Photos/IMG_2490.JPG
3ae62a9c757c13d415b8c193084485f9	Photos/IMG_2491.JPG
46cd8f6ca28969c673ab338eaf143fc9	Photos/IMG_2492.JPG
0309eba4005ca947b169b4321c954d6c	Photos/IMG_2493.JPG
f5ab2b7687494d125b6a4e8f7e79ffdb	Photos/IMG_2494.JPG
d03ea1993b8b4be7a6e5cfb2f11fb441	Photos/IMG_2495.JPG
1ad5139a8db44eb5bc18c7fde155df49	Photos/IMG_2496.JPG
0e6e9f86c0330697148d4ddfe2d60de9	Photos/IMG_2497.JPG
711d02f8f281bab456709639ec6e665c	Photos/IMG_2498.JPG
c96df0489bf44fceda3fe1982b031d92	Photos/IMG_2499.JPG
9b37cde700baeb61b4d81253cb8c2e71	Photos/IMG_2500.JPG
96fa77fedceb1ea0193bb9185f19b1d3	Photos/IMG_2501.JPG
26e8f0ade8ad4af9ceabe98656776fd6	Photos/IMG_2502.JPG
7ee03cdf0828e084cccbab5a9e4a5df6	Photos/IMG_2503.JPG
093d018ad8eceff9abf21d7813741220	Photos/IMG_2504.JPG
66cadd89e9cd98bd235182660a1d1988	Photos/IMG_2505.JPG
7b7ed749eda36df9aeab0a99d55841bb	Photos/IMG_2506.JPG
af5e9dc5a7c285382fbbb1cd4b1faa4d	Photos/IMG_2507.JPG
c5d577a1ad77aa36ac07f5dfb02adae4	Photos/IMG_2508.JPG
9692b22a64c25066d0b214791466e0b7	Photos/IMG_2509.JPG
240ff8dd77c3442a45730eec2e580f68	Photos/IMG_2510.JPG
a58b0cf436aace43fe38b3cc3e176ddd	Photos/IMG_2511.JPG
b99ca76c06d638b6e1bf9a1a12c50deb	Photos/IMG_2512.JPG
20580c4b43ab8ee93c4fd34a9f4d3fdd	Photos/IMG_2513.JPG
a6d0aa94512c01a4a3f67b6d2a24d50a	Photos/IMG_2514.JPG
c4144d0a0e6827fe5a4e2062b403f357	Photos/IMG_2515.JPG
e6ecfdd17f82b2c19e17453730f7b687	Photos/IMG_2516.JPG
a7ccc46c1ff4653d8d7491c8f151cbf3	Photos/IMG_2517.JPG
a06c76fc8b6f6ac976499185589ea0fc	Photos/IMG_2518.JPG
1935550ff6d8b62ef37fbb2ce8390f7d	Photos/IMG_2519.JPG
be618868d43f693347519ce82ab0f52c	Photos/IMG_2520.JPG
df80168adb6bea29794726c22d0a8f32	Photos/IMG_2521.JPG
2dcc8e591aec8823778209effeebc019	Photos/IMG_2522.JPG
f29b150f0dafff7388b7af5f3a1c48ea	Photos/IMG_2523.JPG
334ef5a21f2158022b37dbd5de2dc890	Photos/IMG_2524.JPG
5eb0b3b103c1d9d28e225ce23dc813bd	Photos/IMG_2525.JPG
8ae6f64d105ccf4f7042e3724cc18e47	Photos/IMG_2526.JPG
afc698598c765fa965837b4f6e0990fb	Photos/IMG_2527.JPG
85512896d9937c85a710f362f094481f	Photos/IMG_2528.JPG
52c34b07b7499f0d91167176db3c6f44	Photos/IMG_2529.JPG
0b57b0269437d04fc35649dc4b58b7b2	Photos/IMG_2530.JPG
9a45f51f0686f7a54f2409857eb6fed8	Photos/IMG_2531.JPG
8c7a2fb483d9cec83d9b47cf6eb0de79	Photos/IMG_2532.JPG
d941f5283aaa9eebf011b63a2682b0f3	Photos/IMG_2533.JPG
80e4d7e315bb40991261fbb46dd5a405	Photos/IMG_2534.JPG
509de12dd83c0a45fcb256a371ca62ca	Photos/IMG_2535.JPG
a1ab34393d48d2858f345edd3a0d963f	Photos/IMG_2536.JPG
018c0db4129d7567f33e7d92714c5928	Photos/IMG_2537.JPG
18c8bff1f83944d7e6032bae5a2a3fe9	Photos/IMG_2538.JPG
9ddebaf51f4a9333015c2858b0f92baa	Photos/IMG_2539.JPG
00d5c596be0276d47dbabfa6d44b1bd3	Photos/IMG_2540.JPG
95e70c181313ae85603342135cdecacb	Photos/IMG_2541.JPG
4a568a6548d9ab70cf3fe7d66dc01f0b	Photos/IMG_2542.JPG
d81683467625dda30e8f6efccd8eb7d4	Photos/IMG_2543.JPG
01a8593fa3a1ace5334e16eee29f6d28	Photos/IMG_2544.JPG
af943f7251b46860164062d700d5fb53	Photos/IMG_2545.JPG
f9c9b0cd029a3be4947f33c873b565c1	Photos/IMG_2546.JPG
d023de93561e3873412b097638f2e1db	Photos/IMG_2547.JPG
20fb27c920653e4310d04e97b84acf54	Photos/IMG_2548.JPG
07fd0f32fc6cfb56254ca4cf543e9bcc	Photos/IMG_2549.JPG
80c0cbdfb2d9ba1e3de45c55dc376fbb	Photos/IMG_2550.JPG
1245813a85f45d2ba680c05296e80c9c	Photos/IMG_2551.JPG
b07065f80af506f7bae0fb7ff798091d	Photos/IMG_2552.JPG
510a5718bcfd866b309c9707cad14d1a	Photos/IMG_2553.JPG
06b77ccc2f437a0530253031bc8ca636	Photos/IMG_2554.JPG
db3331328ca04586c736ef664c53d1c8	Photos/IMG_2555.JPG
9fbacc2e9ba4f81c4839445db524177e	Photos/IMG_2556.JPG
fcbbe21a8c6f6eee5f47df1ff0c1bbd0	Photos/IMG_2557.JPG
a06ac7edd835d77cbe67696b942a76ff	Photos/IMG_2558.JPG
d72e06f37daf70769c571d00e0de6dc6	Photos/IMG_2559.JPG
060410b7f768bb888d09dc8e732087d6	Photos/IMG_2560.JPG
82ddef20afe5a1736eee155430e6287f	Photos/IMG_2561.JPG
46cb9a2a592e2eb7ac8feaf18a9a2180	Photos/IMG_2562.JPG
27eb01c17cee40b7672e1efc8510e587	Photos/IMG_2563.JPG
9f3d178b21014c5347e3f15dbcfc57da	Photos/IMG_2564.JPG
2af552d0c9ae6dc5b60105ebaa40419d	Photos/IMG_2565.JPG
6247559e7c2eb18f9b71ba8e58b08034	Photos/IMG_2566.JPG
bb7858dc23593e34a07d011e6eda5914	Photos/IMG_2567.JPG
6916dea4ac6c09fa5f4d3e8dbce2216f	Photos/IMG_2568.JPG
5aa967da157058485b76c058908ab505	Photos/IMG_2569.JPG
578793830672dcb81a9c19b5d7b456ad	Photos/IMG_2570.JPG
87c7d77b522eab3a0ca3ce904915f95d	Photos/IMG_2571.JPG
1d3be31c71b52e330cfb0697ac3f077b	Photos/IMG_2572.JPG
752d29143ad9ec637e19499e1f1ffb9f	Photos/IMG_2573.JPG
309bc61d978c0ea0c14c8a8535d746df	Photos/IMG_2574.JPG
4d442cbd3e468d9e13a06779ad3e7e6a	Photos/IMG_2575.JPG
de3c7a844ec2575300666ba71bbce6a2	Photos/IMG_2576.JPG
3ad03f21f162086ba338aeb8a05b8ebf	Photos/IMG_2577.JPG
38e5c56bdcc5d70ccae838bda7d5cf09	Photos/IMG_2578.JPG
4074ece91c9321eb3843c2d8f35c0e38	Photos/IMG_2579.JPG
2d94b165af58630fe2294be88482a606	Photos/IMG_2580.JPG
bdd138b84dea6734bb502c56b3a0969d	Photos/IMG_2581.JPG
d4b70d29b7b0605c9a7896b6cb20c4c7	Photos/IMG_2582.JPG
88e10791748d2d7cf0fc7eced48786f0	Photos/IMG_2583.JPG
f53452688dc4ce1a3698bcb0249d8491	Photos/IMG_2584.JPG
9d8be7ddc2869a98510313404726fd05	Photos/IMG_2585.JPG
e5f1c1c3480b71bc40993de7b2ac9256	Photos/IMG_2586.JPG
065341e0a9965b51b195f9ab16b04b57	Photos/IMG_2587.JPG
d34cbe2a3376fbd45ce4674fe402ed7a	Photos/IMG_2588.JPG
4d3246655c89af50c42de89891ac26c1	Photos/IMG_2589.JPG
ba95d8a2fcd7e91a9cfae2e5cbff133e	Photos/IMG_2590.JPG
5b55ac25d103eb314a0be26280d47a30	Photos/IMG_2591.JPG
221de8bfc49b2f3968c704ccfb6ca822	Photos/IMG_2592.JPG
10c23a335a2e660e2753a67bc6da6581	Photos/IMG_2593.JPG
907188050c2f95e84d78f302dc8cc8fa	Photos/IMG_2594.JPG
9f6bd1a311430c0fdd17e57f3c6efdc2	Photos/IMG_2595.JPG
68aeedf9f038a2e0cb037663911a4bd8	Photos/IMG_2596.JPG
7353e373044e71f5532dc6d637796ad4	Photos/IMG_2597.JPG
586be737c987fe12849a44ba4e1dfb13	Photos/IMG_2598.JPG
fa522b57449de4baeea6fac960048d5c	Photos/IMG_2599.JPG
f84e9d7f256766c1f413cf5c73168c29	Photos/IMG_2600.JPG
ea178120affc377d41d9945c2c1c7f9f	Photos/IMG_2601.JPG
b1dc65acc6892f46e832791286cc3390	Photos/IMG_2602.JPG
145dbb3eca2f08033d244ca7f24a4697	Photos/IMG_2603.JPG
029b8c4fae2f369c9272de12be7903de	Photos/IMG_2604.JPG
e012c8e6199e437cd9dee6fc1185e8dd	Photos/IMG_2605.JPG
3fa6b6af1e4d7e0266437aa891014dc9	Photos/IMG_2606.JPG
1168a2a6de5eb66619e1e66afac1ff28	Photos/IMG_2607.JPG
1fc456faf8ecf0c3b024bdaaeb97fbf2	Photos/IMG_2608.JPG
3417043786f44dee492f669952d58067	Photos/IMG_2609.JPG
d6224b99a8257540958dc1fbd5607f11	Photos/IMG_2610.JPG
5ee587a438f219ef1680e98b74b4589f	Photos/IMG_2611.JPG
a1888bca05405b48125cb2ae8f3ac574	Photos/IMG_2612.JPG
037abfd0d4daa0f56f514eef447a2918	Photos/IMG_2613.JPG
b07078efe24cd88eac37a70b9bb5c2a4	Photos/IMG_2614.JPG
d4e6fbee73052a99f98d35f5e14bf76f	Photos/IMG_2615.JPG
caad275d0f13fab403b432db48ebe6d5	Photos/IMG_2616.JPG
696ec5939d516f13dd0bacfa93b8fbe3	Photos/IMG_2617.JPG
7e5bf8904730e861ab2eea379e7a5644	Photos/IMG_2618.JPG
97eb155e86187b9f0aaf487b88c46be7	Photos/IMG_2619.JPG
8c476f9d7c8a03ac709e18b5f591cab2	Photos/IMG_2620.JPG
23ac1b6311d86a4af367ced784bb94c2	Photos/IMG_2621.JPG
aeee9850a605ef56e4d81d4194f67c7a	Photos/IMG_2622.JPG
c74caa235d9f46bb183f5fe69767ad20	Photos/IMG_2623.JPG
afc128c618d089966978b8e897b9c360	Photos/IMG_2624.JPG
6c76162b41c2d834ec116b89d1769e44	Photos/IMG_2625.JPG
234f7030c553bf6dc0163a22840e3406	Photos/IMG_2626.JPG
337b9b983d09a2b81f5b041f4b6ae5f9	Photos/IMG_2627.JPG
1207c90640a313fea5700abbc65e0a98	Photos/IMG_2628.JPG
9c7ba031bd9102876dc6eb9bdfe01aa0	Photos/IMG_2629.JPG
a669bdaa4864ee08eb0169e61b17f5ca	Photos/IMG_2630.JPG
d5e12f16f79b6d2645f59ecbbc1417a0	Photos/IMG_2631.JPG
c6b90c64e2e8299945247c982f187ed5	Photos/IMG_2632.JPG
2808bf0944e33eb04b8c80a59b07b378	Photos/IMG_2633.JPG
3e3826b69267d136a49ffff448c2f82f	Photos/IMG_2634.JPG
690b8731f43c810a83e3c0b319146578	Photos/IMG_2635.JPG
a38b0b6ce7eb795341a7607e6f223b96	Photos/IMG_2636.JPG
57dfbe31f64dbcb92cdfa317b2954cdd	Photos/IMG_2637.JPG
9e78198e5f5478c1c514ba76137283a2	Photos/IMG_2638.JPG
3ce58248c53a276466c614f25907707e	Photos/IMG_2639.JPG
7945eb0b14d38518f890a2b8afd42c94	Photos/IMG_2640.JPG
e3d23556104e6b98c352ca7c74c68ba9	Photos/IMG_2641.JPG
ebc2fff5b5d50edc9fd2c22565658593	Photos/IMG_2642.JPG
705e59a065ed7cce3675f5662182ccec	Photos/IMG_2643.JPG
d24b224baca21a92631750ad4974ce81	Photos/IMG_2644.JPG
321a33203ef2aad1414d9ed0cc3880af	Photos/IMG_2645.JPG
05ae299461999b189098eec945658d2b	Photos/IMG_2646.JPG
ae586d07266ca017f957d753eb41ebec	Photos/IMG_2647.JPG
0b553cab02a9de19dfb001dbbad2953b	Photos/IMG_2648.JPG
3b6ea1842edec3dd16d5e8a09104b5ae	Photos/IMG_2649.JPG
6979561994cb69dce1af4ab5721aa712	Photos/IMG_2650.JPG
4c294d7e2b190b4d3b9070dab504d8f4	Photos/IMG_2651.JPG
b4853c663c282306b13a5dd3f310e5d1	Photos/IMG_2652.JPG
c4e704185caa5d126e900ef3b1dfa501	Photos/IMG_2653.JPG
5ddb413c52f4fc2b64aa9184438594f1	Photos/IMG_2654.JPG
ae3b0446c2ecf8c129e192f47d2ef610	Photos/IMG_2655.JPG
0ea58ba4861a0a70c435e9fe9e5be8b7	Photos/IMG_2656.JPG
5f3bd20224717296d6ced32977acbded	Photos/IMG_2657.JPG
ddd4145e5196a52e0b52bc129e41b53a	Photos/IMG_2658.JPG
20e3aacf27bf11d8259e8f13a4b37d8a	Photos/IMG_2659.JPG
9ffca0e80fd76ca93a767a6d334ff7bd	Photos/IMG_2660.JPG
5d1840e824b74424a926a8a8b7675ff5	Photos/IMG_2661.JPG
5e26798794087a629c3a879cdebfc903	Photos/IMG_2662.JPG
85b675343591498e4af163b8bee44cd4	Photos/IMG_2663.JPG
27c360be324ffc554c52238e220349ff	Photos/IMG_2664.JPG
8a983ab10de42dacad06fbf21887a13f	Photos/IMG_2665.JPG
5c322d12c0eed4c6bc95b7e4bcd3e908	Photos/IMG_2666.JPG
4d5c29c41944399dedeb1f957efa76f0	Photos/IMG_2667.JPG
9db7db77023c849a7912e955ba47a4d4	Photos/IMG_2668.JPG
05760e7965cc8f9556903c469c5f0f4c	Photos/IMG_2669.JPG
18a1ec3c9bc8bf5214051f4cbb01d69d	Photos/IMG_2670.JPG
897c86aa1391c3f169b21e5117d3cce9	Photos/IMG_2671.JPG
ac048f7edab744f08f2a28d904ca708c	Photos/IMG_2672.JPG
f4dd65f2e21f409bd796a68925c60da9	Photos/IMG_2673.JPG
92f809bc9004df88ff35428f91213aa3	Photos/IMG_2674.JPG
1a846c75f123d3340d067ede633322cb	Photos/IMG_2675.JPG
fd9ae7b363096990b96ce0f26d99b0f6	Photos/IMG_2676.JPG
03d26a43a09026a6a198eef2e244345b	Photos/IMG_2677.JPG
3ff790d1d6c09eea1ab591700d44a48e	Photos/IMG_2678.JPG
1a9e6703a774b7bf9dbb3313e0e6bed5	Photos/IMG_2679.JPG
4e5f046fedf4a52d0de825683306553a	Photos/IMG_2680.JPG
20a3f2849a8b1645d2b9d3fa522dd00c	Photos/IMG_2681.JPG
6a7c88fb444ccec83ade0bb02141ad09	Photos/IMG_2682.JPG
719716e6412f7914938bd799f84fd6c3	Photos/IMG_2683.JPG
884b0241dac56bc7aa1cbcd72f31a57f	Photos/IMG_2684.JPG
41e273b90b2143f4a8ff1b15474a5aca	Photos/IMG_2685.JPG
58bf2ab18f591a8b8a61028ce58ffe4e	Photos/IMG_2686.JPG
109e6c4c83b5aba15154664df599176c	Photos/IMG_2687.JPG
13b569a9c43dca67ea238eebbae84ff0	Photos/IMG_2688.JPG
84243a69baadb6bc0f1a7af5949690a9	Photos/IMG_2689.JPG
37ba4ec2502431bfb9e3d3670eaf9f33	Photos/IMG_2690.JPG
33c0913757e2938dc1f671fc64af99ff	Photos/IMG_2691.JPG
e12ddf1a51cdce79d6353bd0fefee2ee	Photos/IMG_2692.JPG
a74419cbdd026a3627605ea950054369	Photos/IMG_2693.JPG
1536a77e784888c00da505be515a3866	Photos/IMG_2694.JPG
6160b6e35a5927b7f1e25e7e62f58f5a	Photos/IMG_2695.JPG
2362ee62b0325f3dfd831319c5be6a8c	Photos/IMG_2696.JPG
94d7e3a71c44643eedf442a7f75492ea	Photos/IMG_2697.JPG
b6e6a4231c8a7019c81a79d8dab11e6a	Photos/IMG_2698.JPG
7c43409f5ace6b66d5dd2bec3a7e5782	Photos/IMG_2699.JPG
1426813dba082ef287d4a217482c2920	Photos/IMG_2700.JPG
0f5b6cbed1216d39fe7bda9aea5c91bb	Photos/IMG_2701.JPG
c627f4896c983b4b3eb2c4e32d89b132	Photos/IMG_2702.JPG
728d1d7e5ce0fb5568870086220cd436	Photos/IMG_2703.JPG
fa603601fb306fa1cec45d18824b8fb7	Photos/IMG_2704.JPG
4120ffc9f627c8c5a8c8bcf1540314e4	Photos/IMG_2705.JPG
770b7147dbcd53fb055bd725ae0ebb5a	Photos/IMG_2706.JPG
684b7a045378d522aa5acf67a3fb3064	Photos/IMG_2707.JPG
2a45559373e4147506155c9eab54fa4e	Photos/IMG_2708.JPG
fe1de3ccf77e879d984acd5e88146a76	Photos/IMG_2709.JPG
a50b0efe8304e196a9f34259a32f17d4	Photos/IMG_2710.JPG
8b0f00b8b7e3a055f2836c9591d8acda	Photos/IMG_2711.JPG
b1f70cdd820193d02ba61e3bb51fac9a	Photos/IMG_2712.JPG
9e702177ca248d5df8e6a9fed4ecbda4	Photos/IMG_2713.JPG
b15df76d48ab05d4ff7aad1ece8d7e60	Photos/IMG_2714.JPG
4fb9f5cdecdc49e609d27e7d25e48ae2	Photos/IMG_2715.JPG
9db532994c150a719a676834056112b8	Photos/IMG_2716.JPG
f0f733e4cd19fe75c4d900603fe707e3	Photos/IMG_2717.JPG
5265ee5fab76ca8f99dd8ab3566b977c	Photos/IMG_2718.JPG
7019d8bde73d7f0bd429b740bad6bc18	Photos/IMG_2719.JPG
990352431ed7ab7640444b081c09477f	Photos/IMG_2720.JPG
7232af310982862460a440e6a49c47e5	Photos/IMG_2721.JPG
c6c2fe95c58d607bd64d38d28e285c27	Photos/IMG_2722.JPG
eb5ebaaef1f79abca165212f60bf390e	Photos/IMG_2723.JPG
d71f6022481d260e10c877198261f7aa	Photos/IMG_2724.JPG
256bfcc07b5bf77ec467ac0a0bc5a15f	Photos/IMG_2725.JPG
1e56b00a5ccbf9f0a8583ccffab8e271	Photos/IMG_2726.JPG
2b9eecbbf78ef9f5c148dd5d4cf8e84a	Photos/IMG_2727.JPG
c8e472c87cb6dd77e6d9cbde6e178af1	Photos/IMG_2728.JPG
87126d3f0473b6ff0efd310b13a60353	Photos/IMG_2729.JPG
f7e8676e970ac2d1943934d3e67c4908	Photos/IMG_2730.JPG
3cacf25cedfa28430c3749e99d9d815e	Photos/IMG_2731.JPG
2b74a8a2060eed6392c4e82db5ff7514	Photos/IMG_2732.JPG
6bb7be725c1719d6249e24e975fd56c4	Photos/IMG_2733.JPG
29f322b604c445618228efcd704a998b	Photos/IMG_2734.JPG
0912cf19fdf501c9f003936d902de177	Photos/IMG_2735.JPG
43f73a6690aff3293f0352445cf9fa1e	Photos/IMG_2736.JPG
3a7dffc2ef7e12f5949d3bbd1272ac4b	Photos/IMG_2737.JPG
960ef0e64646180e2274833889b15e37	Photos/IMG_2738.JPG
9461a461389f0210688606165a70528b	Photos/IMG_2739.JPG
8289cd3da3c7641771d4469806a827cb	Photos/IMG_2740.JPG
7894047b92e685cea7d78857cd00acb8	Photos/IMG_2741.JPG
a1bdf1753e1327e1a5cdf2753b2da759	Photos/IMG_2742.JPG
dac9242e65879cdd62e317754705dafe	Photos/IMG_2743.JPG
3eb5d854fddfb06f496ec48429b75d85	Photos/IMG_2744.JPG
f3fa55e62f51c279a4f3e697b2dbb41c	Photos/IMG_2745.JPG
ba1270b06b5af89f6712771a7b791f5b	Photos/IMG_2746.JPG
7098414e397b50f65a90c845e2217e80	Photos/IMG_2747.JPG
3647a33ba42394f4116aabe33a23029b	Photos/IMG_2748.JPG
a5b5c3d13eeec0f661c398aa476e6397	Photos/IMG_2749.JPG
4ccaae0d937c824f1254e72eccbca67a	Photos/IMG_2750.JPG
4bf10229b88945b67e7de396ad64de4a	Photos/IMG_2751.JPG
96219ea68d4ccf79216f3cb2441bba49	Photos/IMG_2752.JPG
1e1dcb3cef6dcda07732d72fd9f63a03	Photos/IMG_2753.JPG
6fb92a27d0a23475f595cd15fd0ab749	Photos/IMG_2754.JPG
5a2a558e8fa4d837b86f1396c9060db4	Photos/IMG_2755.JPG
9e13277955317bd1f45bec3e9c832ffd	Photos/IMG_2756.JPG
d3e69ba0db04e6285a7edbce04156574	Photos/IMG_2757.JPG
2109c767992d216fee53f848b0226597	Photos/IMG_2758.JPG
043dd8be78ed56ca2f70064b035e6a7b	Photos/IMG_2759.JPG
75cf670ffacf7a9d35aa2851b6d4cb33	Photos/IMG_2760.JPG
b21f3474fdf5032eb9010f8a12e6d117	Photos/IMG_2761.JPG
cdd219c3722e420285b58bbd24d09e5b	Photos/IMG_2762.JPG
50527ecd85e6acf1a80b470832e4827a	Photos/IMG_2763.JPG
bcb801f503925b3858cf8ae20180c691	Photos/IMG_2764.JPG
851e494d5eb3e478af0988a5e170b994	Photos/IMG_2765.JPG
dd0e16c9aba002c821b9c55b7afb25dd	Photos/IMG_2766.JPG
f6348fd3c34973fde56001babc563e80	Photos/IMG_2767.JPG
f2a5dd166605c3a3c735479a66a9d2d0	Photos/IMG_2768.JPG
593bd2d035779bec5c0905979d1d5682	Photos/IMG_2769.JPG
e32d6496c4ad6d49e4a3334a4fd8280a	Photos/IMG_2770.JPG
d1b0500ad7ec731699336c86d4cddea5	Photos/IMG_2771.JPG
c7a6f7ca9d748b8ddd289a8af9b0a305	Photos/IMG_2772.JPG
28a7b0077aa56a3625687909d1e2382b	Photos/IMG_2773.JPG
c010852730dd76d310867c477efdb3d9	Photos/IMG_2774.JPG
ba1b13ccc99b60ddf77557264fa0b2bf	Photos/IMG_2775.JPG
0c08470c57a8b6d8c8b16eb3bfb21329	Photos/IMG_2776.JPG
eb2672121365252cd84bd12f45d57d6f	Photos/IMG_2777.JPG
3b442fb91dd35881f956d8dccc5e6052	Photos/IMG_2778.JPG
bdd12cf93aff00cba00c5b262b358a98	Photos/IMG_2779.JPG
a520c6715bfca828350eee04608358eb	Photos/IMG_2780.JPG
5f9edf92ad00d79a1b70bba3fdbc4b65	Photos/IMG_2781.JPG
327b399cd0f9dd12a5b52edd69b2f231	Photos/IMG_2782.JPG
86bca6f2f4a0498554ef898268d3e51f	Photos/IMG_2783.JPG
d823ed79afcf06d4ca45167a829ee80f	Photos/IMG_2784.JPG
ecd30f8c2b1851607a25570f60862b18	Photos/IMG_2785.JPG
042f675b139d2b401b59fd4a159e053b	Photos/IMG_2786.JPG
03bf4c0e2837f07f226ae8d2cbc7da0b	Photos/IMG_2787.JPG
9a390d1d6957bad88691cffaa2650bf9	Photos/IMG_2788.JPG
b10550e5c939146af9c3f829cb8839b3	Photos/IMG_2789.JPG
0bc731c864ef440ed1438768e153bbb3	Photos/IMG_2790.JPG
487af31ad56dbcb82efa3b6bce94941f	Photos/IMG_2791.JPG
b26d48416eb9917c5c66f01d95a7aa99	Photos/IMG_2792.JPG
2715c16a34326f26fdf04671cb8b42ab	Photos/IMG_2793.JPG
fc268c32ff9e901b0f1fd1d5dcec9855	Photos/IMG_2794.JPG
7d58059579c43e27e7a5bcb38d8406e8	Photos/IMG_2795.JPG
66618b4c10a93f4c0196c6ec28406425	Photos/IMG_2796.JPG
12fbf02500f9b23689121de3e50cbf24	Photos/IMG_2797.JPG
4f0f4be8a5da3c4bf09ec8aa3dc8c435	Photos/IMG_2798.JPG
771cc6d533b01a889d9279cc0d0e480e	Photos/IMG_2799.JPG
0d375096dcd72530912e716b9a0c72bc	Photos/IMG_2800.JPG
cbc55e76a3e3bf6ad9fd11c5a795933e	Photos/IMG_2801.JPG
47b9e41222a6cdeacbf99efdc61f130c	Photos/IMG_2802.JPG
1b977707c6ff40a000b63aba2184727c	Photos/IMG_2803.JPG
3c0a01b189542570368cdf9d3ca50e00	Photos/IMG_2804.JPG
5e871bcd78025e2facf12e5034a995ba	Photos/IMG_2805.JPG
64114c0c3bcf559fbf56a8f4ec74a0d9	Photos/IMG_2806.JPG
04ce21fb15e929b0698fd2b4a54b64c6	Photos/IMG_2807.JPG
fe2dd3a22f0d9891ead0f17124ced8a2	Photos/IMG_2808.JPG
2de5b696303c3215ddaa1d51c61bfd89	Photos/IMG_2809.JPG
b57f054b818e4aaa24594b8ec59073ae	Photos/IMG_2810.JPG
83138ce2081097c0a109ab5acec5a650	Photos/IMG_2811.JPG
1ccc0452a7b6694b4cfd52900ed4e324	Photos/IMG_2812.JPG
380f48346d16708ffa63c5a6cb2b134e	Photos/IMG_2813.JPG
48f6f171cd20e8a9a64f1dac04871048	Photos/IMG_2814.JPG
0d9653b4015f4e00291b15af0693efd8	Photos/IMG_2815.JPG
8de33cd60f60d30dd4c8cbe412965747	Photos/IMG_2816.JPG
11bf844596daec97c7cc7df40c6b4e06	Photos/IMG_2817.JPG
3991c0bd6e6284828b093d52c7d4f59c	Photos/IMG_2818.JPG
30dcc5d17cb97c3204e3bbb1210517c0	Photos/IMG_2819.JPG
0e23768588ae9d078de6e5dbca110c17	Photos/IMG_2820.JPG
5375a7171b323816b36609e64972371a	Photos/IMG_2821.JPG
51bf9ff31591109affca5302a1d2b1fd	Photos/IMG_2822.JPG
08cb8b47cf3fe1620c151fed55fbdc13	Photos/IMG_2823.JPG
52f15d93f3a2cb65e27fbef4492e2f01	Photos/IMG_2824.JPG
8324f033091e95f71f2095e4e1b75e75	Photos/IMG_2825.JPG
42071e2b75a7f9d3cdd7f6303760f42a	Photos/IMG_2826.JPG
098f195a84582c732fa9d8173256d744	Photos/IMG_2827.JPG
c6c45a97cae14e78ea0c9f3f80da7fbd	Photos/IMG_2828.JPG
83f41008f03d4a1f5d20097efbaee09d	Photos/IMG_2829.JPG
8cd4a649a1995cd7370ec6587bc86a22	Photos/IMG_2830.JPG
d429c030b5b253829fbec5ad1ec08d59	Photos/IMG_2831.JPG
315065d856a08e0106895613f2999644	Photos/IMG_2832.JPG
3c5085ea3ca050f640d0df099030e6fb	Photos/IMG_2833.JPG
7a4ce249054ad33196d962a4402a6762	Photos/IMG_2834.JPG
004c1536e0f69dfd7d73289a0f065e4e	Photos/IMG_2835.JPG
39561000f56431762e400daba069464d	Photos/IMG_2836.JPG
0d5c14fbc4f19c2bc94b9602780f4726	Photos/IMG_2837.JPG
d92c6b9f8e3ca31fe8547b455e47e71e	Photos/IMG_2838.JPG
8adcd1e8615266fb0f0a172dc4474318	Photos/IMG_2839.JPG
ba1e94060a373ac5c0c982c73f1b5e6c	Photos/IMG_2840.JPG
cf2f5e5dfd0058b6c829f2c387194932	Photos/IMG_2841.JPG
1f37200f456f7be73435453554ea15c0	Photos/IMG_2842.JPG
fce69e62b915420f0cddd86b83b75a2e	Photos/IMG_2843.JPG
2d0c006068f36d3e24366f473a4fa36d	Photos/IMG_2844.JPG
55a64f47a59f6c523e29882fa52f1952	Photos/IMG_2845.JPG
44c2b58faced2a5cd19deff4687e5eb6	Photos/IMG_2846.JPG
aae5dc79c33a5c25f7ee8646e572aa33	Photos/IMG_2847.JPG
3f46f093730099c98febdca935a4b353	Photos/IMG_2848.JPG
014066a259a1907eb021dc8770f67049	Photos/IMG_2849.JPG
652be8cf54dc060e3f1b167944538976	Photos/IMG_2850.JPG
87d0cc6c1e6f33db68c833cf2e177366	Photos/IMG_2851.JPG
810e1b85c1dcd6de137ebc4b5180493f	Photos/IMG_2852.JPG
82b80bd23398afa9ddb42bd9125e063f	Photos/IMG_2853.JPG
3713b42cb51713027571e170031a4388	Photos/IMG_2854.JPG
2f1ec760aca0fe740c2660c25b659e3b	Photos/IMG_2855.JPG
f7421e3bf8eee459dc5180f69dd0a384	Photos/IMG_2856.JPG
234e380437545b36db072cb4c77a66e8	Photos/IMG_2857.JPG
59a07dc09e4273f3db334f0a5381c9f2	Photos/IMG_2858.JPG
0dcf287fa1d731bbf92c0bc8da15ed85	Photos/IMG_2859.JPG
f4a7524222233352c413fcd908674000	Photos/IMG_2860.JPG
b68b0282f9286a995419c8061f73e038	Photos/IMG_2861.JPG
b3498cd75af93b53e930603c9b5d77f5	Photos/IMG_2862.JPG
3c1ed83a963cafa6350f1e5ba3870b59	Photos/IMG_2863.JPG
bc51bd15951694c9e08aaadbeffd9999	Photos/IMG_2864.JPG
da04bd60637b53d555321097d7c86760	Photos/IMG_2865.JPG
2fc9175e06faceb39654a4c57e5d0bd6	Photos/IMG_2866.JPG
9c5b148821da8d5a3ac076e9a488edc0	Photos/IMG_2867.JPG
5219784638dd0185c5930e74013ce203	Photos/IMG_2868.JPG
32a31d6448d8c9a7781b01d2140dabb2	Photos/IMG_2869.JPG
8de041b5125e5b9dbc289899b7400f95	Photos/IMG_2870.JPG
3ae0fadac0bce5080d259bc3145603ed	Photos/IMG_2871.JPG
fae952b2cab943aa7a7432e7cc0cb119	Photos/IMG_2872.JPG
fa4a69ebd3ba2c4c162d111d2be814dd	Photos/IMG_2873.JPG
8a7d29db0bdab61d75e46fb88f134c7c	Photos/IMG_2874.JPG
66b64fa0142c185e520ae1310cec2605	Photos/IMG_2875.JPG
625b078af09afc02cfe3468eb7869bb5	Photos/IMG_2876.JPG
d0462c89666e4f92945cde7227cbc598	Photos/IMG_2877.JPG
a2f4d425f57e1e0e801dbfaceb1dbbaf	Photos/IMG_2878.JPG
a1f775ae1ba4d4df728cf4a104d290b6	Photos/IMG_2879.JPG
03ecd745fda15ec1ea9c643248e82494	Photos/IMG_2880.JPG
b632356433bf027151f3de366a4f6cd4	Photos/IMG_2881.JPG
c8a1859e283e09c6586e28c26048f89a	Photos/IMG_2882.JPG
1d0cac9dc6e6a39d583fe5d109e0664f	Photos/IMG_2883.JPG
445cba7c349258d6affc002a9be4b7e4	Photos/IMG_2884.JPG
5a85bcef9a068e5ce5818136a49397f9	Photos/IMG_2885.JPG
b34682298894f99df25b61b8a689915f	Photos/IMG_2886.JPG
492e88fcadba90258bfe9e35c40dd8bd	Photos/IMG_2887.JPG
a786a50d82a81a9e41d309afa77eb7cb	Photos/IMG_2888.JPG
e175785d26622cd4bde10ff4f98d7f61	Photos/IMG_2889.JPG
2fdcf1d7db478b00606f844df9014b0a	Photos/IMG_2890.JPG
d20b94692e864fbf1df5d586c5460959	Photos/IMG_2891.JPG
5928006286f86503b65f96e1ab69ba7c	Photos/IMG_2892.JPG
65790636f8b2a71348e07e8e8a569edd	Photos/IMG_2893.JPG
fd7bcb17e95c0294cd50e3ee339d643c	Photos/IMG_2894.JPG
b52716a040d8e828b71755a5a287912e	Photos/IMG_2895.JPG
8c7177b1d1bbcba1c5e0666d228337c2	Photos/IMG_2896.JPG
5d0a2cf837b282300c79e0c84cd84d41	Photos/IMG_2897.JPG
6d774c14298d6ab9fbc2014d137fb561	Photos/IMG_2898.JPG
6f121ea429093d0ab5bf49544e7eec67	Photos/IMG_2899.JPG
2d3a6f6b057b3ca164dda10617fd8da1	Photos/IMG_2900.JPG
aa1c80e177a87b8a14b9daa3294e43fc	Photos/IMG_2901.JPG
3b8f0a26ef21457c2986d8b81fb68a4f	Photos/IMG_2902.JPG
134f3feb2ba63571014fb63fa7dc489f	Photos/IMG_2903.JPG
fc28b425c63006a394fac0f7a9f2f521	Photos/IMG_2904.JPG
71c103b3f692d7746fae86ddb2fb7c37	Photos/IMG_2905.JPG
00fd4adcfb53dec83b257a5fb9c39338	Photos/IMG_2906.JPG
14f964396304d45883e219f46630594a	Photos/IMG_2907.JPG
bd93d42057c44bfbdc2feda6e4fa39b1	Photos/IMG_2908.JPG
49bbd54280d83f2b00e12efc60bfb6f3	Photos/IMG_2909.JPG
a65bc02301c6f115fc15c62920c810b9	Photos/IMG_2910.JPG
7ee63655a728df0f3336cb5d2d995b06	Photos/IMG_2911.JPG
c8b99d8c71620171b9cee8b6442f26f1	Photos/IMG_2912.JPG
67f71b216b13d12f423bbca23a80050e	Photos/IMG_2913.JPG
53baa20f1a00028e989167498f5c4391	Photos/IMG_2914.JPG
81a7c84bfc041b3c8cf5ffff3d483ba6	Photos/IMG_2915.JPG
a3232622f8b5f3cd58d1e6eb4dad9bb0	Photos/IMG_2916.JPG
b26ab5a28bae95a85a9ad5b0acf822cb	Photos/IMG_2917.JPG
185399f8366b06e728241cb37e37582c	Photos/IMG_2918.JPG
10f106ccf8eb884dbb5a4eaeba705123	Photos/IMG_2919.JPG
71ad921afb4a170bd89e476a86db4eb2	Photos/IMG_2920.JPG
ee5198dfc26b580ed4b6b9bea566c12a	Photos/IMG_2921.JPG
02207fd2ba59a45e0bf1353e30ee177e	Photos/IMG_2922.JPG
bf2c666b9acd9b857d882c991142d9ab	Photos/IMG_2923.JPG
4f00d604548577700597e38b8277f3a2	Photos/IMG_2924.JPG
a5a6f0474e7327ab56f3b828d0295522	Photos/IMG_2925.JPG
4136e8808d44ca81ececbaf2d427d269	Photos/IMG_2926.JPG
0c03c0b5cba1e544d085f7c68211e373	Photos/IMG_2927.JPG
bfde519d6ed86717ed2c344d050347f5	Photos/IMG_2928.JPG
a45e7d51e23a5719912d20c1f639fd1b	Photos/IMG_2929.JPG
d6a5dfd3e5d260a9f125fa3451f02472	Photos/IMG_2930.JPG
12ed9c7a718b73689ee00c7e6bfb6884	Photos/IMG_2931.JPG
7915e1724ed4c93c7e12f644f64cac44	Photos/IMG_2932.JPG
a30de47f47a73229ec29d7eab6586545	Photos/IMG_2933.JPG
d15c0c666ae67e9db0c3b396a07bf526	Photos/IMG_2934.JPG
7434e1b9cce1fadd7dd93b520ce03a49	Photos/IMG_2935.JPG
563e54568f2f28076b0f8b1555ae82f9	Photos/IMG_2936.JPG
49c08ad70ba7e7cf3bf727cf6385f53a	Photos/IMG_2937.JPG
d35ea38ab79f67a5b7507ebcb1bbb541	Photos/IMG_2938.JPG
563416924b2092055d7793c75d4fb90f	Photos/IMG_2939.JPG
c40e44bebaa61e0aa1f26ec7643ad5fe	Photos/IMG_2940.JPG
4193562d0898ebde7615440628e4c4a9	Photos/IMG_2941.JPG
c400c891db72d363f7016176b5715c8c	Photos/IMG_2942.JPG
adf316ca6c0c295a2775d7e632c2cfd8	Photos/IMG_2943.JPG
ac11838b3451bf107da06b9fad4c78a1	Photos/IMG_2944.JPG
bd8f1e01388e7f18e31a9070a080dd72	Photos/IMG_2945.JPG
8e689a7e39d024edebd2d4ec83ab5cc3	Photos/IMG_2946.JPG
a5ef5a841e9ef9016d1eaab6bd202c38	Photos/IMG_2947.JPG
4bb25f844c3ed8a6328f3c96563fbe4d	Photos/IMG_2948.JPG
bc89e0274735c6960982e8864159f0df	Photos/IMG_2949.JPG
6d169b3a03842d6ea3155742b61ed83e	Photos/IMG_2950.JPG
b2406219f055657740d324cfb7c2a684	Photos/IMG_2951.JPG
d6e66dab783e565cbad2e28b5383f594	Photos/IMG_2952.JPG
b7567f6535ed3baaf4e38eca743af645	Photos/IMG_2953.JPG
dd6effd9a7b6efc5558364c30a3b6e29	Photos/IMG_2954.JPG
2dbae9d21085fb4cd07efc35aec88f0e	Photos/IMG_2955.JPG
327ccdfdf37204c9253fd71fdb38aefd	Photos/IMG_2956.JPG
5cf4cb9ca8df78fc755174484df50463	Photos/IMG_2957.JPG
0afd69729bc98f4297294f67ecf84a06	Photos/IMG_2958.JPG
a78e6c72730193ee2b1465bd92151f87	Photos/IMG_2959.JPG
f8b344f0c1b80a1467df34c1dbfc5490	Photos/IMG_2960.JPG
6767cd52189597ed00451e63acde138e	Photos/IMG_2961.JPG
0eb9201f98c0a5af5b235622f62f9d14	Photos/IMG_2962.JPG
85f33263d41d8ef09e7b2dc450b5ac2d	Photos/IMG_2963.JPG
b41aaaa151e2b9f604c94096605f7089	Photos/IMG_2964.JPG
101ddb2d489852ee2e65288a91e60de8	Photos/IMG_2965.JPG
dab04a41521f6b41b445dcdd4c8563b5	Photos/IMG_2966.JPG
c8b43aebcc4d780f0b3481e818a817c3	Photos/IMG_2967.JPG
558912b65021ff818a7c2be118111c99	Photos/IMG_2968.JPG
9d68f40ef46a05fc0d4f41848047418e	Photos/IMG_2969.JPG
70eaa7e3fa2a4bbbc25568273ac092c9	Photos/IMG_2970.JPG
cefe0d420b007e85c7c1df1cff82fff8	Photos/IMG_2971.JPG
24a24c4a9b0e6791534fd01d109976b6	Photos/IMG_2972.JPG
0a50c2a354a7f46522fdd0457834e25a	Photos/IMG_2973.JPG
f9bc4edf883ce5361dc06b70ffbd09d6	Photos/IMG_2974.JPG
4b3827b929ee9b7b8a0361f548e245e0	Photos/IMG_2975.JPG
134edaef042cf3e4767e443fe35364b7	Photos/IMG_2976.JPG
8f6549e69f4335019ac39fb1d0977f2e	Photos/IMG_2977.JPG
9b5343a1f2ab1ec7c20f9a812db10b80	Photos/IMG_2978.JPG
2fc58399ae700f673a5b3e3da472f4ec	Photos/IMG_2979.JPG
06d8f2b57f1f45baaa444cbbf3146af4	Photos/IMG_2980.JPG
bc27abdcba925622f88dc2e65cf52514	Photos/IMG_2981.JPG
1d5fff62330ca3609a1bbb94143607b2	Photos/IMG_2982.JPG
e25100414acfe64afab55dd95e77d4e0	Photos/IMG_2983.JPG
d2bcc3528b48c313960aa73fecdff36b	Photos/IMG_2984.JPG
d34d5557e13e386f412c1be18bad805f	Photos/IMG_2985.JPG
bc3e23ab8d9ca4aeba22a40037e77f79	Photos/IMG_2986.JPG
71afeb3074c2988b834c838ce2a20254	Photos/IMG_2987.JPG
77b6f61116b42d60ee9f9aadc5e09ef5	Photos/IMG_2988.JPG
f176ad1a36d7f5c564341967781ac942	Photos/IMG_2989.JPG
feb374c07a0acef70d13b60d411f21ff	Photos/IMG_2990.JPG
883b66bf2656b4e22826502e770b9768	Photos/IMG_2991.JPG
e2ebac60a9fb2deb5c492c466ec5a206	Photos/IMG_2992.JPG
3c20a112c6bc89b44d530e72639ed98d	Photos/IMG_2993.JPG
4017bda50c6b2594c02640065f1738b2	Photos/IMG_2994.JPG
3c3540b45d6806c831a0afd0ace44c58	Photos/IMG_2995.JPG
d1290a67db3471d41c438c1615267082	Photos/IMG_2996.JPG
3c479d1443e9f612a7d010c56e03fb08	Photos/IMG_2997.JPG
1036f2192fa0d24523fc689a3b934bae	Photos/IMG_2998.JPG
4610a4124766dd19e5a0ca5860cebc8b	Photos/IMG_2999.JPG
4c7576bf8a08cc61d21dde560760ebbc	Photos/IMG_3000.JPG
dd3ff09db96263b22146e9607927ef5a	Photos/IMG_3001.JPG
c195125d1637cd15db3219e6db1d4edd	Photos/IMG_3002.JPG
8db67045e2f8dcfe1fcfeef471e1fb30	Photos/IMG_3003.JPG
32089a79ab5628c8f7885178cafbad74	Photos/IMG_3004.JPG
fcf763fd551122cf5a31e4b468395dc9	Photos/IMG_3005.JPG
57b0119b9353241d02c8dcd6ed0df14c	Photos/IMG_3006.JPG
aee3a119fef6416d17e82db64dd53deb	Photos/IMG_3007.JPG
d0c6a1d44088181b6b24f8efe805bedc	Photos/IMG_3008.JPG
bff518e84e4894727123b7e93419b6fb	Photos/IMG_3009.JPG
b90f31b5f387e24b9a25b5f625791611	Photos/IMG_3010.JPG
780fd1d49d81ba1b514cfb0d4ab68b8b	Photos/IMG_3011.JPG
0122cebbabaf15ad05107099d99f3e59	Photos/IMG_3012.JPG
57cb90baf97681f9039b4197f684797f	Photos/IMG_3013.JPG
970d22bc995401b5e7107b73dbd78f6f	Photos/IMG_3014.JPG
5ebed5caf5d5b056354db211e1a2d0ed	Photos/IMG_3015.JPG
61a4924df2b81c062be367efa4116ecf	Photos/IMG_3016.JPG
a3c740806243d2d45425ee9f06ea8157	Photos/IMG_3017.JPG
3edbfd7122c395ad7f56c4e7158144f6	Photos/IMG_3018.JPG
4eb4a1ca84860da16b0e94d721fae17c	Photos/IMG_3019.JPG
f58c047b72e4d25e0690ddb76b56e70b	Photos/IMG_3020.JPG
2f8b24e4be1d31c7485f78ed393f89e4	Photos/IMG_3021.JPG
663079347eb108742093f05bd976ab70	Photos/IMG_3022.JPG
35e56b5f30028f4287068c3a94cc0068	Photos/IMG_3023.JPG
c0c9b4e494c6d5520633c3095bca2f32	Photos/IMG_3024.JPG
3e7e068754802f7fa663df7c9e2c8775	Photos/IMG_3025.JPG
97743ca2bd54f3ffc657caef4b702923	Photos/IMG_3026.JPG
b0decd95e635efb6f50d13214ca2af75	Photos/IMG_3027.JPG
62e6977e8164d42f75fa8595542ad148	Photos/IMG_3028.JPG
ac07f7b45b4911d76e0fa351454d301e	Photos/IMG_3029.JPG
996dc67d2f5d3ff6be8bd7c374c854fc	Photos/IMG_3030.JPG
e28863d0b03880fe797e62c26a84f2d3	Photos/IMG_3031.JPG
784e71cb8b54a05cd402181f6d767856	Photos/IMG_3032.JPG
fe9bde2f7a42c421c97808f501bf608d	Photos/IMG_3033.JPG
f658b290612a7297744ccc139b88edfb	Photos/IMG_3034.JPG
81d189500e7f714c236cba1e3fda5ff5	Photos/IMG_3035.JPG
8b065f413f01f2c2010b95fd6edd921b	Photos/IMG_3036.JPG
ab01e1dcbc5397ab5e3c83590fa96869	Photos/IMG_3037.JPG
4b57cd06558edc977d61c15b8c0907d1	Photos/IMG_3038.JPG
a6af58fdb4ce96b8d20bfa8ddcf942b1	Photos/IMG_3039.JPG
58fb57742b887481f8e91663e6980d13	Photos/IMG_3040.JPG
3f061be88f41a4d43446f90eb7a9cb58	Photos/IMG_3041.JPG
342d698809a7936261f5f36706c12f6d	Photos/IMG_3042.JPG
8a92c61009f0c7773dc6a93ddf98794b	Photos/IMG_3043.JPG
011af419f853f5b153ca1ca5028799ac	Photos/IMG_3044.JPG
afd19d971b285fd250eb032c1a61c042	Photos/IMG_3045.JPG
593fb3c01f29ffbfd6c66e8360e9f9ba	Photos/IMG_3046.JPG
75320ea42a26e4c159c4cbe35fef4abf	Photos/IMG_3047.JPG
c7544ee0f219b400c7a453b3728e731a	Photos/IMG_3048.JPG
7dabbd8285c1fb1d55d82b3cb855c81e	Photos/IMG_3049.JPG
eeb493e6815d42914c10a6671275e5db	Photos/IMG_3050.JPG
f47c65423a6c7130b6b3648ebc876a20	Photos/IMG_3051.JPG
e1d61edb3e12a157198b4bbaf1d7dda8	Photos/IMG_3052.JPG
5279aa9cb0bd8f0ef633e8959f933237	Photos/IMG_3053.JPG
cc172d6d1c76e44faf11866bac53ce3d	Photos/IMG_3054.JPG
a23d60851c11e321b4936c202265c5bd	Photos/IMG_3055.JPG
4173c9e95df5a6cd085fd0021ee6d795	Photos/IMG_3056.JPG
ebb6dedef67d67cfd5b5176d2adc4647	Photos/IMG_3057.JPG
4c8cd8955eb3f317d15b8596082433c7	Photos/IMG_3058.JPG
b0a9b12cf80126dce49bd53ecac2590e	Photos/IMG_3059.JPG
db24aa9f1c2bfd68c1c6ee1130f74662	Photos/IMG_3060.JPG
1df6ca379609b402bd59dad9f3920213	Photos/IMG_3061.JPG
682aca9f7ae08b34c5842a53d5c2c26c	Photos/IMG_3062.JPG
182cfb36a85cdf47e0ba110fc4dfa42a	Photos/IMG_3063.JPG
a146aaceb675b688794d83f5e9c09c15	Photos/IMG_3064.JPG
b8dcdb5d6e17fa0031efeea3e7a14638	Photos/IMG_3065.JPG
b180d8d872dd40d233d0f152c2f0a666	Photos/IMG_3066.JPG
dc8aed79abe1dc79e7c297ad1c701454	Photos/IMG_3067.JPG
306addf1972a5a41cb858b75e5ed7799	Photos/IMG_3068.JPG
f58ff396417f286c73bdb9a33aaab3e4	Photos/IMG_3069.JPG
d154649f5064cf5745220f2c7f90e270	Photos/IMG_3070.JPG
5eb3c1b9914326c727f3d8577614bbda	Photos/IMG_3071.JPG
06b762b34fb22be86a07c222cf417906	Photos/IMG_3072.JPG
cdab8440bb8700b4b8d1cef89ea72af1	Photos/IMG_3073.JPG
89a6416350b6b52a6d0fddfe805041bc	Photos/IMG_3074.JPG
2e26cbc877f20db33892062743e9ec2f	Photos/IMG_3075.JPG
fd779d09159fb6bd6ce19a32b28340b9	Photos/IMG_3076.JPG
e268561f65d365e693b726c9141ff97f	Photos/IMG_3077.JPG
088a8240507ce9b3f6c4a46ddb54c36e	Photos/IMG_3078.JPG
193281cf10ee46a23d1d083d864750a7	Photos/IMG_3079.JPG
3a29abfe2c3766cc061de2638386c3ba	Photos/IMG_3080.JPG
f021c1db85ca61e2eb5bbe35b061891b	Photos/IMG_3081.JPG
0778cb824ab41df0a72d6828b574e65e	Photos/IMG_3082.JPG
6e88e588bcaaa2f015267a6cf3ee7995	Photos/IMG_3083.JPG
18ee161def16a68e911bdea1eb56146a	Photos/IMG_3084.JPG
39643a9a35383013e2ec69b134a4f81a	Photos/IMG_3085.JPG
cf56cbf5a3e45aab37f9750a0a1bd2ff	Photos/IMG_3086.JPG
812576918801459a3bc0b4eece6eb5e5	Photos/IMG_3087.JPG
2a6a090c9047e17536512a8f7abd5cbb	Photos/IMG_3088.JPG
d1251de3a672044e6a2cb130d4d61322	Photos/IMG_3089.JPG
09efc74bdc1bd60988b99d0123ad6cda	Photos/IMG_3090.JPG
6158d078b62be4b68604e2973dd54d97	Photos/IMG_3091.JPG
8e3d3b13775b20499e17cab8127ad6e7	Photos/IMG_3092.JPG
c6cd9877d4749bb29fc9ab816d10e421	Photos/IMG_3093.JPG
2952681697d0a3e49166623df3680d08	Photos/IMG_3094.JPG
db6b267329c330fa26993817705571cf	Photos/IMG_3095.JPG
09660a9f595a680db76ede9f1154bc30	Photos/IMG_3096.JPG
753f4abfde7dc1eea705b20d6fc85c78	Photos/IMG_3097.JPG
7a5252e8ba0e41acca670d9b544eb59b	Photos/IMG_3098.JPG
912162fb75a514617a09231dcf2d0154	Photos/IMG_3099.JPG
7e3b90dfb0df8be727a074b2adf2d16a	Photos/IMG_3100.JPG
3dd54f5cf0510ffe663788d0f1d61e8e	Photos/IMG_3101.JPG
a47dd1ca03d07f502555e01f507ebc8f	Photos/IMG_3102.JPG
7e4b644ce8ebc489731c7d512842278b	Photos/IMG_3103.JPG
fffb6c36cb4ca4629cf7319f82905947	Photos/IMG_3104.JPG
e4cfe26d1887e0c6fc52e9677deff1ce	Photos/IMG_3105.JPG
e5c5d0a233f3a974291aee166a1e6ae1	Photos/IMG_3106.JPG
83d9974fb544dc1ba59435760ba53687	Photos/IMG_3107.JPG
4437edbb74ad906e8ef5752695aab9c7	Photos/IMG_3108.JPG
59a7298b24d248c2ed518f6a8e0bbc04	Photos/IMG_3109.JPG
3ff2dc29c04490f8f654684dfe797fb3	Photos/IMG_3110.JPG
7b001104c588383a50c6f218bd679990	Photos/IMG_3111.JPG
0c0ed3f910ba4072d660fe95ded95915	Photos/IMG_3112.JPG
b0e6cdd1b57c581ad8c5b79d316555d2	Photos/IMG_3113.JPG
5a129d62fe581bbb2222af9284b6eca6	Photos/IMG_3114.JPG
b10973a3543f93ac7c55fc6922b56d9b	Photos/IMG_3115.JPG
08a8d46b00732571645cb2280067b5ee	Photos/IMG_3116.JPG
c0e07bffa43eea2d6c191bc5106a2fc0	Photos/IMG_3117.JPG
ea0dcc7927483267173d36adc02ced78	Photos/IMG_3118.JPG
7608c5aebfae7561ae4df8cfb0dfb013	Photos/IMG_3119.JPG
8067398ccb668ff042e0782f44028080	Photos/IMG_3120.JPG
ccbfa988b4f5b97a2233f783707462c6	Photos/IMG_3121.JPG
56a1d90ea41e3af6713c2605ddb70143	Photos/IMG_3122.JPG
c015a870268302954223ef31368ade07	Photos/IMG_3123.JPG
24ba1d151682898a85787e7f58b65f73	Photos/IMG_3124.JPG
b2aaa61ec24bb80dd7d1aa51697ac71b	Photos/IMG_3125.JPG
46975516a3feb0ffa3caedf7eacebe11	Photos/IMG_3126.JPG
eae5e2c016abddd4f545595b1afd05b1	Photos/IMG_3127.JPG
8e5806b26d68c15fe1d189efb59a7e75	Photos/IMG_3128.JPG
7a2a14858c3794fc00ef4c46c2d56688	Photos/IMG_3129.JPG
fab6ef254a20e579e357657152260246	Photos/IMG_3130.JPG
01e6591400871253ffec7540a4089304	Photos/IMG_3131.JPG
17ed5558ec537827f7d77c3dbd92d072	Photos/IMG_3132.JPG
8dab178a008db2a4c2fa9636a88c2b61	Photos/IMG_3133.JPG
65da92b8abb8c77485c55a85f47e8e01	Photos/IMG_3134.JPG
d071a4b82c3a2c8b74ad9acb64995191	Photos/IMG_3135.JPG
0e474f6c880ee77c002af8b701768406	Photos/IMG_3136.JPG
c1c188a979737b49fe62344c53da91e2	Photos/IMG_3137.JPG
d82a9ed151be09ec820967843d93217a	Photos/IMG_3138.JPG
33185e36a942ca812703ee0180c38b19	Photos/IMG_3139.JPG
0257eb779065a0db2d7a3663e286cdda	Photos/IMG_3140.JPG
c570b4b6b0bc6ea870c130a9ea35c0bf	Photos/IMG_3141.JPG
953cdb920754497a16dd4c6b9cca99d9	Photos/IMG_3142.JPG
5aa88e7ef3031dc6117e5a8de90d85c3	Photos/IMG_3143.JPG
480bac6fd39687f2b885c441b75f34bc	Photos/IMG_3144.JPG
dbc6f63f5c74928aa43520cb77357c94	Photos/IMG_3145.JPG
bf2182ae76bee94b0980659af2a2885e	Photos/IMG_3146.JPG
6421281c5d186224ac13ba177f9b21cd	Photos/IMG_3147.JPG
a17cf7151c3e9371ad60b23bab22b283	Photos/IMG_3148.JPG
f41c11c10ad8dfc799be3c35ff8c00b0	Photos/IMG_3149.JPG
9932c8035800251577aeeec2c485e5e5	Photos/IMG_3150.JPG
f141eac905908525c6aa312960da8839	Photos/IMG_3151.JPG
22ac24e3b19ef9e7d861004923062a14	Photos/IMG_3152.JPG
035893b2f682fe2d5a5d6cbfd4d0fdc9	Photos/IMG_3153.JPG
e0cbb1776b941229b691dc4ab25164ff	Photos/IMG_3154.JPG
6fe3744632452309d8ae445c65cb182d	Photos/IMG_3155.JPG
14142c15e55e1901fb90f3f18548205d	Photos/IMG_3156.JPG
7961e0c5ac99d50c24626c8e8006b365	Photos/IMG_3157.JPG
fa71c144b65e36c5fd074e3ec31bfa77	Photos/IMG_3158.JPG
0ba30550e6caf3b6b547e05bb91a1fe4	Photos/IMG_3159.JPG
3b9c66c6002f051c3741a144864f6a8f	Photos/IMG_3160.JPG
e78b1fc798b6510aa266f2e6e0b869f8	Photos/IMG_3161.JPG
c8c172a4f1b8859f3758dc0b9b2cc59b	Photos/IMG_3162.JPG
9eca9d3b18d4c4b0e3f4db3829215ed9	Photos/IMG_3163.JPG
659e9f39661206ebe5266c74cd798c37	Photos/IMG_3164.JPG
41901fc0d2b42e1874d351949a0369b3	Photos/IMG_3165.JPG
ddc008aa07eedb8a7dee342f2ac8d90f	Photos/IMG_3166.JPG
88cc73dc3e4ac66fd3b2cb242312f7f5	Photos/IMG_3167.JPG
eb3208251fd353b3b8ab3e90d3be60cc	Photos/IMG_3168.JPG
daa7cb64eeccb1719c2c29e9dd2afe91	Photos/IMG_3169.JPG
d4bc847ff813b6e0f454dfee066eda5d	Photos/IMG_3170.JPG
d9be9e3f7a1c4495cdcfdacfbf4d29ca	Photos/IMG_3171.JPG
a1c6a0c107155840f01c159ba61009eb	Photos/IMG_3172.JPG
6ac8bb240a50c689b9969dfa689db3fd	Photos/IMG_3173.JPG
989e6f2355d9fe67cdb6dd9e8c1236f6	Photos/IMG_3174.JPG
63915a5f534626db82e9aefe55f158d0	Photos/IMG_3175.JPG
fc317ef3b125dc6346948a0b98f4372b	Photos/IMG_3176.JPG
30128763b4cf3d0c46f8404cdddc8454	Photos/IMG_3177.JPG
d319aa0f70cc3ea1c0082b69ff1e1ffd	Photos/IMG_3178.JPG
910920dc81937716c6cbedbc5c0fcc70	Photos/IMG_3179.JPG
19f83530ae0cabc993972ead28e05901	Photos/IMG_3180.JPG
688165f040fbf87240b73a7b5af57cb8	Photos/IMG_3181.JPG
b722fa5cd12f821e2654b982142a1f3f	Photos/IMG_3182.JPG
7865caead786a7518ca077b4bafbb230	Photos/IMG_3183.JPG
4ab7f31f46ad12ff84e6191c55d0e7c5	Photos/IMG_3184.JPG
412443d75293404764d90f927a5ee239	Photos/IMG_3185.JPG
c8bc0383284120dc665fc87ceaef931d	Photos/IMG_3186.JPG
73a0e16bfcbb48c413ae30d584eb993f	Photos/IMG_3187.JPG
c37ef91a8cbdfa439f199b262c01afba	Photos/IMG_3188.JPG
863d4e1e542f8612faa20c1eaecc9e79	Photos/IMG_3189.JPG
05f32ddcd9bc0d0b2cec1f54d225f91e	Photos/IMG_3190.JPG
99c2307518bb04dcaf8fdc8bf94d4331	Photos/IMG_3191.JPG
963239f0fc69e042e218d00a4c7a7399	Photos/IMG_3192.JPG
54d75234ebcf15f05ed15c7b6bd4c596	Photos/IMG_3193.JPG
124494d13af8d9f8af65a48ca77e3fcf	Photos/IMG_3194.JPG
d561cf5eb1377e97aac4d7dc98d01781	Photos/IMG_3195.JPG
2d8a45686fecacd22817efdb961eb44f	Photos/IMG_3196.JPG
c34e552abc33f209e6b9636e2226ace5	Photos/IMG_3197.JPG
dcf7d333fb3558060a0cfa3971f75db3	Photos/IMG_3198.JPG
b2321e03e365bb007187f5108d61a04a	Photos/IMG_3199.JPG
f039411e382637df00ee17d6c05e63b8	Photos/IMG_3200.JPG
f6bd198c86d27749359263ecdf3180fc	Photos/IMG_3201.JPG
6627721234ceebae157a670fb7947f8b	Photos/IMG_3202.JPG
bcb0a2d10a58e37a3b8616c5dbef31c8	Photos/IMG_3203.JPG
af44a36efdd6baac6160c9e04a9448f7	Photos/IMG_3204.JPG
59cc4217694a959d125f3fbd2480f997	Photos/IMG_3205.JPG
dd5d1b6027432ce109ff476d83e41de6	Photos/IMG_3206.JPG
d9ef2d3bd44dbb80880777d435b4c6ab	Photos/IMG_3207.JPG
956fa8f858d3320e89e4012ca04dcdba	Photos/IMG_3208.JPG
24644ecc3b5538b25baf5687a01426ca	Photos/IMG_3209.JPG
866579d8c3d988175e43ae01e2c68faf	Photos/IMG_3210.JPG
b386994818ea6e465922739ffccfac94	Photos/IMG_3211.JPG
407d935cf7de2fdc4862ceeb6352dad7	Photos/IMG_3212.JPG
2f30768fe4c4576cab3325390d0fbe9b	Photos/IMG_3213.JPG
657293bfea851343641ab423509775a0	Photos/IMG_3214.JPG
0c603afd27e31edd2a82c5adfbe75eaa	Photos/IMG_3215.JPG
388d605598e38e8757bfd10920feea2a	Photos/IMG_3216.JPG
b6072c20d6b700154338d43b7ed324c5	Photos/IMG_3217.JPG
4ca88cfb8b01cc04f3aaac8a20d293e1	Photos/IMG_3218.JPG
e3ea642102a19de4262076c04da7f11b	Photos/IMG_3219.JPG
01dc0cab96d84ae07b8da7f739a73729	Photos/IMG_3220.JPG
01479054a3fccc0c18f74288aca21fcb	Photos/IMG_3221.JPG
9f3b7c2a0097c2412768a93a1989903c	Photos/IMG_3222.JPG
c9cd72497e0805ec2d520c1f7d109d67	Photos/IMG_3223.JPG
1b2556fdcacf109db916bfd26e50c8c7	Photos/IMG_3224.JPG
9d770817c67baaf59f59e693786b1725	Photos/IMG_3225.JPG
7bf9180b44b788238f8ddccc0aa437be	Photos/IMG_3226.JPG
8322cef54b5ab9d8b8d45da5147596b9	Photos/IMG_3227.JPG
1c78e7476ee32ef4f186169ff9aca7fd	Photos/IMG_3228.JPG
bdbb77a4148f51210b90777ea0bb8601	Photos/IMG_3229.JPG
d07cbb06f4d319e23553dd3816bd14c8	Photos/IMG_3230.JPG
7480ed32e40028276846ffc52c4b5376	Photos/IMG_3231.JPG
6c4f22c5e8bcae8b9e0199a6b90b6a54	Photos/IMG_3232.JPG
53655c85ce65a79e12994aed5b4aecb5	Photos/IMG_3233.JPG
db641b7e52cc10fe5c08e8076284d16c	Photos/IMG_3234.JPG
9b93301d9d18d56bcce0807b6ee0352e	Photos/IMG_3235.JPG
32a9e819ad15f14608f93bf497a47def	Photos/IMG_3236.JPG
0d9a0bacbbd280ea3c7f06d8d55bb2fd	Photos/IMG_3237.JPG
d17a8a146764fd9bf65cc01873500f3e	Photos/IMG_3238.JPG
78dbb8842fc2f11b98317fd1a289dbc3	Photos/IMG_3239.JPG
d7526f7bce9eaeb207f3a5988c886ee5	Photos/IMG_3240.JPG
e7bab8aafdcc62d6175a5702e2f87f6c	Photos/IMG_3241.JPG
976a25d0184ffcb33b3cedfcfdb0bb21	Photos/IMG_3242.JPG
704f71aef75c2d62bc865bf0699b4f4d	Photos/IMG_3243.JPG
9dbca37f420b348fcfc3b27fdb7b29c4	Photos/IMG_3244.JPG
376cc1a6793acb0af09940c9a6c65d05	Photos/IMG_3245.JPG
767dd25793af95b63cccd6c3530a0833	Photos/IMG_3246.JPG
5f4c8aacb1b3ba0e32b99945cab0da72	Photos/IMG_3247.JPG
1ca7bbc486c7c3dd1f3b95e525ec2977	Photos/IMG_3248.JPG
b5395d01b44789f9f11789ab86440c66	Photos/IMG_3249.JPG
4990d6eef9c2757c6d1366a76f6e29b5	Photos/IMG_3250.JPG
25c04e1e0a2a515b8c3567b49f936a26	Photos/IMG_3251.JPG
2b07e24a2d8f92c222daf06c57793326	Photos/IMG_3252.JPG
cfe72ed4ab1abe70a2f8a414bc2837be	Photos/IMG_3253.JPG
7ec90511b34bcdbca4040d4cd9fbacbb	Photos/IMG_3254.JPG
a7b386ddc08be42f48cd12519302711c	Photos/IMG_3255.JPG
737ce793d0de121a21c41223b6a3616a	Photos/IMG_3256.JPG
c2d68e3eeb94acaa1ad2dd96a38dd9c2	Photos/IMG_3257.JPG
f4fc634f5352d78d1cfb0293bf73fee1	Photos/IMG_3258.JPG
e4b1a07b9a7ce8ceddbcef032ff56f4f	Photos/IMG_3259.JPG
7be39c9871df52828783136d2a5a0d6e	Photos/IMG_3260.JPG
4d8153b6f4fce22a75cca64473b11d8f	Photos/IMG_3261.JPG
239965718782d80668fd43159bec7bb0	Photos/IMG_3262.JPG
b06e8441f1bf723cffa05169b56c5bdc	Photos/IMG_3263.JPG
464dbad27deca36fa77e8f07be266211	Photos/IMG_3264.JPG
f745e96bc5c73ab6fd1b84055d46d489	Photos/IMG_3265.JPG
780ad00708199f297d89accfacd939f4	Photos/IMG_3266.JPG
890c21c5dc157b17c8c22d923776d7b1	Photos/IMG_3267.JPG
8a11abf4a3262013f42554dd29ba08e5	Photos/IMG_3268.JPG
d4e7c2be3750d1eccaea2890ecddd73a	Photos/IMG_3269.JPG
cf7bec70d826c114bdfd15d061ef0c90	Photos/IMG_3270.JPG
5a0f81651bc90f48835a3e947dab31ec	Photos/IMG_3271.JPG
424d89adda1a1aa49ec95d5468784767	Photos/IMG_3272.JPG
70b0efdd9dbd63a839be304aff2ac48e	Photos/IMG_3273.JPG
d29a8a7587f9ba6d0c2a064205d370d8	Photos/IMG_3274.JPG
0ba8eae27141f2fb0106643f2bcd7edc	Photos/IMG_3275.JPG
e10d00f0e0b6b784170b2ee740fc22ab	Photos/IMG_3276.JPG
e9456040f59c31c87d93b3ad0dfc79b3	Photos/IMG_3277.JPG
6638a470eee2d515e79889a6e0ea936c	Photos/IMG_3278.JPG
9ba10a35c406e53ac6a753aa6c40b635	Photos/IMG_3279.JPG
fa94e66a1c44af7bd4e0265a6cac92e6	Photos/IMG_3280.JPG
112fe031ca4556e70d68f1381dc5589f	Photos/IMG_3281.JPG
4dd01222302d362b702c4dd4bdd8d134	Photos/IMG_3282.JPG
e9516089c8a7df4eade2f04d5009a990	Photos/IMG_3283.JPG
79f1cfe51b71df128234ea07df24417e	Photos/IMG_3284.JPG
be81edfbf822864d1322fa08b9e7ea77	Photos/IMG_3285.JPG
4d993621bbb870a7b3990d649c217b39	Photos/IMG_3286.JPG
3e4d5db7ba440469809d2a79f5bc0c55	Photos/IMG_3287.JPG
456b4abff7ec04174fd794580d0f84d1	Photos/IMG_3288.JPG
491872b43dd924f6cc142af279b0a479	Photos/IMG_3289.JPG
d9d32719f683a5a005c69342a274e303	Photos/IMG_3290.JPG
a9b58629b5b358083496df49e3dfa7fd	Photos/IMG_3291.JPG
6eb8a9db39d6c97da16f6565aa92d0d5	Photos/IMG_3292.JPG
1b95dfd72d953f3903063ef13653f89f	Photos/IMG_3293.JPG
83dc11ff42cf32cc8c72641c5d2574bc	Photos/IMG_3294.JPG
ce9a0546c162a9e212f747e41bc1da4f	Photos/IMG_3295.JPG
86dae783a4a7bfe2c159fc9fea48563a	Photos/IMG_3296.JPG
394bfce0c99e2f538a35d0659ab4e0f5	Photos/IMG_3297.JPG
06a08db09f35e9320b3ee75405941ec3	Photos/IMG_3298.JPG
fda6837174bc688561bccf547a929117	Photos/IMG_3299.JPG
1308d0fbf00375319c2f4afa8d1bd851	Photos/IMG_3300.JPG
80365cd41070fbf01022dd9c588eb659	Photos/IMG_3301.JPG
766c358a8bd2057232091ac123ed49f7	Photos/IMG_3302.JPG
77afcca9f6cb92bb45e359cfc3dc382d	Photos/IMG_3303.JPG
dd5a75f76d39b593a9f8aef60a746744	Photos/IMG_3304.JPG
aac7015371ba20f6143697cbf91696c9	Photos/IMG_3305.JPG
db2e193535953da5d743127d1d8a6c75	Photos/IMG_3306.JPG
1fa44f2747659bc32f45e798eb6b49b4	Photos/IMG_3307.JPG
c02e7312845f3505fb935fdec93daf8b	Photos/IMG_3308.JPG
313fd048f3e8ec3d469957b9b34b816c	Photos/IMG_3309.JPG
31c648d3f6fd69b169f39462da9688a8	Photos/IMG_3310.JPG
15ceb931528ceb1832642596ef199290	Photos/IMG_3311.JPG
afab39ad91d878bb48a8b4d0a6b32d96	Photos/IMG_3312.JPG
278ab28f52715da19ed5fae50ff1e1eb	Photos/IMG_3313.JPG
a2a7e683a4d35753fda9f6dc842e0d4b	Photos/IMG_3314.JPG
d890e31d6c4a8024727a32395c2175b2	Photos/IMG_3315.JPG
f12a893580d6fd7eebcc8cd12c343350	Photos/IMG_3316.JPG
46ec898722b4675b8c4e36bab108da54	Photos/IMG_3317.JPG
80ed645befaef7ee944533a939035ae9	Photos/IMG_3318.JPG
74ba8fc47c73186bd34adfba6b99c7ce	Photos/IMG_3319.JPG
a21bd0701c81006abfb0c71a0fa256c3	Photos/IMG_3320.JPG
4c18c8c05c9b19f1c42903106f968ac5	Photos/IMG_3321.JPG
6b46b530e93053d644ad007b75e32f6b	Photos/IMG_3322.JPG
1209ff53e446319d9a6aaa47cfb54cd6	Photos/IMG_3323.JPG
b442e9fdd7986ea32f7c162960eb5640	Photos/IMG_3324.JPG
341c62d7d2ed422ab79f8f819ddb3b7b	Photos/IMG_3325.JPG
fee294af61a8333bcba5106eec294dc3	Photos/IMG_3326.JPG
deddb2abf08259cfaf1f00e1f0fb5db2	Photos/IMG_3327.JPG
5a2cfe2740c0d68f204adfe8552c11a5	Photos/IMG_3328.JPG
b1610d5fcd7a53af919caeded2c8b24f	Photos/IMG_3329.JPG
1560402d1d3486d7acaed39664b7f0e1	Photos/IMG_3330.JPG
13f704fdefa1ca97d95146a63e0aa703	Photos/IMG_3331.JPG
94c16e6e05e60588a7109dd236238f99	Photos/IMG_3332.JPG
84b827f088327bbeace5f52fba786da7	Photos/IMG_3333.JPG
884ad56fef67ab04092dcfb54f10e26f	Photos/IMG_3334.JPG
886972f11ed3485548f9a4c9e6c89278	Photos/IMG_3335.JPG
90af64f036a92af317648c40eb19c2d1	Photos/IMG_3336.JPG
f46648959117be291fd7df702bd11b41	Photos/IMG_3337.JPG
5836d0967336dd8cc2bb3736d7f66f84	Photos/IMG_3338.JPG
16157e8dffc709bc382359dd621e035b	Photos/IMG_3339.JPG
a6a9396019050693e6f0b21b67ef9686	Photos/IMG_3340.JPG
61e74a42f73366870ed0c5e9f6eb0969	Photos/IMG_3341.JPG
692c47a791456e5c2bff92bb6daa5247	Photos/IMG_3342.JPG
2b014a2abd9bedbdd2a9ce70edeb5362	Photos/IMG_3343.JPG
38067486f1ef6a128eb7a7bb31250238	Photos/IMG_3344.JPG
759b785b4385f3f75c93ac324b536399	Photos/IMG_3345.JPG
5e0bd9db5a96291493545b25e89a4aa9	Photos/IMG_3346.JPG
0669a76710149e8623b1a62eca934773	Photos/IMG_3347.JPG
aa7b3e8f9be142f4292d9265ae312200	Photos/IMG_3348.JPG
190ee906fb3827b49263b4645e6f6973	Photos/IMG_3349.JPG
63a83a5c1ab170bf2c7672ce85c8b64a	Photos/IMG_3350.JPG
fc7cc130a4417ffd6810983973956316	Photos/IMG_3351.JPG
196adb2c509abec2fb09687d6c067e98	Photos/IMG_3352.JPG
d3911cd57ef9a3f5e1d5bd8a43fc9e6a	Photos/IMG_3353.JPG
479eb5c6c7642ed7782d0433f1754e83	Photos/IMG_3354.JPG
e34dcf28c902d71556f7ec98e7316213	Photos/IMG_3355.JPG
ed22e4c62de0eb1cd96eb9961e00b345	Photos/IMG_3356.JPG
95b971a704e93e60274079e65388d68b	Photos/IMG_3357.JPG
8b7f5dc29c8b29ef7bc4591900775aae	Photos/IMG_3358.JPG
8515a4ea949eba78a70c143e65a99066	Photos/IMG_3359.JPG
861ae2b2d759c9ff9268750dda72192d	Photos/IMG_3360.JPG
72b00a1b1e386f072e4826a10ed8da73	Photos/IMG_3361.JPG
01a59b6d737e204757475856c32bdee7	Photos/IMG_3362.JPG
63913132a0dbfcfc5c4679e7fce90985	Photos/IMG_3363.JPG
db0430bf49f302e2353688930e6cacf6	Photos/IMG_3364.JPG
f0199917e65c951462ad708a23ce9655	Photos/IMG_3365.JPG
606b3c400afcc4c94c13d18391047aea	Photos/IMG_3366.JPG
aac6e8edb9dd0c7927f7c043a6eebca8	Photos/IMG_3367.JPG
3291a91c8ab0b47f149252e6c64ed9a1	Photos/IMG_3368.JPG
0315b2af89ae262a7bed8763a5a65fa3	Photos/IMG_3369.JPG
eabfed502e5edfc484c05f344ebe77ba	Photos/IMG_3370.JPG
a8030aa0f530b9420aca2735dcbc88ad	Photos/IMG_3371.JPG
e34cc309ab52e7fda618038799dba622	Photos/IMG_3372.JPG
0be253ba7ffba786abe9a5d7b7597423	Photos/IMG_3373.JPG
9c727c07cfb5efe9f48613334e1f24ca	Photos/IMG_3374.JPG
e2167470b77d1458b1c0e0103cdf2d80	Photos/IMG_3375.JPG
3d27293399cb82535db8132dc74766d1	Photos/IMG_3376.JPG
8d9cbaab9bbf649f3490f5b6233a63be	Photos/IMG_3377.JPG
4237e39fca17bea5017e8fb772747543	Photos/IMG_3378.JPG
e5e9879d037203cc0852c186fcc46a47	Photos/IMG_3379.JPG
6c156615b1467c72f825e9b6ca41c672	Photos/IMG_3380.JPG
d80e3f5dddc4ed3576d67f8d69e99b4a	Photos/IMG_3381.JPG
43b3cc990f5236eb05ec83b29cb719d5	Photos/IMG_3382.JPG
ed9a450079726c140ccb0c9807c35da5	Photos/IMG_3383.JPG
0b4de3644c1aaff4936275f329b4c743	Photos/IMG_3384.JPG
e2c48e612b9257f0765a5970d39b7d62	Photos/IMG_3385.JPG
2fdd135dbe233d98f62c2f5dd6ba440f	Photos/IMG_3386.JPG
e64db7b4c9f875cd3b136ffe92d9e9c5	Photos/IMG_3387.JPG
5b9def611f36c6e16e6ed322e1347699	Photos/IMG_3388.JPG
91652ed762b9471faada0adfd8c59801	Photos/IMG_3389.JPG
287846226df816cf522a2d138cb43352	Photos/IMG_3390.JPG
2453d880f8ab1cef40b6b457f1e55fc5	Photos/IMG_3391.JPG
dcf1e064ee017d9ca9ff9097e6cf6b9c	Photos/IMG_3392.JPG
164972fd34f0c539028369c8d45e4b57	Photos/IMG_3393.JPG
78661a7f6ba685bfeb6478b615013dc4	Photos/IMG_3394.JPG
1916700561dc2f7135d319b0d256e30b	Photos/IMG_3395.JPG
695f5f6c163366cb9f6d8628411ce114	Photos/IMG_3396.JPG
bff68a0f6376c08ac885c8a6d3381fb7	Photos/IMG_3397.JPG
e843a74e4bbf2cd016da6d13df9e276e	Photos/IMG_3398.JPG
a4e89f627d0e29d330afcbfa488b3ff3	Photos/IMG_3399.JPG
4c4d5868564111760f4b55ca6674366f	Photos/IMG_3400.JPG
7f17be87458567d37fb4bce2ecdd75b0	Photos/IMG_3401.JPG
d795e6f0c2a3bc1cac3dd68e38719420	Photos/IMG_3402.JPG
2afe0ac2e28d3e63577bcc416ff6c6bf	Photos/IMG_3403.JPG
bacbe92ea11deae2fadd006fa175d684	Photos/IMG_3404.JPG
c2ebeb12578de4be43b8c99a46791c15	Photos/IMG_3405.JPG
3d91699fd7295defc94fada52e72fefb	Photos/IMG_3406.JPG
f022b29668232438a5fdba9ea3f79ad5	Photos/IMG_3407.JPG
72939957e5325a83a158d9293387ccff	Photos/IMG_3408.JPG
cfccdb4d9dabe04b9302417f0fc7eefc	Photos/IMG_3409.JPG
8995b79f25ac8b2e97bd9d13744df8e9	Photos/IMG_3410.JPG
087fb44d94761c4102d3bcdecc24ea12	Photos/IMG_3411.JPG
1381022371da9685611e27759ffd72ea	Photos/IMG_3412.JPG
77bfa3cab36586028380d5060c5a17a3	Photos/IMG_3413.JPG
d2b6b78d6f8f20e6f61fdf17b563a915	Photos/IMG_3414.JPG
c60b0d72c776038a8c0af75e0ad225cc	Photos/IMG_3415.JPG
7ba473b6a2d20046d6c4997c3d5f792f	Photos/IMG_3416.JPG
29ae6dc55b0cbc63d2e601f32cf2f97e	Photos/IMG_3417.JPG
7e7d82cd675ef3f9b53edda7e0b32ba6	Photos/IMG_3418.JPG
d0e855663ca2e3808b76f188c0d57754	Photos/IMG_3419.JPG
6d4e4ec04c106e8d23373e2850bd9c4f	Photos/IMG_3420.JPG
6e009f726911ac4247cca58e35ccb29f	Photos/IMG_3421.JPG
06aaafc7aceaad23a03aee3c687a6a6d	Photos/IMG_3422.JPG
1124aee6d0c21fd866cae55e81630ad8	Photos/IMG_3423.JPG
0624fed5c9ba8b65b1dbf70bbcbbb09e	Photos/IMG_3424.JPG
401b090636712e2de7db731a23dd5e05	Photos/IMG_3425.JPG
f5f47f7d38ae67847bc7728c418e2eb0	Photos/IMG_3426.JPG
c37940cfc782d9289be0195affac3bd9	Photos/IMG_3427.JPG
f94c31143cfb0f366b7096b087b5033b	Photos/IMG_3428.JPG
4550cc1fdc4903fb8ec63da5df69274b	Photos/IMG_3429.JPG
99ae5f1acc98f0070bd5a3eabaa22f75	Photos/IMG_3430.JPG
920a6e910fcbebfadaee8b0aa9628f43	Photos/IMG_3431.JPG
68c17ff8236b96b248a704b929e12257	Photos/IMG_3432.JPG
4cf43cbdf8ad3fa38a145e198029934e	Photos/IMG_3433.JPG
61ef06b5db4b78dbf7238ef7276cc299	Photos/IMG_3434.JPG
ff15040e0e457bfa999b123bc03098ea	Photos/IMG_3435.JPG
eeaf119cc07a61585dc8c4fa58824470	Photos/IMG_3436.JPG
912a9625efeb301d3ebd62316262ee65	Photos/IMG_3437.JPG
9bba7fff072459b5df3b5ff16a03e0f2	Photos/IMG_3438.JPG
6d8849a0b32d7e0bc8e5f4eb9a376738	Photos/IMG_3439.JPG
f50f8184a36d17285fcce9d90affa688	Photos/IMG_3440.JPG
ca242f1a2a91a987379e0488949d3c1d	Photos/IMG_3441.JPG
24a8116d7676a3baa6f6a363fabbc011	Photos/IMG_3442.JPG
9df9cc82371e8f9bf94a4a5c644f7f5c	Photos/IMG_3443.JPG
1a61769900c01c7138f6bf8d0baa6a8c	Photos/IMG_3444.JPG
a7e0bab6d0c47691e7b52048932a708a	Photos/IMG_3445.JPG
b3ce9da7d89660b4e0a77560cd0684f3	Photos/IMG_3446.JPG
6c11aeca527763beda2710c0485bd29f	Photos/IMG_3447.JPG
ed479c81e1039610998dc249b0aa9f83	Photos/IMG_3448.JPG
a026cf7a582c13bffc631017e46b56ab	Photos/IMG_3449.JPG
18f2763e83eeb4c005f3a640b79ca029	Photos/IMG_3450.JPG
d3f764984dae16f0835d1790b4e0587d	Photos/IMG_3451.JPG
f11e040e9ab8eb23f6d5d867b462e230	Photos/IMG_3452.JPG
b260f9449ba797edf0bd5cd8ac585d31	Photos/IMG_3453.JPG
f2449730b3707b91d02803a120073c53	Photos/IMG_3454.JPG
51168de491c5eb35429c33f573df09b5	Photos/IMG_3455.JPG
313fe1bbbe8acaf2ee2eea8afbfdc95c	Photos/IMG_3456.JPG
f5d84652fe968848ac28cec517fe0005	Photos/IMG_3457.JPG
04dbfca21cb0f40e1158718367b07ad3	Photos/IMG_3458.JPG
d26e9a0b23886cab05a0864c2b638b09	Photos/IMG_3459.JPG
83c3b36e72018171d03c1b95117d15b9	Photos/IMG_3460.JPG
b27eac7be16a6d86490d6d9e9b7af8b3	Photos/IMG_3461.JPG
1eb041a3996c5311b85b4f38e19572dc	Photos/IMG_3462.JPG
81789ee01e0a8d23f59d6f9c037c3c65	Photos/IMG_3463.JPG
2cf4ee594f132f1a58a65ffca97bc202	Photos/IMG_3464.JPG
5a0196a5bcb7dd31aa32770b300b6471	Photos/IMG_3465.JPG
d9031e2838bc9fd8bbbc3588db34d606	Photos/IMG_3466.JPG
5046a972e03838589956474e9a199402	Photos/IMG_3467.JPG
bf8f90887b757a9d6ce5e71a2229e334	Photos/IMG_3468.JPG
fc986afd93ac1e4f48377b6b64ab8bb5	Photos/IMG_3469.JPG
0a8f92c8ed2ce5ea985d5e9b9d2df7b8	Photos/IMG_3470.JPG
de3518bcc864dd5805c3ce279494fb63	Photos/IMG_3471.JPG
3002e7394d898baf708af698ead55c31	Photos/IMG_3472.JPG
4e7a76af4e7512e63744164896b3aa0a	Photos/IMG_3473.JPG
58eadd3f78e1c9d9eabaab6f7002983b	Photos/IMG_3474.JPG
7168ef685ee0159d0e79f1bda657cbaa	Photos/IMG_3475.JPG
5e0ab359c7ad70f21bced97ccb2d2c1d	Photos/IMG_3476.JPG
c1e6722e9528d103458f985f66b81f0f	Photos/IMG_3477.JPG
534a17bad61a7ccd8a84829bea1510af	Photos/IMG_3478.JPG
4bc1c20d924539e6c896c8c97db51acb	Photos/IMG_3479.JPG
1029e2c51ad5a2c3e88ea1e0e4dd08f3	Photos/IMG_3480.JPG
d5b4df48603c782f3bcf69e247214b2f	Photos/IMG_3481.JPG
73ee4c83128651073c54ea2744e9e111	Photos/IMG_3482.JPG
d66c39a0002025bcae0f2e49029645fa	Photos/IMG_3483.JPG
754d36b00281bd20281765d16b14ed53	Photos/IMG_3484.JPG
ed8856030abfb9dc04e9b8155acae49b	Photos/IMG_3485.JPG
7e95da23303dd346929be48331bbe6cf	Photos/IMG_3486.JPG
c1135bccada07f1e32df8194ed39e0ff	Photos/IMG_3487.JPG
996e7d19959800a95af9f3bda9d955ad	Photos/IMG_3488.JPG
32a3908662be1a4a82a27f1517dcd38f	Photos/IMG_3489.JPG
72d5743a5b1ca812ec5e10dea785e1c2	Photos/IMG_3490.JPG
afa82db234f0ccb2dd09b5a51ef07194	Photos/IMG_3491.JPG
d262e5a21f82907fac8d9da68b530cc0	Photos/IMG_3492.JPG
3e8c0e2c2769b7f628fe8d6af748afc0	Photos/IMG_3493.JPG
4febc6c2b3070fd74a55835334a6d72a	Photos/IMG_3494.JPG
84cf1794788ffe901daa0d80abca5390	Photos/IMG_3495.JPG
99b6cc4569210aadf6cfcc862988b8f9	Photos/IMG_3496.JPG
2731b4cfda958ed31504e4169adb47ef	Photos/IMG_3497.JPG
ab95ef0e08d300e166b2a3e949b3f44f	Photos/IMG_3498.JPG
24e4499926b92b27619a9e112d8af2e2	Photos/IMG_3499.JPG
451f82167e7e95ee43f14a8348b8f2f5	Photos/IMG_3500.JPG
86d2c156ae39182ce97bd51f647c0187	Photos/IMG_3501.JPG
4ae96e6c2da61405a9deae19ed3ead23	Photos/IMG_3502.JPG
4a46b2818dfad01c3af4ec9f06e2e061	Photos/IMG_3503.JPG
5226fe146962b5725dc7f4a86adf254d	Photos/IMG_3504.JPG
994593d63e96590b578fd9f33d0e29ad	Photos/IMG_3505.JPG
0878797795e82b6b0be7dc25d80d3efb	Photos/IMG_3506.JPG
6de7ce1803d5b2e05df0676e9ec417e6	Photos/IMG_3507.JPG
1c4bb099614a50e08cc08473c3910e8c	Photos/IMG_3508.JPG
7f18be49026eba4653c291dcc477d50f	Photos/IMG_3509.JPG
1cd4d75ee767990e5f3ab9ce292a8a47	Photos/IMG_3510.JPG
811fdfe25b8d1f54ff37cddda49efd5c	Photos/IMG_3511.JPG
1cbd009cc5919a8d265cb4f285015eda	Photos/IMG_3512.JPG
b80c81e6aea265bf6c2d94530ef87d43	Photos/IMG_3513.JPG
e804afcb7967c900fd55e2fc402c005f	Photos/IMG_3514.JPG
8cec8d74f1392b185d75ac41347d8074	Photos/IMG_3515.JPG
902796774d4b9060f8d74fb5997b33e2	Photos/IMG_3516.JPG
4ebf0b5e75cdfb540457cce2c7a98d46	Photos/IMG_3517.JPG
a9418cfb6075f89c2ac65e273204c290	Photos/IMG_3518.JPG
dae0321d986157d29e312d41e62c858a	Photos/IMG_3519.JPG
ad7b8a8a02299b3e5b686c945d452c7c	Photos/IMG_3520.JPG
63493e8fc67d92b746b9beee32b1738b	Photos/IMG_3521.JPG
f7f1c538411958fc1cbd6e92ff956a1d	Photos/IMG_3522.JPG
339e0c20639b445c318c1f0898d71c10	Photos/IMG_3523.JPG
5710c3c67fd9ff20f36afbd6569d8154	Photos/IMG_3524.JPG
d6e07275074957ccbb063c9e63f1be34	Photos/IMG_3525.JPG
8728abcd866446abdaa27d364c020c42	Photos/IMG_3526.JPG
93b4a0a0e5634d0bc829dc917db057f9	Photos/IMG_3527.JPG
1cae69d3608c36161814e0b6a12b2beb	Photos/IMG_3528.JPG
d72ed73e1340593b93e32103fb2a9cd1	Photos/IMG_3529.JPG
c286b63fadabfa32ced2ef43e930767b	Photos/IMG_3530.JPG
bb025ceb41689a217c16456262fc9d84	Photos/IMG_3531.JPG
fdebac7a5fa08b11cef72dc662e0f320	Photos/IMG_3532.JPG
347864ff3a98b71c7806f2aacb18df72	Photos/IMG_3533.JPG
294926b310bb2ab7f84c3c1e0db2235c	Photos/IMG_3534.JPG
31c4771b8dcef6b240274a5365b742e2	Photos/IMG_3535.JPG
0ecad3ad8da4df46fb55598851fb5b1d	Photos/IMG_3536.JPG
c9c757950e0c2730ed644839300ec633	Photos/IMG_3537.JPG
18937f9a0a410994f53b504a220c095c	Photos/IMG_3538.JPG
e05e3ec24374486b99cf46afc05aac02	Photos/IMG_3539.JPG
2e98efa63639352b8707eed7b59a0a00	Photos/IMG_3540.JPG
67d8a25d14c0b6b025f07d8c2c02312e	Photos/IMG_3541.JPG
5dedbebc96593863a9d245b070088cc6	Photos/IMG_3542.JPG
4042fb08ff5d72786dc6bad2f02f70f4	Photos/IMG_3543.JPG
8cf75b320e086b3ab11d18ce860f791a	Photos/IMG_3544.JPG
39c142257aae823279c06a88cb311263	Photos/IMG_3545.JPG
cd2f52b129e9b75def52c6dd9504cfc6	Photos/IMG_3546.JPG
46f54e25b48d7d099e4cfc7e798b8e95	Photos/IMG_3547.JPG
2027bd3d1b81eddef92af8e2f2eadb99	Photos/IMG_3548.JPG
43ed20fc33648f4762943eb554371633	Photos/IMG_3549.JPG
b692f771a98e0d5f9be47b6885b068fa	Photos/IMG_3550.JPG
8b9338bbb2560089915d8a5d2b81cc21	Photos/IMG_3551.JPG
9b2254df4ae6a55539016736bc506798	Photos/IMG_3552.JPG
e6e4c4176c0c84fe9816b1742ba0559a	Photos/IMG_3553.JPG
35640cac80ea794b28401b54d26f6c3a	Photos/IMG_3554.JPG
f7a13bd4d8c2c6ee01928bc1e35dde3b	Photos/IMG_3555.JPG
c8824b46cebeb6831583e83c86222e91	Photos/IMG_3556.JPG
dbc39037d63bfa394aff2a1a9102cdd4	Photos/IMG_3557.JPG
a95418baa8fe96dd0ce51f5c4cc1b3ef	Photos/IMG_3558.JPG
93ee852159922831b9955a9e4ab80509	Photos/IMG_3559.JPG
3aebf0d6f43ebfe17ef89fde5bd63d41	Photos/IMG_3560.JPG
b1be6eaa3c8f61579d78409a6cd1ae34	Photos/IMG_3561.JPG
3114385a853f74a4714ce6ea38a17829	Photos/IMG_3562.JPG
513001ba63f8895e713a1f587e36fe7e	Photos/IMG_3563.JPG
80e73e64cf944f08ab837a2c3a843024	Photos/IMG_3564.JPG
5fb086683f65b5f657e400bc52efb30f	Photos/IMG_3565.JPG
d7e80c0bd85244861deae33f882fefba	Photos/IMG_3566.JPG
4def536a0e9cddd86fe24a29a246d9e3	Photos/IMG_3567.JPG
8b84e16b3b455a4e797b15b49a68e08f	Photos/IMG_3568.JPG
ae910d7d85de53e9518cb41bb00b6286	Photos/IMG_3569.JPG
6a6ca2735858ef1896ee08e35e5e4229	Photos/IMG_3570.JPG
bb60a974d4b9e9744d8270ecd9d177c9	Photos/IMG_3571.JPG
6d87617505d946af3e24941d1de7c8d4	Photos/IMG_3572.JPG
227fa781df30a918527d75cff38c8d4e	Photos/IMG_3573.JPG
9529a4cf9b78649f05aa67846c2089e1	Photos/IMG_3574.JPG
896bc20cd81725a837c25e023855952f	Photos/IMG_3575.JPG
518dd2f5b34eb757bb6ad24fd98b2c4a	Photos/IMG_3576.JPG
d342e6f313e1be3227060bdf1fd7c690	Photos/IMG_3577.JPG
fcab01a71ffe8b458bf0d9e4406a4c8d	Photos/IMG_3578.JPG
6347ec1e9083aa9af77de7f96cfcc98e	Photos/IMG_3579.JPG
3bdb7e8e42c057d3af511dfd3efa862e	Photos/IMG_3580.JPG
f8b291a8843e4f40ee550bb0add824f1	Photos/IMG_3581.JPG
e28ace8a4c31a17e61ae82ea2e3fcefe	Photos/IMG_3582.JPG
b7c36797c8cc84a8f7fc6031f2c36f3c	Photos/IMG_3583.JPG
48ff6e3f08da6fdbd10faecf2d54ea71	Photos/IMG_3584.JPG
127fc89a1cfce7c7e3795aef2dd7ee66	Photos/IMG_3585.JPG
18dc0defe9339316f359510024d2c1f2	Photos/IMG_3586.JPG
38bbdd7166c898b3997e4d3ba6fdb2a3	Photos/IMG_3587.JPG
38a589a9ea6a0a3226f552087aff2832	Photos/IMG_3588.JPG
76b6cc32e1847d8923c7fc09e0d834a3	Photos/IMG_3589.JPG
c9011a498c4f1b73667ea819c1d09b87	Photos/IMG_3590.JPG
2b866604bb2c4449963ae346dbaa20e5	Photos/IMG_3591.JPG
be443d96b8fa4446360dbc1c514d61d6	Photos/IMG_3592.JPG
907bfaa78270b72b51e339c9fc77a353	Photos/IMG_3593.JPG
041ae9bbe222634cca8955a63c2d0f42	Photos/IMG_3594.JPG
56edbc7df67d7d27b9786875a5ed8c80	Photos/IMG_3595.JPG
b45b7b19c3162b6d5abd1cda04695aed	Photos/IMG_3596.JPG
5bc0c294f9067edda9a88062c0a3deef	Photos/IMG_3597.JPG
cea406945f2be52c80b05464e1514c5a	Photos/IMG_3598.JPG
1c6239a6730af58d3a665de9541f6425	Photos/IMG_3599.JPG
76a3c6c23937299b3cedc6d4fac885cd	Photos/IMG_3600.JPG
becfb1be1573fa46ce99ee38d96ad635	Photos/IMG_3601.JPG
af81cf576f886c1fd636ea744295e8e4	Photos/IMG_3602.JPG
abe48c5b19d146fcd40c96f8ff04b6ee	Photos/IMG_3603.JPG
6c18a5265d453ff330e7ae7adaadaf81	Photos/IMG_3604.JPG
91edaffcbf90d9cd04e532aeb9e0ad66	Photos/IMG_3605.JPG
c7abd2108bcd3565919e19b781651a36	Photos/IMG_3606.JPG
7318ca683c205a5097cad83cb2456fa0	Photos/IMG_3607.JPG
345c59ca0b9cb58e58a1cfd12b37327c	Photos/IMG_3608.JPG
27900e1f7982d6131142c150e5c23776	Photos/IMG_3609.JPG
1c448c8d6f56a9e0977767bed37267c9	Photos/IMG_3610.JPG
50a82fe3b9a0d6dbfadb145a5a465d5b	Photos/IMG_3611.JPG
3b453ab377425d097b09154475e7993d	Photos/IMG_3612.JPG
e8f26bb6f9d899f0cbfbcb32de22cc03	Photos/IMG_3613.JPG
b886953bf62afa9d7e716f1b568c8a44	Photos/IMG_3614.JPG
3106db0d1227cc7731501ef2e6700010	Photos/IMG_3615.JPG
1bdc9d96301e1910cdb31b441a40276d	Photos/IMG_3616.JPG
7549d9c83fbb234a00563903941f8e73	Photos/IMG_3617.JPG
c2fa22ec871c1e49f14d7e22d368522c	Photos/IMG_3618.JPG
a0436e2830a4a37ac7141855cca184d5	Photos/IMG_3619.JPG
ebad9b34d2ed0148caa02156cea8512c	Photos/IMG_3620.JPG
439ce462a0d6e4594c34b63e23f249f9	Photos/IMG_3621.JPG
f9fea88f6f4b1312e2062d2faec38cb7	Photos/IMG_3622.JPG
8986b542c6ef161e462a0d0ee3871bd3	Photos/IMG_3623.JPG
ca4572e188e542456f25825213582b12	Photos/IMG_3624.JPG
7e6366a74abd5d3db3466baf9daa6a04	Photos/IMG_3625.JPG
ff90f05ed5d2a9a849619a4277d08bcc	Photos/IMG_3626.JPG
982cd945e9d8c4bf3dfcc4280605dec7	Photos/IMG_3627.JPG
7d9567df06fd57ad14b84ab62359bc78	Photos/IMG_3628.JPG
c0c6e7dd477a36b67979d5efdcf6e237	Photos/IMG_3629.JPG
fafb31513f8160b41ea1706ce3ec9b19	Photos/IMG_3630.JPG
e2f2dc2551d6be915681ab6dc6cc6523	Photos/IMG_3631.JPG
22b90229928eb6263c5cde9bfd321d93	Photos/IMG_3632.JPG
616837e5aa65458164fa1ba6dd7ff366	Photos/IMG_3633.JPG
4baae21eef56ae89039440e775376f5d	Photos/IMG_3634.JPG
8066ebb34f9d76210c91967d31af3407	Photos/IMG_3635.JPG
83d96203a4ba3d695c974815a049a2f7	Photos/IMG_3636.JPG
b0b91740dfe9e02e324fe2fa7e262ace	Photos/IMG_3637.JPG
33b88be681dc6582b8e6ac61fceee9a0	Photos/IMG_3638.JPG
3caa6ed588278ecb5d0d317fc34a175a	Photos/IMG_3639.JPG
b6af787de79c418b9346bc0b1501927f	Photos/IMG_3640.JPG
f53733593f4e8637567b5d5d16f07b6d	Photos/IMG_3641.JPG
e91c1563638dd1fd4934266b5ae0109e	Photos/IMG_3642.JPG
97470164327b78241590558ad2f244e2	Photos/IMG_3643.JPG
2cd3c11f3ea1cce977b62b967d8ed79d	Photos/IMG_3644.JPG
02a87cd963c6474fde1d98534ed8c58a	Photos/IMG_3645.JPG
8526157b53c98bb5df8674159d77a6cd	Photos/IMG_3646.JPG
2d20a6d8110b866aee85256639518e31	Photos/IMG_3647.JPG
df3605580a7363c4b820e0e83aebf3bf	Photos/IMG_3648.JPG
c9ebcd59e934142b5db57073addbf831	Photos/IMG_3649.JPG
7ca217c830af6e9c3bc9ed3523b9cf06	Photos/IMG_3650.JPG
ffb57d62f3b0995df7095570e54658b2	Photos/IMG_3651.JPG
82aa361caa104c3345a29e0128741800	Photos/IMG_3652.JPG
804ee42ab04586e11de91e9473fb84a8	Photos/IMG_3653.JPG
0b40b7204eb7aced541fb3b5734868b1	Photos/IMG_3654.JPG
bdb1fff27440835e77a577bf1dcbbf45	Photos/IMG_3655.JPG
e26473d2ebcc8308e27ba90b8d8eb92c	Photos/IMG_3656.JPG
2a8b836a71360945a4fa6c9d5b0871af	Photos/IMG_3657.JPG
742cc7781aa8ae0566335b3964da243b	Photos/IMG_3658.JPG
9d4bb6f6adbcd8c374a39b9339a35022	Photos/IMG_3659.JPG
db6feecc971c9c3a389230beee201d6c	Photos/IMG_3660.JPG
7452551c322becb33c93832fa018a0b3	Photos/IMG_3661.JPG
749360f8d3cf9692b6f39fe9c532dbb6	Photos/IMG_3662.JPG
6a08c483e3bb2604622c0779a8705c36	Photos/IMG_3663.JPG
a695696295a39f74c24ac7571f6a2da6	Photos/IMG_3664.JPG
f247d589556f8b29dedb35cbecaa1a4f	Photos/IMG_3665.JPG
8fb875899d30e27782e04300d725a3fc	Photos/IMG_3666.JPG
d19eb1c36a862e93aca7040fceb507d2	Photos/IMG_3667.JPG
438d38824a41c3c9f3e337e8f6939077	Photos/IMG_3668.JPG
35f0463304e81a89f9d79363bf3eb5f0	Photos/IMG_3669.JPG
33a2d18e7c8329fca1f736e1cdc6f138	Photos/IMG_3670.JPG
7e104ffed8e2bc103ddbe30ede7d7faa	Photos/IMG_3671.JPG
f8b517fc8ab286eb7aaed789fe73d9e9	Photos/IMG_3672.JPG
35854578528652ebc4cbc5f21e8bdfb9	Photos/IMG_3673.JPG
43f7893c32b204632e202b7c82630472	Photos/IMG_3674.JPG
43d13a1a0b7aea6d21aca6e819084843	Photos/IMG_3675.JPG
c743d0a662dbef5c1009971f44b40e29	Photos/IMG_3676.JPG
3295ab2d4fd463fe91631ad07026461a	Photos/IMG_3677.JPG
315794edde6e9bfd61be1a67449cf3d1	Photos/IMG_3678.JPG
7be9ef6ce67f3e09303ebd153e6b2d4b	Photos/IMG_3679.JPG
257c1449a0707330efb47b319168a4ef	Photos/IMG_3680.JPG
5c67b4df3b3ca561ee9cbf8450b34679	Photos/IMG_3681.JPG
bbcd27d24fd275268d5a6043aa78c6f9	Photos/IMG_3682.JPG
4f5234257eb4c4e63be9cae7e7104c93	Photos/IMG_3683.JPG
e4d7f8b197d9ea6f14d76bf627d8cb62	Photos/IMG_3684.JPG
063601012131d688c70ac3062d034a2a	Photos/IMG_3685.JPG
92d8bc8295dda904d92de4dfd82efa8a	Photos/IMG_3686.JPG
aea613db37733b9767f8d6b96d808f83	Photos/IMG_3687.JPG
2e8da9d445db0f298cbd00652898e93a	Photos/IMG_3688.JPG
6de3bfa147499a49231bb96885820b3f	Photos/IMG_3689.JPG
070451fdef1904d03f783124885b3c4f	Photos/IMG_3690.JPG
618490e183ac6f3bef90604f7748ecb9	Photos/IMG_3691.JPG
e2054eed2594e094318da1a19a1442d0	Photos/IMG_3692.JPG
c3c446e0e2e3441dd9d4608c85aeaefd	Photos/IMG_3693.JPG
705dd3f8e28b439201478d34d1b2d057	Photos/IMG_3694.JPG
df2ac5b7880cd64fea3000d00106129f	Photos/IMG_3695.JPG
9b86104aed3a82b98da7475deaecec19	Photos/IMG_3696.JPG
28e9cad3a4a0abf884c38f0e0c81871e	Photos/IMG_3697.JPG
d3ae5ab08c169ae47bd8e4f116037db6	Photos/IMG_3698.JPG
878006c484f62f8229985371adcf84d8	Photos/IMG_3699.JPG
496c3372149b27cafc6d2bec3ea81f35	Photos/IMG_3700.JPG
24da041e8686404b32e86cbffa23d3ce	Photos/IMG_3701.JPG
6c02c2d28ef1cd55d894ed8292db1049	Photos/IMG_3702.JPG
6075b4d36e4241d50f2f3474d0cd86ef	Photos/IMG_3703.JPG
600e026e879ffe738f16042605145426	Photos/IMG_3704.JPG
4ddcd2bedf7a3209431b4edc223f55aa	Photos/IMG_3705.JPG
b2b5a455678d6694da030346fbe259a2	Photos/IMG_3706.JPG
dac6094770aef5fbf30578be7a7c4bf4	Photos/IMG_3707.JPG
0c936c1e54d38ee00a74713b15f73ee1	Photos/IMG_3708.JPG
5c056db1742f06ae4fbdf54f285ec465	Photos/IMG_3709.JPG
fe4f6064f4919ee4373080ec20936e3c	Photos/IMG_3710.JPG
90649aa43b82c3db0d063a2b917c6d27	Photos/IMG_3711.JPG
83a37e1428b21cf669ac777877b9e999	Photos/IMG_3712.JPG
05628e02b2f859fef96d7f6b31294a47	Photos/IMG_3713.JPG
9a63fd3616ec084a0cc28afb655a26f6	Photos/IMG_3714.JPG
d2e9846044935a12bcbec78eecac0509	Photos/IMG_3715.JPG
5807868d5fe9930278e9380633ed8ee6	Photos/IMG_3716.JPG
27d9bb6e63a559d9fa995506650c0228	Photos/IMG_3717.JPG
e335d5b40e390fceb4c5307a02acc87e	Photos/IMG_3718.JPG
3791f2a99378d2b20527c6becf9ab1e2	Photos/IMG_3719.JPG
844ad8c0b2cd4b1edee734368d4767fe	Photos/IMG_3720.JPG
e87b437bbccc78236cff287cd9a6811a	Photos/IMG_3721.JPG
4d7d9aad813e6d2acb7254e7599b022f	Photos/IMG_3722.JPG
d1aef814c543cfcb875c821c37577297	Photos/IMG_3723.JPG
78e785dbf5f20737406aa19903dcf50b	Photos/IMG_3724.JPG
ca7c1c47c288c200a2411d9cb7fbfa10	Photos/IMG_3725.JPG
b5d250afcd8b3dd78fd3ba4a000a2fcb	Photos/IMG_3726.JPG
e7fb97a36c01097ded8564c8e8926d1e	Photos/IMG_3727.JPG
42ba69507563498ac1cbfeb31242a68d	Photos/IMG_3728.JPG
65245d45bdd779dfbd2311f6f6929702	Photos/IMG_3729.JPG
89ca2aa6b81efd22cd6567a040a15224	Photos/IMG_3730.JPG
455918015e4ac19f7eda15fc457692df	Photos/IMG_3731.JPG
19b6a14f2ae748e6ef513a605906a818	Photos/IMG_3732.JPG
94efc22a66082d8330e5e11da3e4059c	Photos/IMG_3733.JPG
b6f0b2edbbafe46ae8be9a8f18623b7b	Photos/IMG_3734.JPG
d5deb787e5e803af5c8bbb18fb054b56	Photos/IMG_3735.JPG
03818054b8093d187ef4dd61c83e8246	Photos/IMG_3736.JPG
b7195fa958a553dba3580c0f571770ea	Photos/IMG_3737.JPG
f705e09b0dc05503a6b6e2997534f69b	Photos/IMG_3738.JPG
96f67cd8b242bfcd3746a6e95fa8f049	Photos/IMG_3739.JPG
2b7c335c15060fb10fe12c9ae3dfcf52	Photos/IMG_3740.JPG
24392afc6ee8d084f7b2c663644ee502	Photos/IMG_3741.JPG
991cf4cdaffcd43fec8c003be45739d6	Photos/IMG_3742.JPG
1bd85ccdc68c079efaa91e9fa1b568c3	Photos/IMG_3743.JPG
e197988dd787ecf873959ed93d979e8f	Photos/IMG_3744.JPG
5311db499999310a19af27c776628cdc	Photos/IMG_3745.JPG
2e52da2304ed194a3bdddff777f96dea	Photos/IMG_3746.JPG
36d79d4783813a16afeeb14ab3c07840	Photos/IMG_3747.JPG
e5bdba8eb8ad3d125322faa4465595cb	Photos/IMG_3748.JPG
899737ea2ad6df1fdbc2b5ee18739ea7	Photos/IMG_3749.JPG
915e567190afb3446074d6a69d6f3da9	Photos/IMG_3750.JPG
f07979ba4363afdf20f47f98de9c093b	Photos/IMG_3751.JPG
651c67474d30bdcf7949eb670fc20dd6	Photos/IMG_3752.JPG
3702b0ca336b9dd3d8c3fb237347e682	Photos/IMG_3753.JPG
d9b048d259cdedc9cec9d037a1581313	Photos/IMG_3754.JPG
4568ee13eaed249472bb61591a5f4da7	Photos/IMG_3755.JPG
3c6e8a26eedcaa05359e15f2f3108cbe	Photos/IMG_3756.JPG
50da720a34ac6ba43fd4e133c597f786	Photos/IMG_3757.JPG
f3f93799371a752e296ea58548cae110	Photos/IMG_3758.JPG
2dff4a20557f1567da6d674a59563f46	Photos/IMG_3759.JPG
91aa8967350d0845a2a6f3325034fc70	Photos/IMG_3760.JPG
902e2e708ed06135265b63ef1427fe62	Photos/IMG_3761.JPG
162a25f9e9315a29127e05eab9a8a076	Photos/IMG_3762.JPG
e8b61cf6fdf0e323a0215ba625652c2a	Photos/IMG_3763.JPG
487769d3b58e70da885912e696ffcebb	Photos/IMG_3764.JPG
93f3725f92bd511932afe8d11f67adef	Photos/IMG_3765.JPG
df2e14dcec6cb7a04797a9394fb061db	Photos/IMG_3766.JPG
cd88469124c9da029e5213aea5f761f0	Photos/IMG_3767.JPG
15d10847d1f83fd9cc2bdd22c6baade5	Photos/IMG_3768.JPG
7c371139023c043f296102ff0bd56b30	Photos/IMG_3769.JPG
9bd965ae87d13d78f5b572a18359cc92	Photos/IMG_3770.JPG
6566d18e90045099997e3841dcafe999	Photos/IMG_3771.JPG
cc839342b5c287984dc8ad4809bf17c9	Photos/IMG_3772.JPG
728f92abff607ae7e93cbd23a9c817e7	Photos/IMG_3773.JPG
a236c6250585b54a634774add4bef6c4	Photos/IMG_3774.JPG
fd3f47daf5646dd8d3ec12b6792885fe	Photos/IMG_3775.JPG
3088fbdfa831094a8768c164f593d70b	Photos/IMG_3776.JPG
29209988f54c4185f3ff83b79c23ccd9	Photos/IMG_3777.JPG
3d7c9f77ccd1838b654589a01b9df192	Photos/IMG_3778.JPG
a03f2116b6103a37b55c0b103e7febe7	Photos/IMG_3779.JPG
c6ef4c7c5308b9d251094e3532363985	Photos/IMG_3780.JPG
c746f1fc999bb8f724031552cb232827	Photos/IMG_3781.JPG
6f9f730aba11432d3eeb5136df77eba3	Photos/IMG_3782.JPG
692f4400e6b9d14afc15fea254866018	Photos/IMG_3783.JPG
949cfcd561e982eda47cead1bfcf893a	Photos/IMG_3784.JPG
0db68c3e4affcea5a0a05cee2822414c	Photos/IMG_3785.JPG
16ced9e23903c998df053398a2302e82	Photos/IMG_3786.JPG
f3c42b602985f7284ad5c56d837138c5	Photos/IMG_3787.JPG
83d2aa09f4d4000f427fc6d1a1874cd9	Photos/IMG_3788.JPG
3f890d7b20beaffa6c4c5f218cc6b5bd	Photos/IMG_3789.JPG
e32a74ed485920831da01b2c41d0379c	Photos/IMG_3790.JPG
d648a7b1e82aea852c6db639a94ce529	Photos/IMG_3791.JPG
e2a97931a4e860422c511e9308999614	Photos/IMG_3792.JPG
1af4c39975205b7788bf55b2abfa9564	Photos/IMG_3793.JPG
301bfc74c23fcb1bd2f054f67bc5fae5	Photos/IMG_3794.JPG
31ebe479def6aebc67234c689c67089d	Photos/IMG_3795.JPG
6a113a4a0e4961720b30c56f6fd244a6	Photos/IMG_3796.JPG
6e10020f29336aa5e43f9f4ac7d03a2f	Photos/IMG_3797.JPG
35e5b7e4cddde92776253609593a269c	Photos/IMG_3798.JPG
86eef42660d3c6e6e319889356e631d9	Photos/IMG_3799.JPG
470ff9a18663d6698f8e1d586c6d2992	Photos/IMG_3800.JPG
b35d73d45d5e28877d13f48df01b03ee	Photos/IMG_3801.JPG
d02d5b0b213769a5c50a9eb6d6064678	Photos/IMG_3802.JPG
cb053afe8d6fcc61e7d7df7ec8c86176	Photos/IMG_3803.JPG
5fd79812ebe79867527b6dd91cac8fae	Photos/IMG_3804.JPG
49803e145bbbd2e4e4a5916b9f052db9	Photos/IMG_3805.JPG
36070637b19083cc94e79ca13885e628	Photos/IMG_3806.JPG
1901fcbf10fe8e22f675c87d63511361	Photos/IMG_3807.JPG
989974ca85fd0854524e5dff929ac415	Photos/IMG_3808.JPG
4f6a74747c2d70ccb9295cd4669ec63b	Photos/IMG_3809.JPG
d3632e9ce95a3acbf6fef423f52a56ed	Photos/IMG_3810.JPG
41b0653f5d4aebea13b79a2988c28e6e	Photos/IMG_3811.JPG
d95dc7558c738be6d9a1d6820de6cc2d	Photos/IMG_3812.JPG
f01436d6b79af23ee1baa0b368316594	Photos/IMG_3813.JPG
342fdddf13aab5d2e83dccd3140ea59a	Photos/IMG_3814.JPG
0b52a6acf898f29a188afa96d3153434	Photos/IMG_3815.JPG
f44d5330081836e68030f4b604e6a4af	Photos/IMG_3816.JPG
aae6e0702680080dd92a393e527f3315	Photos/IMG_3817.JPG
7bce7ec6a9441678633275d9c3203653	Photos/IMG_3818.JPG
16c565ae27ab9bbb1d77839fb72761fd	Photos/IMG_3819.JPG
13e7ae526185d08c144b94c0a0cbe83b	Photos/IMG_3820.JPG
7c1baf15d66e24509aeb3fa9f7bba553	Photos/IMG_3821.JPG
a1d7b5291fbefd6387345c3429f5e451	Photos/IMG_3822.JPG
59426d2074a3768e105586f1da2e2980	Photos/IMG_3823.JPG
f7dba3f9b5bebb42d4374f5a78423402	Photos/IMG_3824.JPG
fbb8eabef2cae075b169ef9d30df18bd	Photos/IMG_3825.JPG
a6dcbcd14329b56ce4ab7f11a1f2b900	Photos/IMG_3826.JPG
bc775d89160a17b021a9928b93dab6b0	Photos/IMG_3827.JPG
8f7a0628bd2d2d83ba15d8d3026bbaff	Photos/IMG_3828.JPG
cd9d85b19d557a0f2bc82fb581e91139	Photos/IMG_3829.JPG
85743229e8abf156480a231178b92717	Photos/IMG_3830.JPG
6debcdb92fab058caf1439dbdb103ded	Photos/IMG_3831.JPG
45dbd90ab786e47fb4698b52a6b8c76e	Photos/IMG_3832.JPG
ccd29b956025c5568d2b8de4ec4600bd	Photos/IMG_3833.JPG
9f24b43fca3766f5c59a926017da5ae8	Photos/IMG_3834.JPG
6ce1253379ef5b36dca461dfa39dd778	Photos/IMG_3835.JPG
6c3d138408f1f494e9d7a1069de89c3e	Photos/IMG_3836.JPG
722af36cdea61d4aeda0b6d570967f21	Photos/IMG_3837.JPG
b5a01ce7ecb633c2f2a94fd11009012f	Photos/IMG_3838.JPG
ca86650c43848bb91ca779b38435bf11	Photos/IMG_3839.JPG
4f7b3e13f29a07f5ca5a3181f01f9f9b	Photos/IMG_3840.JPG
e7fedfd5e775d3a03cf65d155e27d19f	Photos/IMG_3841.JPG
9420bbfd7af1e0e5ad97da14d786abda	Photos/IMG_3842.JPG
8cae65bcafa5455b212f19e2ddad474a	Photos/IMG_3843.JPG
3de4fc3e9a50de39615b061a28d6e2d3	Photos/IMG_3844.JPG
2f189aa90d39e0af9ba73e441e816a6e	Photos/IMG_3845.JPG
794cb1f249e234bdddebe87570e10e0f	Photos/IMG_3846.JPG
54ec30a96df18f2ad2acff98a98c2ff6	Photos/IMG_3847.JPG
3f5dc96cf7d03722e8d09cf82ecfa2e4	Photos/IMG_3848.JPG
0f07d244a49b6e676f00ac9daf231e85	Photos/IMG_3849.JPG
5415bae3139d7c5b694605c22727392d	Photos/IMG_3850.JPG
7b6db376e0cfdc40e50a3f4ad0d2c2c9	Photos/IMG_3851.JPG
a91bf6efcfe0e95158e4a465dd3e7fb6	Photos/IMG_3852.JPG
ad36b07f499572eee7e158366257ab61	Photos/IMG_3853.JPG
0d30b261cb9480d2af4d62262940ff3b	Photos/IMG_3854.JPG
c0f4d2682a8827364a0eada680bcb0ba	Photos/IMG_3855.JPG
6add4aee466a948a0921697902feb0a3	Photos/IMG_3856.JPG
64ca7cd11ad71743dacc094abf544a32	Photos/IMG_3857.JPG
4359ecded146b05eb48a0502eb4b19c0	Photos/IMG_3858.JPG
8247065c4cccb45c5f84141230e5e043	Photos/IMG_3859.JPG
87a6afc6374c7453e73db6044d5ba419	Photos/IMG_3860.JPG
b58daf578d8b798315d19aebbf7f1a49	Photos/IMG_3861.JPG
e265c410e057ad073f55620f8b63619c	Photos/IMG_3862.JPG
6c701c5cb92fc515e7423b5519a0cfc0	Photos/IMG_3863.JPG
d2f3e0970301f0aecd08f10daba17999	Photos/IMG_3864.JPG
9b6ff3fbee9f8278fa06a9a6a1d3e7eb	Photos/IMG_3865.JPG
da8d9fcf9c46374806040d8f7ee6fadf	Photos/IMG_3866.JPG
574d9fdbb10b6b4cb59aec27dbe53d8d	Photos/IMG_3867.JPG
9a59d6590c53ec7dd880a1062feff96f	Photos/IMG_3868.JPG
71a18a3b7d3767a95672dafed2a39fca	Photos/IMG_3869.JPG
1dbbbf61810edac626282c688b68d3a4	Photos/IMG_3870.JPG
17bba441db56c31271c906f036561fa3	Photos/IMG_3871.JPG
e4418bb909e2dd55f1b23ef063fc8023	Photos/IMG_3872.JPG
0e66ef4388d7539f5dcb5738ac4d2d6f	Photos/IMG_3873.JPG
413891a10d81885fd40f5840e7dc17da	Photos/IMG_3874.JPG
668ac192c2c79f2a5e8a98c71b6174c6	Photos/IMG_3875.JPG
f09f16e16dde04c169b700616cd0d9c8	Photos/IMG_3876.JPG
c3338c29f54f881cfdb29a60bdfa4e9d	Photos/IMG_3877.JPG
62ca3f48eada013796f899b63c4ee554	Photos/IMG_3878.JPG
7632934e94f604d305d87b971c274941	Photos/IMG_3879.JPG
c02bf8fe87f907434f33a9d37be42eab	Photos/IMG_3880.JPG
a4828773a36cb7c57a8e0055669a6ca6	Photos/IMG_3881.JPG
967dd714552081f75e53450358cdd3a0	Photos/IMG_3882.JPG
0e3c22e1edb0246cd02a9eff5e666a54	Photos/IMG_3883.JPG
6c45c12f6029363af4ef374d6a82c885	Photos/IMG_3884.JPG
bf79eed0f3254fb0e9770011f7869c5e	Photos/IMG_3885.JPG
9a8cbda9bbaee3020e08a0b53f7e5177	Photos/IMG_3886.JPG
343a7700217e8887fa4c8d92417729de	Photos/IMG_3887.JPG
6b9a5d28f74f7d640fc0071fae29320d	Photos/IMG_3888.JPG
c85e7221c29f80cba95c6f2c1666dfd7	Photos/IMG_3889.JPG
5f39a292ce4c9ab49831a6a7906565eb	Photos/IMG_3890.JPG
96eee47a9534b4190a521260cc60c803	Photos/IMG_3891.JPG
f868feff5f3098aca03d6d4d266560f6	Photos/IMG_3892.JPG
a47036a05681a30ba2e2131ebc8d031b	Photos/IMG_3893.JPG
5c0199edb3886b057439f7d070512562	Photos/IMG_3894.JPG
c8630affa1275ee94ab06a74e94d3a23	Photos/IMG_3895.JPG
64305af32b89a50a88446ac9322043ac	Photos/IMG_3896.JPG
9f99430c94e1c7c2d08923483da06d71	Photos/IMG_3897.JPG
f891f11ce8f5e4c07da3b37bce1b1c5b	Photos/IMG_3898.JPG
e50f14accb12e5798e4bbfb633d42c82	Photos/IMG_3899.JPG
c3ca3545ba3b594aba847d4d3968ad16	Photos/IMG_3900.JPG
62a1e9bed73ad8b822a856e70aa52368	Photos/IMG_3901.JPG
aadfd8657b124e4de98dd75bb20142c5	Photos/IMG_3902.JPG
669454d7a84c13f5026cc016c9e33f83	Photos/IMG_3903.JPG
5115b024fc111868c9ef9e7038ca45da	Photos/IMG_3904.JPG
7383562f5a3941b305d037aecd732b3c	Photos/IMG_3905.JPG
fabf9f76e5519e0fdeaac0cd7bb60424	Photos/IMG_3906.JPG
b64897e7a463ae2d0c565789ce070d3e	Photos/IMG_3907.JPG
d23a5a0afa0c5517926d2f97b2b25a45	Photos/IMG_3908.JPG
b0a2a06f0c3aee7ec85ba9e07e1e8aca	Photos/IMG_3909.JPG
3ffcb5763174bcc7a852776ca64a8919	Photos/IMG_3910.JPG
b7dcef68a10a3435a8674622ad1cb90f	Photos/IMG_3911.JPG
efa7461604fdb498cfb1ada01b4fcc3a	Photos/IMG_3912.JPG
7b88835b1d037b28282c4d3bd498a5eb	Photos/IMG_3913.JPG
8b03ec3a410d0ae4d11eab8a5eeeae84	Photos/IMG_3914.JPG
aa2b42efab6d9d1700ec5afc204bb614	Photos/IMG_3915.JPG
a931be8d295f793acdad5a4d3fe0b416	Photos/IMG_3916.JPG
a8983f11c51b4076b84217983ccdd42b	Photos/IMG_3917.JPG
158af5885367929425cf9fd212ac9cf8	Photos/IMG_3918.JPG
9fa431c2088a33805a23a52cfe09d42e	Photos/IMG_3919.JPG
1d236c2067603fe1a090b92ac59d731b	Photos/IMG_3920.JPG
1d820600ba73effbdcf58c1d40508a9f	Photos/IMG_3921.JPG
37a65a4e8a31e72b733d794bda0264b5	Photos/IMG_3922.JPG
1505ebef0005d1a7e29245190b88fd0a	Photos/IMG_3923.JPG
e1873fc253089f63ac84c1e2a1ee681a	Photos/IMG_3924.JPG
e901c8ba929885bbfec464636600c9d7	Photos/IMG_3925.JPG
4ed5a41debfe4edf7862dee4833a9180	Photos/IMG_3926.JPG
67e1c610b5f694b927d2ef7feb0cddd3	Photos/IMG_3927.JPG
cccb190d9b013f3795033ef5f1fd5afa	Photos/IMG_3928.JPG
4e43131b0c927cc4cd404fdf30934120	Photos/IMG_3929.JPG
edb79e724e29cb58615c6d7aa944dfdf	Photos/IMG_3930.JPG
6a88da9636097d33925c26e32470e1d7	Photos/IMG_3931.JPG
2bbd55e82b26bb8de5816b9359260f09	Photos/IMG_3932.JPG
894dfafbaf6482f7787e515f429011f7	Photos/IMG_3933.JPG
fac6d16c2708e43168a6f321da962097	Photos/IMG_3934.JPG
0dc24c9c09cf6fecf34982f37040e8a3	Photos/IMG_3935.JPG
e12600a7da9adc4a7931dfd487024fc8	Photos/IMG_3936.JPG
d4e3ad3ff7f5fc2a30f6c862aee03e6b	Photos/IMG_3937.JPG
1a7fd66ee601f1e342d23c3f85c62abd	Photos/IMG_3938.JPG
ef4c5c7de4e2c5eb8571b710802b9562	Photos/IMG_3939.JPG
13a72725a37d8e61cdee8c837d56938c	Photos/IMG_3940.JPG
ee15f371c1eb376a68d4fe604e096cc2	Photos/IMG_3941.JPG
b2fae970a7d17ebf77bf7e157601a6e5	Photos/IMG_3942.JPG
699cef1405472a7f55710ab3eff1ca41	Photos/IMG_3943.JPG
b2115c01fa6eaa6f3a8bb7418a985dbf	Photos/IMG_3944.JPG
9dbcc79e4869cc29f5a3ffb0dd1786b9	Photos/IMG_3945.JPG
4e15eb43d5e4a993796694733a40e9de	Photos/IMG_3946.JPG
176d11d8ded0d7e3ea2f84f6566f7e65	Photos/IMG_3947.JPG
c5af886cfa7dcd44ec94f754b3cf32cd	Photos/IMG_3948.JPG
6a5b0e29f430c4040b6c7026dee102fe	Photos/IMG_3949.JPG
f03dfb86b0a5b61e664de888829c0400	Photos/IMG_3950.JPG
b21f556b84ab5b7db9c5848c55fb408a	Photos/IMG_3951.JPG
ae9f4ddf0b15abf4c12d9fadad441ac3	Photos/IMG_3952.JPG
7e58bec8bebe85b772d0cb362225908b	Photos/IMG_3953.JPG
fa5416bbf12a23d4724c1964132c8605	Photos/IMG_3954.JPG
3cec054dbc8e5036431b06e9dd7a2700	Photos/IMG_3955.JPG
ce6eadcd35be20dda127f79f742eb614	Photos/IMG_3956.JPG
7c3e7d904c7d205141de4fb469d0466c	Photos/IMG_3957.JPG
d21428fbf9ec10bc60392baacb25ec8b	Photos/IMG_3958.JPG
06fcf376f17dd0b4da9ef8543e6c976f	Photos/IMG_3959.JPG
4e4723cc67068299355a700edcce0951	Photos/IMG_3960.JPG
d8e65f4a9427e75ce78d4516df50f08f	Photos/IMG_3961.JPG
0c6dd5e74326ff170d9ce58ddc43b6a4	Photos/IMG_3962.JPG
33e5d04cc3f0aafa9cab90d66428eb52	Photos/IMG_3963.JPG
aea6bbbdba7d879bcb9febb129fd409d	Photos/IMG_3964.JPG
f722ed076ce31dbe499e1ecd312fcbef	Photos/IMG_3965.JPG
4906182a1a27bf1ae4358c9e9b3c4f27	Photos/IMG_3966.JPG
3448f22474e9793b38785a274de038db	Photos/IMG_3967.JPG
eb1a2c6eccd0253c9080a5f12c9205de	Photos/IMG_3968.JPG
12024e6dd5cb0f5724b4b58355d72bcf	Photos/IMG_3969.JPG
0d322c19112bf657eadd5049a45416c4	Photos/IMG_3970.JPG
7f996c5f66b5d967a25d392bc138c58d	Photos/IMG_3971.JPG
6906dbab737e02b3a9aca9e82b085e66	Photos/IMG_3972.JPG
fd2df99d20d8afa917b026357def8d38	Photos/IMG_3973.JPG
8e1cd59d7be9c324f8558a60ef82dd55	Photos/IMG_3974.JPG
9842c12ab8e52930dcd8f8174319a292	Photos/IMG_3975.JPG
c905962b4604cdebd911de2d76a8eadb	Photos/IMG_3976.JPG
385832ba6cf05d2f7ee186202ea6f674	Photos/IMG_3977.JPG
464f5f2cb423281cbd1d3863f5ba89b4	Photos/IMG_3978.JPG
19c221d3790694363c7d2898831d4584	Photos/IMG_3979.JPG
415013c6783e2395d75d098774143f76	Photos/IMG_3980.JPG
2a982ad82e9d20bced05263bcb30ebe5	Photos/IMG_3981.JPG
cbdaf72f222a40aac30cdc888a2903a0	Photos/IMG_3982.JPG
938fd7f466d612a5c5b93e88bc56e141	Photos/IMG_3983.JPG
af725bd8c5d046e3d000e386c080061a	Photos/IMG_3984.JPG
3423555667874036834d8369f6e97ce3	Photos/IMG_3985.JPG
837b2797b2c8b3ebe54050248073a3fc	Photos/IMG_3986.JPG
bb9fbd3c99e9cd6afd8c59980c55cc00	Photos/IMG_3987.JPG
561a8df2abf9c439fc8e0c34e7c73cec	Photos/IMG_3988.JPG
aa04ab8fcd3ccd4aedbb1112b6704441	Photos/IMG_3989.JPG
1dc2df9e55395bcc8aef9cd9bf959c84	Photos/IMG_3990.JPG
837b5d53617741531c0f62fa24a00dcc	Photos/IMG_3991.JPG
ab49ec31fcb4da75d524a1dceae3f497	Photos/IMG_3992.JPG
f6fa69057ee4ee3a2167ccae03c21bfe	Photos/IMG_3993.JPG
5603f630b5d7ddfb38dfd94feed3272b	Photos/IMG_3994.JPG
687edd0d9bf593dee80218d0d88944bc	Photos/IMG_3995.JPG
f656c1fef270c58dc9a74b741caed7df	Photos/IMG_3996.JPG
39932068774f690021dfabacb6054f20	Photos/IMG_3997.JPG
6eca4ad113fdaffdaf90d67c8811f75d	Photos/IMG_3998.JPG
46b93118851c5b7faf5c156c7297a406	Photos/IMG_3999.JPG
8fcb773f7b1749b75daa449aef13f41b	Photos/IMG_4000.JPG
547fca94d13286c7d84f815f34016e53	Photos/IMG_4001.JPG
3c60ec879a67ef88804a61393b381fac	Photos/IMG_4002.JPG
581433b3c0d2babf0d58b1cd6d6ae858	Photos/IMG_4003.JPG
1078381d42f92a3bb2b5c24a3b19867f	Photos/IMG_4004.JPG
b9e1c9f9cde7604ad85d9ba05b51b4d5	Photos/IMG_4005.JPG
85b4ed855f35f0e42e723aa2d9a12262	Photos/IMG_4006.JPG
5169a60910ac864e8c1eec9a9b2df07a	Photos/IMG_4007.JPG
f4baad27eeded24174e00a71f09e09a8	Photos/IMG_4008.JPG
e4471190a3a6016335011ad444268ff7	Photos/IMG_4009.JPG
c7644dbccc1a62814bc367b1748ecc33	Photos/IMG_4010.JPG
4014a9848b713ee412756adcb4109b71	Photos/IMG_4011.JPG
62b903ff77843bc83f2aac48989d7ec7	Photos/IMG_4012.JPG
49b955ca60d0daf99b20713cf640a8f7	Photos/IMG_4013.JPG
6cbc82a1fc0168a465fae025ac46da07	Photos/IMG_4014.JPG
9dc5cd12b753336241d0166e4a802afa	Photos/IMG_4015.JPG
e4807fc0113a7d610405dc45299d7e4c	Photos/IMG_4016.JPG
a59651f7daca68bb26890ab54b4125cd	Photos/IMG_4017.JPG
3cf519c93bcb2023682da00eab8accbf	Photos/IMG_4018.JPG
c379946022c1813d9942c08d3ffe43fc	Photos/IMG_4019.JPG
d7fd0ee179772f4b2fab876571a33657	Photos/IMG_4020.JPG
e1dd0594d8fb2948ceb514ef80443bba	Photos/IMG_4021.JPG
ac6f826ec826a80270f2062dd4fa9c49	Photos/IMG_4022.JPG
67678f7005c9c734fde6cc6071c1c967	Photos/IMG_4023.JPG
e302846cd8c333b901617ff13e58665c	Photos/IMG_4024.JPG
c0a217724d9adf066f08090ee1d5a30b	Photos/IMG_4025.JPG
b397bb93aa9573e7095bfcc27e598cc1	Photos/IMG_4026.JPG
aef849560b315c849962e40ebf20b534	Photos/IMG_4027.JPG
53f772cf246ccb1617ef42edfb8db0b3	Photos/IMG_4028.JPG
0a57d92dfe20f887758c17c5c3f54826	Photos/IMG_4029.JPG
e5a278154f2b0c35962b27534f11043d	Photos/IMG_4030.JPG
5beb1c2a9c072c9c0029767968abc74d	Photos/IMG_4031.JPG
5bc551102768ff3447d9d6d5617aa9cc	Photos/IMG_4032.JPG
31eaad23acd180f99c1fc725340c95c2	Photos/IMG_4033.JPG
9e9da8d7742e630a5bf3d471a485b9ee	Photos/IMG_4034.JPG
9c73f79ee224fddebbe41ac4d5d54de6	Photos/IMG_4035.JPG
5c3e6e9774c1b22c56f372f5b3d1f281	Photos/IMG_4036.JPG
fb60d2a1fb084ab4de65634c940a3b6b	Photos/IMG_4037.JPG
8654b385a9ae1d6ecce3ea3ef392a1a9	Photos/IMG_4038.JPG
b6b24beaec2e846ec6a037f6faec9eac	Photos/IMG_4039.JPG
b1dad54746d3834e7d4fb5cca1ae80a0	Photos/IMG_4040.JPG
9874075e1dc75a19f1e41694c8591016	Photos/IMG_4041.JPG
9acc3f095297e5eef36662977f769d7e	Photos/IMG_4042.JPG
88b148bbc56451b95e1d025a00bb4aa8	Photos/IMG_4043.JPG
3306a75547e5a80147ca8afcda4cb6f7	Photos/IMG_4044.JPG
5e0efadfb6010af2f917b1dc0960d6cc	Photos/IMG_4045.JPG
5a313221ab48c11fb963fd9b0a9b3921	Photos/IMG_4046.JPG
e3f6f813044972a0af8001d772ca4320	Photos/IMG_4047.JPG
6c0c77fe6302b5661c96a7d8abe1d708	Photos/IMG_4048.JPG
b460d8080380b3c8c9fff44f34374ff9	Photos/IMG_4049.JPG
4586ee39f8d941968d24bb5112c10114	Photos/IMG_4050.JPG
dff145989b94dacd26aab80e394a088f	Photos/IMG_4051.JPG
02e8114e33cb6687f87309359dff801f	Photos/IMG_4052.JPG
df6cf545d83438c7d345ee42810ba8be	Photos/IMG_4053.JPG
9dae24b72cbb94ea3d5892d37f7abd22	Photos/IMG_4054.JPG
46b8c4a79c8906f7b0d068ad455b5f58	Photos/IMG_4055.JPG
9f37ad2a5e2e5a565548ea15e6cfa0a0	Photos/IMG_4056.JPG
30705ee4b267198f6f86fa68fc00291a	Photos/IMG_4057.JPG
7f236334d69072783539d72ab0393134	Photos/IMG_4058.JPG
fa53fd1779e7d51c30f5cf3a70781c02	Photos/IMG_4059.JPG
a6ed4b9b0c8c6ea95f1a05f07c0eff22	Photos/IMG_4060.JPG
5898d471477b245d87b92561f88c700c	Photos/IMG_4061.JPG
845f754b80536fe5f41001069055b77d	Photos/IMG_4062.JPG
b3641e36296636167a531921c78000de	Photos/IMG_4063.JPG
af569d798ff427b7a43e844b3a19d628	Photos/IMG_4064.JPG
f832b56b6d4aa33863eddaea7b6b7de2	Photos/IMG_4065.JPG
6e6509f3a4a2bde8a70e32c68fecef59	Photos/IMG_4066.JPG
3032b174e1d88e1727155c62b47bb3b5	Photos/IMG_4067.JPG
793b6a83c0fe184a8e2db97b589eb4ab	Photos/IMG_4068.JPG
a4e09fd52f18c3513e35e8be9c0acd50	Photos/IMG_4069.JPG
54625fd27487e04fb251d0e27f28e41f	Photos/IMG_4070.JPG
b6fbdb782e8de57bb21025a7226a699a	Photos/IMG_4071.JPG
044b67e278300e9bbce95ff9b92158dd	Photos/IMG_4072.JPG
d534aa5189a78865da2fef7ac9261260	Photos/IMG_4073.JPG
29a51335976500c081d63ca1179413c2	Photos/IMG_4074.JPG
0a21e75dfc0a8dbb0d5999f0a88ce3aa	Photos/IMG_4075.JPG
6c29adf41ca57a01e56f8feff2de0d05	Photos/IMG_4076.JPG
094234c0ba316c7acca28cf5924104f5	Photos/IMG_4077.JPG
d0910f10fccd7dd85ee28f77fe82ac7f	Photos/IMG_4078.JPG
42b46014cfc1d72a1ff66ffa8483eda5	Photos/IMG_4079.JPG
750cf6a0123a07d47dbc29d7792d8cb8	Photos/IMG_4080.JPG
31c9d97c03252ef7d81a93408c5f8c57	Photos/IMG_4081.JPG
bb45a343bc1a5d6ab570c4195a413660	Photos/IMG_4082.JPG
4324eebd4d830f3f03c295147feed586	Photos/IMG_4083.JPG
7862e485284bc1a7c633164692790c6b	Photos/IMG_4084.JPG
36ac8a3c60f3bf7d5910dcfbc29c1d42	Photos/IMG_4085.JPG
85eeadb5961337434c0b27dea2e84bc8	Photos/IMG_4086.JPG
e142dfa7b75cd3d875e02de4c3bb53fa	Photos/IMG_4087.JPG
a39306bd6b6eb7829ed14ad06830f78b	Photos/IMG_4088.JPG
0738a9e5ecf7db4e0772d7c2f82d96c6	Photos/IMG_4089.JPG
94ef8f0063b06c05db40fc3c090de6fe	Photos/IMG_4090.JPG
686b44dce3d33dd4e9682f0d7c9bde8b	Photos/IMG_4091.JPG
ba771560782c0c2a607bf2fc89c69a68	Photos/IMG_4092.JPG
fe3e14751dc7db25f0c9fae525fafdd9	Photos/IMG_4093.JPG
6225be6865b8bc89815e792d2c29bf0b	Photos/IMG_4094.JPG
44d3908b603e95004abb881779da3c05	Photos/IMG_4095.JPG
f9ad8b894d4d07b6a2d720a6323d62b1	Photos/IMG_4096.JPG
682e78d591b28aa5a1266b5207d4c8ec	Photos/IMG_4097.JPG
4d2de15ad3b602c4e81f0666f1ae3133	Photos/IMG_4098.JPG
5b4f63785ac99d436a2538ac947f8a92	Photos/IMG_4099.JPG
b49b7ff08821e4b30626908674be0d81	Photos/IMG_4100.JPG
90f8e54c5a2f4d34b0760b222ebb921e	Photos/IMG_4101.JPG
afa9bc0296de33bea3a1c7f3c380c5b6	Photos/IMG_4102.JPG
bd29ea5c5f0c9b6aa81cc54e2c7c2d6a	Photos/IMG_4103.JPG
cb3dc555e5bc227ce523b329b95bf250	Photos/IMG_4104.JPG
f9f3ab367a6aee85c498956c4174b77c	Photos/IMG_4105.JPG
9c1fd62eedc9d72b4b0f481679d4eaa9	Photos/IMG_4106.JPG
54d3f5a94b2194a49356cbece72a421c	Photos/IMG_4107.JPG
ade4eec13ad191f29b739f3bc542e1d9	Photos/IMG_4108.JPG
42c4267ed205071dae7a1e9baef85fba	Photos/IMG_4109.JPG
2289b449a691843c35a2d4a9521e50a4	Photos/IMG_4110.JPG
68a49bc1771c690f68c047df33958b46	Photos/IMG_4111.JPG
c957e4c0ab39174f1b469c7cf23e969d	Photos/IMG_4112.JPG
0627a79688b414d42a8abfa330e9162b	Photos/IMG_4113.JPG
82583b868224414f33beb63b962d9101	Photos/IMG_4114.JPG
8235e82e4e30f220405696264a0c4d9f	Photos/IMG_4115.JPG
0c0836bd40cb7396119361f6bb314001	Photos/IMG_4116.JPG
a1f4c71868215d1f0da5f42244e3a72d	Photos/IMG_4117.JPG
8aedd4c522dfef3c1c3355b6eb3c1d0e	Photos/IMG_4118.JPG
e83cc86be9eee565d917894bfd5a2552	Photos/IMG_4119.JPG
67a65e11c6660c291e5855d14e7a623d	Photos/IMG_4120.JPG
bd57642db83b9be01f2ff1bc6a30224b	Photos/IMG_4121.JPG
f668fe2b1c177cc6973f3109abec320d	Photos/IMG_4122.JPG
db8793acb0a957b680fcbc3a0ee16080	Photos/IMG_4123.JPG
c3b5cc3435957b16775665e66b00332e	Photos/IMG_4124.JPG
eeaafd1068765b17ba6998ca0c6457f0	Photos/IMG_4125.JPG
d61ba295b79d0178087a4ba8f24daed4	Photos/IMG_4126.JPG
e228189d4c8241126a5d7c01706cb36b	Photos/IMG_4127.JPG
797f11c417e5a0d68db2325fc5ab7fb6	Photos/IMG_4128.JPG
3c4c9cb807182dd4b09e5c95767e4033	Photos/IMG_4129.JPG
8d4a2ce7cb4480e491d3819a976e0d80	Photos/IMG_4130.JPG
0acc7a0f606f6171b4ac3710445c48ed	Photos/IMG_4131.JPG
0a20743d2d949aacc5e41bca6c8d88e8	Photos/IMG_4132.JPG
59382ee6de9437a603c0e22636eb6712	Photos/IMG_4133.JPG
37c3827e4a833b3c72f795ac84440d5b	Photos/IMG_4134.JPG
19753e7b15162edd3ae8f5105f234ebe	Photos/IMG_4135.JPG
7bda139c0945ea627d0995f979c10210	Photos/IMG_4136.JPG
5c5e7f70297cb4b40cf734968da10c45	Photos/IMG_4137.JPG
cb34255dc560addcb8f900cf0807e801	Photos/IMG_4138.JPG
661962607d16d014852003e5c3170d25	Photos/IMG_4139.JPG
6c8b464ca97fe2a69395610d49f6a25f	Photos/IMG_4140.JPG
b7eca4969dad7646d35b8102429e7b53	Photos/IMG_4141.JPG
88d083b38b8991236b4b5f2dd2f223b7	Photos/IMG_4142.JPG
0a7487ae8a50cdd4872b2eae166033ab	Photos/IMG_4143.JPG
4ada3b8c16885de553257f4b584b1df5	Photos/IMG_4144.JPG
1a5f238e585c19c0690fe1aa4dbb9522	Photos/IMG_4145.JPG
d1bcecf40d9da1a6e230bb795369453f	Photos/IMG_4146.JPG
cae4561887bfb179e55192b579359aa8	Photos/IMG_4147.JPG
f2cf8d6b87f59abebde6be5a71b095eb	Photos/IMG_4148.JPG
584c1a06b098499d46c0566b406c533b	Photos/IMG_4149.JPG
349b5b2a3ec2c5d9814ffa7903716e1e	Photos/IMG_4150.JPG
4c0ee89e83caed277bf9f68da8bfae96	Photos/IMG_4151.JPG
dc9c95c14e163beca46f6e2714a3ba4e	Photos/IMG_4152.JPG
fc35ebf5805757be47e91c7668a3ef6c	Photos/IMG_4153.JPG
bcde2ff7da2189b624cf22bcf893170f	Photos/IMG_4154.JPG
318e6f07252361949843bdc308993d09	Photos/IMG_4155.JPG
5dc092c75f44a2b3c1aefbe150c9f217	Photos/IMG_4156.JPG
8cc13a624388957efb604a93a114a6e8	Photos/IMG_4157.JPG
3a0ba1fb8a9068112f3c64c7fbbcc5d7	Photos/IMG_4158.JPG
1dcc968f2dca71efcd4b7537d049354c	Photos/IMG_4159.JPG
2355a10de891049e67f41c2867d7a554	Photos/IMG_4160.JPG
5f8ba3b210488b9e9e848151fe20a8bb	Photos/IMG_4161.JPG
f3754989a746b952caa1be396405be29	Photos/IMG_4162.JPG
dbb8427710a6d301f0dcea249227ec61	Photos/IMG_4163.JPG
45ac05faf32817111eb652f47cfe5eec	Photos/IMG_4164.JPG
8c56fe60fda801c55de220b870cbc691	Photos/IMG_4165.JPG
d3b953f2007e76779d3526f25f5ceb0b	Photos/IMG_4166.JPG
74886c13ec4182e561ad170994dd459c	Photos/IMG_4167.JPG
25f0e650405a5a4e5ef012f89493299e	Photos/IMG_4168.JPG
c850d23fff07238029b30aa6cc8654f8	Photos/IMG_4169.JPG
c4dfd7ddd07db1aa9511fe86ccd59436	Photos/IMG_4170.JPG
428cc2d45aa1faaacbd9aa0f476763c4	Photos/IMG_4171.JPG
c89f5b15af4a4995d39371e74c3c8363	Photos/IMG_4172.JPG
04727ae855a1e0ffe06061280b8f0eeb	Photos/IMG_4173.JPG
4084fb65f03c33d712f888e96c6894c7	Photos/IMG_4174.JPG
6548986efdc2b514f25a286ecd83e77b	Photos/IMG_4175.JPG
00d5492cb0797e9cbec577e5ce16b74b	Photos/IMG_4176.JPG
098888dc1f45cb474132fd215b0e13de	Photos/IMG_4177.JPG
d2ca0797c584a2fc8d9660b39982fd12	Photos/IMG_4178.JPG
6cd8ea660c3f3da2fc254e1e3899ee1e	Photos/IMG_4179.JPG
1b364942fa7baa4bdfeac08171b6d965	Photos/IMG_4180.JPG
904a6c9297e7ddbd7ba210f75867e86a	Photos/IMG_4181.JPG
86e167e45bfbcc89831a469595c3ce1a	Photos/IMG_4182.JPG
e26b5b6291ee1922d4d32d7b2ac6897a	Photos/IMG_4183.JPG
0d502abc8ff67bf4e65fd93444242eb4	Photos/IMG_4184.JPG
74ad56be6dd5a22fee77a0b8d1d1fdf5	Photos/IMG_4185.JPG
f541a2907686e0050a4ad1d5217a6e65	Photos/IMG_4186.JPG
9d18195ec53c29fbb742e060c0d4f734	Photos/IMG_4187.JPG
4a22e85cbf92ccb8d0ba22ba2309d581	Photos/IMG_4188.JPG
d5f499692e0d6d8cf8b66898f84949db	Photos/IMG_4189.JPG
a13ee087ef29a9c48fe30033366958c4	Photos/IMG_4190.JPG
b27347ea42765db6074511bea9831464	Photos/IMG_4191.JPG
2e90f26eb6373a15fa89d7a11561cad8	Photos/IMG_4192.JPG
2c3f00e9208f31354b4040d0516ffcfd	Photos/IMG_4193.JPG
7be7e15c6ea18e48fbf1c4d630aadbdb	Photos/IMG_4194.JPG
baf76598d75659a9466f3102fe39b82f	Photos/IMG_4195.JPG
5e6aea034ae2b2fe8bf76a045d0159a3	Photos/IMG_4196.JPG
3f4ed3f3162964d96ce9d9b97bf6d7e6	Photos/IMG_4197.JPG
bfb3b2cf4be3c40788389936e142948a	Photos/IMG_4198.JPG
4fb425da27d2b8385c7c6ad68d694eb8	Photos/IMG_4199.JPG
e33e3d596a96bfb509be9ea605cd9997	Photos/IMG_4200.JPG
9e18317ab3996f10a2b2b127672e6305	Photos/IMG_4201.JPG
7562433d57429c9d02afd79ae987789d	Photos/IMG_4202.JPG
ccd0823eb49fffd3eefc9caeb0e48e83	Photos/IMG_4203.JPG
e3aa3801dbd10c2b95dfa7ed01f03c4d	Photos/IMG_4204.JPG
5b6e30f4f9c233cd8c6c8708a6f5b1a7	Photos/IMG_4205.JPG
f51c9b7d340c509e44e2a28cd2155ba8	Photos/IMG_4206.JPG
2e431229893605ff8a096fa13c49140a	Photos/IMG_4207.JPG
75e28779a8868304b7ff3e5cc15db60c	Photos/IMG_4208.JPG
c03f96adb0bf9e35b0004d5078be4047	Photos/IMG_4209.JPG
5f9f507f0a9dbe0603223295fa232684	Photos/IMG_4210.JPG
cacbeed28a1043b56bc365b6cd87f1cc	Photos/IMG_4211.JPG
150ea503ba7b61bb2609a122bac332c0	Photos/IMG_4212.JPG
21a6f08c3656f3b491691d28040e1c3c	Photos/IMG_4213.JPG
5910fe64e92dbdd648e2797ea8c3b3a5	Photos/IMG_4214.JPG
631145a876ae32823cca6f80735a484b	Photos/IMG_4215.JPG
6d661c7b14f2a90730e4fa46286c540a	Photos/IMG_4216.JPG
2190f11e89a1fd4120c6730f52ab3cee	Photos/IMG_4217.JPG
3977ea7a62b79fe53b47f891292f4fea	Photos/IMG_4218.JPG
331e5882a9c02a285d8b58ec9d8797ff	Photos/IMG_4219.JPG
1382f643d8f21d240c17edcce513153f	Photos/IMG_4220.JPG
4c93bc0e09a212806c0b19a88c5c425d	Photos/IMG_4221.JPG
6de9375510cad9fd0d1f0e6a239eeb7e	Photos/IMG_4222.JPG
4ca2dae9a2e4a31212f1d73902a49f8c	Photos/IMG_4223.JPG
c2aa4b20f0119b9dd9a0d346aa7a4d7d	Photos/IMG_4224.JPG
b4ebd10285087b354fac3e2ca4d7f9d9	Photos/IMG_4225.JPG
1df841a8b39a7f85d9ec25c03ae350b6	Photos/IMG_4226.JPG
1fef34a16d96815afa1b27f73f0dd3f7	Photos/IMG_4227.JPG
40563773cfcf5d1efc23aa1a1fbf41e5	Photos/IMG_4228.JPG
a89bfff98b82fb418419b01c1f1555c9	Photos/IMG_4229.JPG
39a88bdf6667f4c7c0831bfab5c92f2e	Photos/IMG_4230.JPG
73bcf9a3bc63915c5c303f5ddf3ae3bb	Photos/IMG_4231.JPG
85fee937b7291b5c03f684f5e15a35ba	Photos/IMG_4232.JPG
c6795bad0d4277d1636f6277adfe73ab	Photos/IMG_4233.JPG
dfecfa31e1c64d392aa0fda9d4a51a98	Photos/IMG_4234.JPG
f3ce93f06a564996bc55a2b11e1c7e56	Photos/IMG_4235.JPG
62bc9aeeabb677080514114259b3c583	Photos/IMG_4236.JPG
bab867492467aec7da9d1b553553f74f	Photos/IMG_4237.JPG
c1fdac7ed431743540a9e9f2f2178883	Photos/IMG_4238.JPG
c95f7a72f339b1ad46cb79b70303436b	Photos/IMG_4239.JPG
893c6cdcfcb5f0f221885e1968dd403f	Photos/IMG_4240.JPG
338fe48422be8d22f988c8c5c0f7d8e5	Photos/IMG_4241.JPG
202ca20d98beae39fca268a2d8e19cd5	Photos/IMG_4242.JPG
351b1654a73c012ef755d91f5ced2dfb	Photos/IMG_4243.JPG
a7087414577cc214ffa6e5998cd129ce	Photos/IMG_4244.JPG
8de341dbbd99dcf84a86905f7472e746	Photos/IMG_4245.JPG
a352521b8477d38aacdf8d070c6a147b	Photos/IMG_4246.JPG
cfd29cc4b8e8326c3ec668e62a750d76	Photos/IMG_4247.JPG
7017ead338f72cd93e4ba5b824b05ffd	Photos/IMG_4248.JPG
727451fa41b256f9043738b45f536eab	Photos/IMG_4249.JPG
829eeeb9aa3534096516dc4805835815	symbols #&() []/clip #1 & take (final).wav
99aa06d3014798d86001c324468d497f	zero-byte.bin
